group,identifier,image_path,border_centre_ratio
ava_test,324403,/home/tempuser1/aesthetics/data/images/324403.jpg,0.6250711679458618
ava_test,408345,/home/tempuser1/aesthetics/data/images/408345.jpg,1.3274056911468506
ava_test,355896,/home/tempuser1/aesthetics/data/images/355896.jpg,0.4976050555706024
ava_test,457893,/home/tempuser1/aesthetics/data/images/457893.jpg,0.1461399346590042
ava_test,82184,/home/tempuser1/aesthetics/data/images/82184.jpg,0.6556920409202576
ava_test,676339,/home/tempuser1/aesthetics/data/images/676339.jpg,0.4721878468990326
ava_test,669526,/home/tempuser1/aesthetics/data/images/669526.jpg,0.3351483643054962
ava_test,322489,/home/tempuser1/aesthetics/data/images/322489.jpg,1.299053430557251
ava_test,367789,/home/tempuser1/aesthetics/data/images/367789.jpg,2.760810613632202
ava_test,517765,/home/tempuser1/aesthetics/data/images/517765.jpg,0.483175665140152
ava_test,530818,/home/tempuser1/aesthetics/data/images/530818.jpg,0.0979517474770546
ava_test,9363,/home/tempuser1/aesthetics/data/images/9363.jpg,0.23350466787815094
ava_test,39160,/home/tempuser1/aesthetics/data/images/39160.jpg,0.2159423679113388
ava_test,624875,/home/tempuser1/aesthetics/data/images/624875.jpg,0.2612217962741852
ava_test,581707,/home/tempuser1/aesthetics/data/images/581707.jpg,0.3653091788291931
ava_test,150363,/home/tempuser1/aesthetics/data/images/150363.jpg,0.058389998972415924
ava_test,696959,/home/tempuser1/aesthetics/data/images/696959.jpg,0.19728893041610718
ava_test,427599,/home/tempuser1/aesthetics/data/images/427599.jpg,0.1826980859041214
ava_test,349239,/home/tempuser1/aesthetics/data/images/349239.jpg,0.3223494589328766
ava_test,362367,/home/tempuser1/aesthetics/data/images/362367.jpg,0.511448323726654
ava_test,121289,/home/tempuser1/aesthetics/data/images/121289.jpg,0.571483850479126
ava_test,387944,/home/tempuser1/aesthetics/data/images/387944.jpg,1.9484342336654663
ava_test,619791,/home/tempuser1/aesthetics/data/images/619791.jpg,0.6944165229797363
ava_test,840304,/home/tempuser1/aesthetics/data/images/840304.jpg,0.16278593242168427
ava_test,228196,/home/tempuser1/aesthetics/data/images/228196.jpg,0.7663756608963013
ava_test,422979,/home/tempuser1/aesthetics/data/images/422979.jpg,0.33385202288627625
ava_test,298732,/home/tempuser1/aesthetics/data/images/298732.jpg,0.7400228381156921
ava_test,391166,/home/tempuser1/aesthetics/data/images/391166.jpg,0.3035992681980133
ava_test,624747,/home/tempuser1/aesthetics/data/images/624747.jpg,0.35313624143600464
ava_test,399886,/home/tempuser1/aesthetics/data/images/399886.jpg,0.0
ava_test,289210,/home/tempuser1/aesthetics/data/images/289210.jpg,0.4284934401512146
ava_test,192868,/home/tempuser1/aesthetics/data/images/192868.jpg,0.2057158499956131
ava_test,437879,/home/tempuser1/aesthetics/data/images/437879.jpg,0.5198572278022766
ava_test,146425,/home/tempuser1/aesthetics/data/images/146425.jpg,0.18204447627067566
ava_test,449667,/home/tempuser1/aesthetics/data/images/449667.jpg,0.1923474669456482
ava_test,880260,/home/tempuser1/aesthetics/data/images/880260.jpg,0.19923017919063568
ava_test,8886,/home/tempuser1/aesthetics/data/images/8886.jpg,0.6180697679519653
ava_test,456019,/home/tempuser1/aesthetics/data/images/456019.jpg,0.203370600938797
ava_test,537827,/home/tempuser1/aesthetics/data/images/537827.jpg,0.34118568897247314
ava_test,436012,/home/tempuser1/aesthetics/data/images/436012.jpg,0.29914048314094543
ava_test,38754,/home/tempuser1/aesthetics/data/images/38754.jpg,1.0550166368484497
ava_test,678474,/home/tempuser1/aesthetics/data/images/678474.jpg,0.5318077206611633
ava_test,52839,/home/tempuser1/aesthetics/data/images/52839.jpg,0.39813029766082764
ava_test,452474,/home/tempuser1/aesthetics/data/images/452474.jpg,0.6237462759017944
ava_test,725291,/home/tempuser1/aesthetics/data/images/725291.jpg,0.33182504773139954
ava_test,795084,/home/tempuser1/aesthetics/data/images/795084.jpg,0.1658581644296646
ava_test,642634,/home/tempuser1/aesthetics/data/images/642634.jpg,0.15054874122142792
ava_test,172880,/home/tempuser1/aesthetics/data/images/172880.jpg,0.0838949903845787
ava_test,538709,/home/tempuser1/aesthetics/data/images/538709.jpg,0.5525184869766235
ava_test,720200,/home/tempuser1/aesthetics/data/images/720200.jpg,0.133221834897995
ava_test,824540,/home/tempuser1/aesthetics/data/images/824540.jpg,0.30409568548202515
ava_test,283301,/home/tempuser1/aesthetics/data/images/283301.jpg,0.09767831116914749
ava_test,558903,/home/tempuser1/aesthetics/data/images/558903.jpg,0.3845331370830536
ava_test,86561,/home/tempuser1/aesthetics/data/images/86561.jpg,0.528941810131073
ava_test,857060,/home/tempuser1/aesthetics/data/images/857060.jpg,1.1031854152679443
ava_test,933736,/home/tempuser1/aesthetics/data/images/933736.jpg,0.867656409740448
ava_test,254027,/home/tempuser1/aesthetics/data/images/254027.jpg,0.2733829617500305
ava_test,864780,/home/tempuser1/aesthetics/data/images/864780.jpg,0.3656810522079468
ava_test,496980,/home/tempuser1/aesthetics/data/images/496980.jpg,0.38933390378952026
ava_test,13482,/home/tempuser1/aesthetics/data/images/13482.jpg,0.05301641300320625
ava_test,228683,/home/tempuser1/aesthetics/data/images/228683.jpg,1.112673282623291
ava_test,489538,/home/tempuser1/aesthetics/data/images/489538.jpg,0.06434126943349838
ava_test,490550,/home/tempuser1/aesthetics/data/images/490550.jpg,0.35308411717414856
ava_test,11211,/home/tempuser1/aesthetics/data/images/11211.jpg,0.5128305554389954
ava_test,616901,/home/tempuser1/aesthetics/data/images/616901.jpg,1.3609187602996826
ava_test,248309,/home/tempuser1/aesthetics/data/images/248309.jpg,1.3438968658447266
ava_test,19943,/home/tempuser1/aesthetics/data/images/19943.jpg,1.2608760595321655
ava_test,488100,/home/tempuser1/aesthetics/data/images/488100.jpg,0.5443203449249268
ava_test,506185,/home/tempuser1/aesthetics/data/images/506185.jpg,0.19338887929916382
ava_test,116004,/home/tempuser1/aesthetics/data/images/116004.jpg,0.3062322735786438
ava_test,742085,/home/tempuser1/aesthetics/data/images/742085.jpg,0.4340830147266388
ava_test,449761,/home/tempuser1/aesthetics/data/images/449761.jpg,0.09135191887617111
ava_test,151370,/home/tempuser1/aesthetics/data/images/151370.jpg,0.23210358619689941
ava_test,67154,/home/tempuser1/aesthetics/data/images/67154.jpg,0.05394728109240532
ava_test,221430,/home/tempuser1/aesthetics/data/images/221430.jpg,0.7390572428703308
ava_test,146420,/home/tempuser1/aesthetics/data/images/146420.jpg,0.3021836578845978
ava_test,566885,/home/tempuser1/aesthetics/data/images/566885.jpg,0.72768235206604
ava_test,596901,/home/tempuser1/aesthetics/data/images/596901.jpg,0.15318870544433594
ava_test,131285,/home/tempuser1/aesthetics/data/images/131285.jpg,0.2015100121498108
ava_test,297355,/home/tempuser1/aesthetics/data/images/297355.jpg,0.1012829914689064
ava_test,171809,/home/tempuser1/aesthetics/data/images/171809.jpg,0.37727853655815125
ava_test,606603,/home/tempuser1/aesthetics/data/images/606603.jpg,0.5576770901679993
ava_test,953180,/home/tempuser1/aesthetics/data/images/953180.jpg,0.7777590751647949
ava_test,74138,/home/tempuser1/aesthetics/data/images/74138.jpg,0.33897385001182556
ava_test,924452,/home/tempuser1/aesthetics/data/images/924452.jpg,0.7401732802391052
ava_test,414177,/home/tempuser1/aesthetics/data/images/414177.jpg,1.536648154258728
ava_test,14905,/home/tempuser1/aesthetics/data/images/14905.jpg,0.8609644174575806
ava_test,276708,/home/tempuser1/aesthetics/data/images/276708.jpg,0.14999161660671234
ava_test,524030,/home/tempuser1/aesthetics/data/images/524030.jpg,0.5729069113731384
ava_test,84025,/home/tempuser1/aesthetics/data/images/84025.jpg,0.7941571474075317
ava_test,456445,/home/tempuser1/aesthetics/data/images/456445.jpg,0.5982037782669067
ava_test,209466,/home/tempuser1/aesthetics/data/images/209466.jpg,0.2819640636444092
ava_test,209052,/home/tempuser1/aesthetics/data/images/209052.jpg,0.38148921728134155
ava_test,249676,/home/tempuser1/aesthetics/data/images/249676.jpg,0.21963222324848175
ava_test,878470,/home/tempuser1/aesthetics/data/images/878470.jpg,0.6993495225906372
ava_test,505953,/home/tempuser1/aesthetics/data/images/505953.jpg,0.7478223443031311
ava_test,512353,/home/tempuser1/aesthetics/data/images/512353.jpg,0.10846732556819916
ava_test,647992,/home/tempuser1/aesthetics/data/images/647992.jpg,0.8876490592956543
ava_test,275752,/home/tempuser1/aesthetics/data/images/275752.jpg,0.9313086867332458
ava_test,711881,/home/tempuser1/aesthetics/data/images/711881.jpg,0.3424437642097473
ava_test,916246,/home/tempuser1/aesthetics/data/images/916246.jpg,0.33802667260169983
ava_test,874286,/home/tempuser1/aesthetics/data/images/874286.jpg,0.0
ava_test,150966,/home/tempuser1/aesthetics/data/images/150966.jpg,1.2448995113372803
ava_test,95536,/home/tempuser1/aesthetics/data/images/95536.jpg,0.5107563734054565
ava_test,268057,/home/tempuser1/aesthetics/data/images/268057.jpg,0.8616056442260742
ava_test,500918,/home/tempuser1/aesthetics/data/images/500918.jpg,0.5698602199554443
ava_test,621731,/home/tempuser1/aesthetics/data/images/621731.jpg,0.3069268763065338
ava_test,866449,/home/tempuser1/aesthetics/data/images/866449.jpg,0.5046392679214478
ava_test,84636,/home/tempuser1/aesthetics/data/images/84636.jpg,0.04882550612092018
ava_test,795658,/home/tempuser1/aesthetics/data/images/795658.jpg,0.47106432914733887
ava_test,661192,/home/tempuser1/aesthetics/data/images/661192.jpg,0.868918240070343
ava_test,220298,/home/tempuser1/aesthetics/data/images/220298.jpg,0.1692534238100052
ava_test,101289,/home/tempuser1/aesthetics/data/images/101289.jpg,0.6305417418479919
ava_test,463637,/home/tempuser1/aesthetics/data/images/463637.jpg,0.1836274266242981
ava_test,717660,/home/tempuser1/aesthetics/data/images/717660.jpg,0.4441862106323242
ava_test,739163,/home/tempuser1/aesthetics/data/images/739163.jpg,0.07208593934774399
ava_test,847914,/home/tempuser1/aesthetics/data/images/847914.jpg,0.1291848123073578
ava_test,775255,/home/tempuser1/aesthetics/data/images/775255.jpg,0.1892865002155304
ava_test,910738,/home/tempuser1/aesthetics/data/images/910738.jpg,0.16507376730442047
ava_test,495290,/home/tempuser1/aesthetics/data/images/495290.jpg,0.14807356894016266
ava_test,7442,/home/tempuser1/aesthetics/data/images/7442.jpg,0.21587394177913666
ava_test,500840,/home/tempuser1/aesthetics/data/images/500840.jpg,0.41584286093711853
ava_test,695242,/home/tempuser1/aesthetics/data/images/695242.jpg,0.0562267005443573
ava_test,289672,/home/tempuser1/aesthetics/data/images/289672.jpg,0.36215004324913025
ava_test,24639,/home/tempuser1/aesthetics/data/images/24639.jpg,0.4874075949192047
ava_test,256613,/home/tempuser1/aesthetics/data/images/256613.jpg,0.4913243353366852
ava_test,195116,/home/tempuser1/aesthetics/data/images/195116.jpg,0.101680226624012
ava_test,801855,/home/tempuser1/aesthetics/data/images/801855.jpg,0.4455925524234772
ava_test,460796,/home/tempuser1/aesthetics/data/images/460796.jpg,0.08118053525686264
ava_test,5942,/home/tempuser1/aesthetics/data/images/5942.jpg,0.0
ava_test,607063,/home/tempuser1/aesthetics/data/images/607063.jpg,0.1431119590997696
ava_test,593657,/home/tempuser1/aesthetics/data/images/593657.jpg,0.37216511368751526
ava_test,123063,/home/tempuser1/aesthetics/data/images/123063.jpg,0.3536785840988159
ava_test,786285,/home/tempuser1/aesthetics/data/images/786285.jpg,0.04551755636930466
ava_test,921524,/home/tempuser1/aesthetics/data/images/921524.jpg,0.6134402751922607
ava_test,405516,/home/tempuser1/aesthetics/data/images/405516.jpg,0.4278809726238251
ava_test,144521,/home/tempuser1/aesthetics/data/images/144521.jpg,0.49076470732688904
ava_test,624340,/home/tempuser1/aesthetics/data/images/624340.jpg,0.13850592076778412
ava_test,21320,/home/tempuser1/aesthetics/data/images/21320.jpg,0.5366194248199463
ava_test,739206,/home/tempuser1/aesthetics/data/images/739206.jpg,0.05871261656284332
ava_test,125119,/home/tempuser1/aesthetics/data/images/125119.jpg,0.007573726586997509
ava_test,763123,/home/tempuser1/aesthetics/data/images/763123.jpg,0.15779417753219604
ava_test,277169,/home/tempuser1/aesthetics/data/images/277169.jpg,0.36756137013435364
ava_test,209205,/home/tempuser1/aesthetics/data/images/209205.jpg,0.25585514307022095
ava_test,2526,/home/tempuser1/aesthetics/data/images/2526.jpg,0.5267543196678162
ava_test,3343,/home/tempuser1/aesthetics/data/images/3343.jpg,0.023950926959514618
ava_test,81902,/home/tempuser1/aesthetics/data/images/81902.jpg,0.41222313046455383
ava_test,910289,/home/tempuser1/aesthetics/data/images/910289.jpg,0.7618626952171326
ava_test,607713,/home/tempuser1/aesthetics/data/images/607713.jpg,0.21498911082744598
ava_test,272371,/home/tempuser1/aesthetics/data/images/272371.jpg,0.7845010757446289
ava_test,296778,/home/tempuser1/aesthetics/data/images/296778.jpg,0.12679356336593628
ava_test,581566,/home/tempuser1/aesthetics/data/images/581566.jpg,0.18393443524837494
ava_test,380499,/home/tempuser1/aesthetics/data/images/380499.jpg,0.16109678149223328
ava_test,502171,/home/tempuser1/aesthetics/data/images/502171.jpg,0.6310862898826599
ava_test,592183,/home/tempuser1/aesthetics/data/images/592183.jpg,0.6888555884361267
ava_test,566529,/home/tempuser1/aesthetics/data/images/566529.jpg,0.8233156800270081
ava_test,230541,/home/tempuser1/aesthetics/data/images/230541.jpg,0.10465738922357559
ava_test,803429,/home/tempuser1/aesthetics/data/images/803429.jpg,0.4702744483947754
ava_test,549,/home/tempuser1/aesthetics/data/images/549.jpg,0.07401251792907715
ava_test,297283,/home/tempuser1/aesthetics/data/images/297283.jpg,0.7582511901855469
ava_test,275767,/home/tempuser1/aesthetics/data/images/275767.jpg,0.4857281446456909
ava_test,957614,/home/tempuser1/aesthetics/data/images/957614.jpg,0.14957520365715027
ava_test,426762,/home/tempuser1/aesthetics/data/images/426762.jpg,0.3325260281562805
ava_test,299029,/home/tempuser1/aesthetics/data/images/299029.jpg,0.18398115038871765
ava_test,270332,/home/tempuser1/aesthetics/data/images/270332.jpg,0.04408040642738342
ava_test,373531,/home/tempuser1/aesthetics/data/images/373531.jpg,0.8470252156257629
ava_test,690518,/home/tempuser1/aesthetics/data/images/690518.jpg,0.5046833157539368
ava_test,591736,/home/tempuser1/aesthetics/data/images/591736.jpg,0.29909762740135193
ava_test,288475,/home/tempuser1/aesthetics/data/images/288475.jpg,3.9529120922088623
ava_test,612416,/home/tempuser1/aesthetics/data/images/612416.jpg,1.2896976470947266
ava_test,380556,/home/tempuser1/aesthetics/data/images/380556.jpg,0.6131249070167542
ava_test,41958,/home/tempuser1/aesthetics/data/images/41958.jpg,0.16189084947109222
ava_test,413092,/home/tempuser1/aesthetics/data/images/413092.jpg,0.5018333792686462
ava_test,906771,/home/tempuser1/aesthetics/data/images/906771.jpg,0.22714367508888245
ava_test,14852,/home/tempuser1/aesthetics/data/images/14852.jpg,0.39894112944602966
ava_test,41263,/home/tempuser1/aesthetics/data/images/41263.jpg,0.9351874589920044
ava_test,248823,/home/tempuser1/aesthetics/data/images/248823.jpg,0.36204594373703003
ava_test,458647,/home/tempuser1/aesthetics/data/images/458647.jpg,1.3025935888290405
ava_test,624828,/home/tempuser1/aesthetics/data/images/624828.jpg,0.3944680094718933
ava_test,497256,/home/tempuser1/aesthetics/data/images/497256.jpg,0.4972778260707855
ava_test,65923,/home/tempuser1/aesthetics/data/images/65923.jpg,0.09592430293560028
ava_test,824669,/home/tempuser1/aesthetics/data/images/824669.jpg,0.47245633602142334
ava_test,674176,/home/tempuser1/aesthetics/data/images/674176.jpg,0.4641852378845215
ava_test,519727,/home/tempuser1/aesthetics/data/images/519727.jpg,0.21147000789642334
ava_test,840531,/home/tempuser1/aesthetics/data/images/840531.jpg,0.8852012753486633
ava_test,36202,/home/tempuser1/aesthetics/data/images/36202.jpg,0.3714753985404968
ava_test,808949,/home/tempuser1/aesthetics/data/images/808949.jpg,0.6375939249992371
ava_test,800995,/home/tempuser1/aesthetics/data/images/800995.jpg,0.1881449818611145
ava_test,430337,/home/tempuser1/aesthetics/data/images/430337.jpg,0.2516035735607147
ava_test,905273,/home/tempuser1/aesthetics/data/images/905273.jpg,0.37513479590415955
ava_test,226777,/home/tempuser1/aesthetics/data/images/226777.jpg,1.16914701461792
ava_test,18156,/home/tempuser1/aesthetics/data/images/18156.jpg,0.6132706999778748
ava_test,398523,/home/tempuser1/aesthetics/data/images/398523.jpg,1.662737250328064
ava_test,651711,/home/tempuser1/aesthetics/data/images/651711.jpg,0.7716854214668274
ava_test,878313,/home/tempuser1/aesthetics/data/images/878313.jpg,0.8262888193130493
ava_test,612573,/home/tempuser1/aesthetics/data/images/612573.jpg,0.18848255276679993
ava_test,543331,/home/tempuser1/aesthetics/data/images/543331.jpg,0.03162013739347458
ava_test,82723,/home/tempuser1/aesthetics/data/images/82723.jpg,0.25833970308303833
ava_test,139992,/home/tempuser1/aesthetics/data/images/139992.jpg,0.7652895450592041
ava_test,603787,/home/tempuser1/aesthetics/data/images/603787.jpg,0.03273073956370354
ava_test,338256,/home/tempuser1/aesthetics/data/images/338256.jpg,0.4349066913127899
ava_test,696581,/home/tempuser1/aesthetics/data/images/696581.jpg,0.14154240489006042
ava_test,673737,/home/tempuser1/aesthetics/data/images/673737.jpg,0.4889044761657715
ava_test,771029,/home/tempuser1/aesthetics/data/images/771029.jpg,0.015140884555876255
ava_test,560905,/home/tempuser1/aesthetics/data/images/560905.jpg,0.13292796909809113
ava_test,308906,/home/tempuser1/aesthetics/data/images/308906.jpg,0.06355825811624527
ava_test,50879,/home/tempuser1/aesthetics/data/images/50879.jpg,0.689530611038208
ava_test,121129,/home/tempuser1/aesthetics/data/images/121129.jpg,0.23916178941726685
ava_test,511358,/home/tempuser1/aesthetics/data/images/511358.jpg,0.157832533121109
ava_test,411870,/home/tempuser1/aesthetics/data/images/411870.jpg,0.191710963845253
ava_test,924219,/home/tempuser1/aesthetics/data/images/924219.jpg,0.2731137275695801
ava_test,431788,/home/tempuser1/aesthetics/data/images/431788.jpg,0.4919394552707672
ava_test,354598,/home/tempuser1/aesthetics/data/images/354598.jpg,0.2747044861316681
ava_test,721062,/home/tempuser1/aesthetics/data/images/721062.jpg,0.5058717727661133
ava_test,34364,/home/tempuser1/aesthetics/data/images/34364.jpg,0.5023261904716492
ava_test,824903,/home/tempuser1/aesthetics/data/images/824903.jpg,0.14097268879413605
ava_test,41859,/home/tempuser1/aesthetics/data/images/41859.jpg,0.11692851781845093
ava_test,655340,/home/tempuser1/aesthetics/data/images/655340.jpg,1.017527461051941
ava_test,642837,/home/tempuser1/aesthetics/data/images/642837.jpg,0.5625114440917969
ava_test,778657,/home/tempuser1/aesthetics/data/images/778657.jpg,0.4237619638442993
ava_test,892718,/home/tempuser1/aesthetics/data/images/892718.jpg,0.03280207887291908
ava_test,12883,/home/tempuser1/aesthetics/data/images/12883.jpg,0.4610096514225006
ava_test,33759,/home/tempuser1/aesthetics/data/images/33759.jpg,0.9540072679519653
ava_test,940136,/home/tempuser1/aesthetics/data/images/940136.jpg,0.3331519365310669
ava_test,159700,/home/tempuser1/aesthetics/data/images/159700.jpg,0.47056329250335693
ava_test,647213,/home/tempuser1/aesthetics/data/images/647213.jpg,0.365757018327713
ava_test,209811,/home/tempuser1/aesthetics/data/images/209811.jpg,0.705926239490509
ava_test,86847,/home/tempuser1/aesthetics/data/images/86847.jpg,0.48447543382644653
ava_test,733794,/home/tempuser1/aesthetics/data/images/733794.jpg,0.15991543233394623
ava_test,524371,/home/tempuser1/aesthetics/data/images/524371.jpg,0.6511325240135193
ava_test,41842,/home/tempuser1/aesthetics/data/images/41842.jpg,0.8150798082351685
ava_test,874860,/home/tempuser1/aesthetics/data/images/874860.jpg,0.35906028747558594
ava_test,657304,/home/tempuser1/aesthetics/data/images/657304.jpg,0.1523386389017105
ava_test,326460,/home/tempuser1/aesthetics/data/images/326460.jpg,0.19459125399589539
ava_test,900049,/home/tempuser1/aesthetics/data/images/900049.jpg,0.29783380031585693
ava_test,833973,/home/tempuser1/aesthetics/data/images/833973.jpg,0.0578438863158226
ava_test,720255,/home/tempuser1/aesthetics/data/images/720255.jpg,1.4026329517364502
ava_test,20371,/home/tempuser1/aesthetics/data/images/20371.jpg,1.1732940673828125
ava_test,772011,/home/tempuser1/aesthetics/data/images/772011.jpg,0.3495026230812073
ava_test,652882,/home/tempuser1/aesthetics/data/images/652882.jpg,0.0
ava_test,270496,/home/tempuser1/aesthetics/data/images/270496.jpg,0.5217010378837585
ava_test,571296,/home/tempuser1/aesthetics/data/images/571296.jpg,0.5554636716842651
ava_test,701925,/home/tempuser1/aesthetics/data/images/701925.jpg,1.2612264156341553
ava_test,417900,/home/tempuser1/aesthetics/data/images/417900.jpg,0.6178457736968994
ava_test,240304,/home/tempuser1/aesthetics/data/images/240304.jpg,0.9822764992713928
ava_test,865452,/home/tempuser1/aesthetics/data/images/865452.jpg,0.31313687562942505
ava_test,395793,/home/tempuser1/aesthetics/data/images/395793.jpg,0.0933932289481163
ava_test,327357,/home/tempuser1/aesthetics/data/images/327357.jpg,0.929474413394928
ava_test,321273,/home/tempuser1/aesthetics/data/images/321273.jpg,0.16618521511554718
ava_test,606137,/home/tempuser1/aesthetics/data/images/606137.jpg,0.23217302560806274
ava_test,64452,/home/tempuser1/aesthetics/data/images/64452.jpg,0.38617047667503357
ava_test,605734,/home/tempuser1/aesthetics/data/images/605734.jpg,0.2145816832780838
ava_test,381233,/home/tempuser1/aesthetics/data/images/381233.jpg,0.40147703886032104
ava_test,646178,/home/tempuser1/aesthetics/data/images/646178.jpg,0.14648348093032837
ava_test,758974,/home/tempuser1/aesthetics/data/images/758974.jpg,0.07473812997341156
ava_test,588000,/home/tempuser1/aesthetics/data/images/588000.jpg,0.33551540970802307
ava_test,76582,/home/tempuser1/aesthetics/data/images/76582.jpg,0.7731420993804932
ava_test,925201,/home/tempuser1/aesthetics/data/images/925201.jpg,1.1553415060043335
ava_test,692559,/home/tempuser1/aesthetics/data/images/692559.jpg,0.6316664814949036
ava_test,730495,/home/tempuser1/aesthetics/data/images/730495.jpg,1.9170101881027222
ava_test,697021,/home/tempuser1/aesthetics/data/images/697021.jpg,0.7306699752807617
ava_test,767530,/home/tempuser1/aesthetics/data/images/767530.jpg,0.49879512190818787
ava_test,609931,/home/tempuser1/aesthetics/data/images/609931.jpg,0.5215223431587219
ava_test,303978,/home/tempuser1/aesthetics/data/images/303978.jpg,0.33259791135787964
ava_test,83311,/home/tempuser1/aesthetics/data/images/83311.jpg,0.24856208264827728
ava_test,251319,/home/tempuser1/aesthetics/data/images/251319.jpg,0.22778089344501495
ava_test,255491,/home/tempuser1/aesthetics/data/images/255491.jpg,9.74064826965332
ava_test,6160,/home/tempuser1/aesthetics/data/images/6160.jpg,0.48441362380981445
ava_test,718927,/home/tempuser1/aesthetics/data/images/718927.jpg,0.8504642248153687
ava_test,739497,/home/tempuser1/aesthetics/data/images/739497.jpg,0.6164154410362244
ava_test,230847,/home/tempuser1/aesthetics/data/images/230847.jpg,0.04800548031926155
ava_test,405846,/home/tempuser1/aesthetics/data/images/405846.jpg,0.536770224571228
ava_test,619910,/home/tempuser1/aesthetics/data/images/619910.jpg,0.3648340106010437
ava_test,901187,/home/tempuser1/aesthetics/data/images/901187.jpg,0.35832497477531433
ava_test,86135,/home/tempuser1/aesthetics/data/images/86135.jpg,0.36351531744003296
ava_test,395407,/home/tempuser1/aesthetics/data/images/395407.jpg,1.4960496425628662
ava_test,634208,/home/tempuser1/aesthetics/data/images/634208.jpg,0.42617297172546387
ava_test,427155,/home/tempuser1/aesthetics/data/images/427155.jpg,1.0929478406906128
ava_test,190304,/home/tempuser1/aesthetics/data/images/190304.jpg,0.4269869327545166
ava_test,234443,/home/tempuser1/aesthetics/data/images/234443.jpg,2.8572983741760254
ava_test,458455,/home/tempuser1/aesthetics/data/images/458455.jpg,0.09169939905405045
ava_test,247588,/home/tempuser1/aesthetics/data/images/247588.jpg,3.1229941844940186
ava_test,85762,/home/tempuser1/aesthetics/data/images/85762.jpg,1.4723494052886963
ava_test,772265,/home/tempuser1/aesthetics/data/images/772265.jpg,0.11899591237306595
ava_test,19621,/home/tempuser1/aesthetics/data/images/19621.jpg,1.0641148090362549
ava_test,624977,/home/tempuser1/aesthetics/data/images/624977.jpg,0.6610426306724548
ava_test,785469,/home/tempuser1/aesthetics/data/images/785469.jpg,0.47297748923301697
ava_test,861523,/home/tempuser1/aesthetics/data/images/861523.jpg,0.20966778695583344
ava_test,556922,/home/tempuser1/aesthetics/data/images/556922.jpg,0.32475513219833374
ava_test,882936,/home/tempuser1/aesthetics/data/images/882936.jpg,0.04202195629477501
ava_test,60876,/home/tempuser1/aesthetics/data/images/60876.jpg,0.10269415378570557
ava_test,493643,/home/tempuser1/aesthetics/data/images/493643.jpg,0.7193841934204102
ava_test,765977,/home/tempuser1/aesthetics/data/images/765977.jpg,1.195649266242981
ava_test,710114,/home/tempuser1/aesthetics/data/images/710114.jpg,0.0501822829246521
ava_test,466480,/home/tempuser1/aesthetics/data/images/466480.jpg,0.6900823712348938
ava_test,373715,/home/tempuser1/aesthetics/data/images/373715.jpg,0.6350237727165222
ava_test,83866,/home/tempuser1/aesthetics/data/images/83866.jpg,0.3353745937347412
ava_test,271287,/home/tempuser1/aesthetics/data/images/271287.jpg,0.9383008480072021
ava_test,27707,/home/tempuser1/aesthetics/data/images/27707.jpg,0.021135617047548294
ava_test,850733,/home/tempuser1/aesthetics/data/images/850733.jpg,0.2924686372280121
ava_test,259530,/home/tempuser1/aesthetics/data/images/259530.jpg,0.1705676168203354
ava_test,448604,/home/tempuser1/aesthetics/data/images/448604.jpg,0.2944236993789673
ava_test,832615,/home/tempuser1/aesthetics/data/images/832615.jpg,1.3633575439453125
ava_test,93986,/home/tempuser1/aesthetics/data/images/93986.jpg,0.9456346035003662
ava_test,124663,/home/tempuser1/aesthetics/data/images/124663.jpg,0.2100101113319397
ava_test,112323,/home/tempuser1/aesthetics/data/images/112323.jpg,0.30399593710899353
ava_test,541827,/home/tempuser1/aesthetics/data/images/541827.jpg,0.6108036041259766
ava_test,287280,/home/tempuser1/aesthetics/data/images/287280.jpg,0.41973376274108887
ava_test,430354,/home/tempuser1/aesthetics/data/images/430354.jpg,2.1215837001800537
ava_test,197253,/home/tempuser1/aesthetics/data/images/197253.jpg,0.5395874381065369
ava_test,835829,/home/tempuser1/aesthetics/data/images/835829.jpg,0.10240286588668823
ava_test,337392,/home/tempuser1/aesthetics/data/images/337392.jpg,0.9007608890533447
ava_test,1037,/home/tempuser1/aesthetics/data/images/1037.jpg,0.11357097327709198
ava_test,786589,/home/tempuser1/aesthetics/data/images/786589.jpg,0.6298587322235107
ava_test,97408,/home/tempuser1/aesthetics/data/images/97408.jpg,0.10262055695056915
ava_test,387867,/home/tempuser1/aesthetics/data/images/387867.jpg,0.643778383731842
ava_test,225,/home/tempuser1/aesthetics/data/images/225.jpg,0.44905179738998413
ava_test,480203,/home/tempuser1/aesthetics/data/images/480203.jpg,0.36058491468429565
ava_test,562909,/home/tempuser1/aesthetics/data/images/562909.jpg,0.1580854207277298
ava_test,354294,/home/tempuser1/aesthetics/data/images/354294.jpg,0.6587076783180237
ava_test,937675,/home/tempuser1/aesthetics/data/images/937675.jpg,0.07475049793720245
ava_test,130740,/home/tempuser1/aesthetics/data/images/130740.jpg,0.7327815294265747
ava_test,282861,/home/tempuser1/aesthetics/data/images/282861.jpg,0.7584785223007202
ava_test,23651,/home/tempuser1/aesthetics/data/images/23651.jpg,1.029751181602478
ava_test,861044,/home/tempuser1/aesthetics/data/images/861044.jpg,0.1657245010137558
ava_test,600421,/home/tempuser1/aesthetics/data/images/600421.jpg,0.11722110956907272
ava_test,618946,/home/tempuser1/aesthetics/data/images/618946.jpg,0.3925876319408417
ava_test,919116,/home/tempuser1/aesthetics/data/images/919116.jpg,0.806194007396698
ava_test,372060,/home/tempuser1/aesthetics/data/images/372060.jpg,1.1299513578414917
ava_test,714229,/home/tempuser1/aesthetics/data/images/714229.jpg,0.23801301419734955
ava_test,585351,/home/tempuser1/aesthetics/data/images/585351.jpg,0.868172287940979
ava_test,15148,/home/tempuser1/aesthetics/data/images/15148.jpg,0.9786183834075928
ava_test,54758,/home/tempuser1/aesthetics/data/images/54758.jpg,0.23375144600868225
ava_test,429609,/home/tempuser1/aesthetics/data/images/429609.jpg,0.8451107144355774
ava_test,115482,/home/tempuser1/aesthetics/data/images/115482.jpg,0.35385942459106445
ava_test,232047,/home/tempuser1/aesthetics/data/images/232047.jpg,0.0
ava_test,676133,/home/tempuser1/aesthetics/data/images/676133.jpg,0.1358872652053833
ava_test,943035,/home/tempuser1/aesthetics/data/images/943035.jpg,0.1063113808631897
ava_test,797430,/home/tempuser1/aesthetics/data/images/797430.jpg,0.04021796956658363
ava_test,390430,/home/tempuser1/aesthetics/data/images/390430.jpg,0.6083952188491821
ava_test,330163,/home/tempuser1/aesthetics/data/images/330163.jpg,0.5853044986724854
ava_test,359312,/home/tempuser1/aesthetics/data/images/359312.jpg,0.5428805351257324
ava_test,941726,/home/tempuser1/aesthetics/data/images/941726.jpg,0.20007985830307007
ava_test,220843,/home/tempuser1/aesthetics/data/images/220843.jpg,0.12682516872882843
ava_test,4562,/home/tempuser1/aesthetics/data/images/4562.jpg,0.3217613995075226
ava_test,606677,/home/tempuser1/aesthetics/data/images/606677.jpg,0.5746861100196838
ava_test,64384,/home/tempuser1/aesthetics/data/images/64384.jpg,0.847777247428894
ava_test,70783,/home/tempuser1/aesthetics/data/images/70783.jpg,0.3504507541656494
ava_test,855726,/home/tempuser1/aesthetics/data/images/855726.jpg,0.06276025623083115
ava_test,538023,/home/tempuser1/aesthetics/data/images/538023.jpg,0.4941031336784363
ava_test,696189,/home/tempuser1/aesthetics/data/images/696189.jpg,0.8832972645759583
ava_test,558803,/home/tempuser1/aesthetics/data/images/558803.jpg,0.18434356153011322
ava_test,600366,/home/tempuser1/aesthetics/data/images/600366.jpg,0.2559182345867157
ava_test,877133,/home/tempuser1/aesthetics/data/images/877133.jpg,0.5185727477073669
ava_test,711354,/home/tempuser1/aesthetics/data/images/711354.jpg,0.841711699962616
ava_test,770606,/home/tempuser1/aesthetics/data/images/770606.jpg,0.3260875940322876
ava_test,621051,/home/tempuser1/aesthetics/data/images/621051.jpg,0.43272852897644043
ava_test,168176,/home/tempuser1/aesthetics/data/images/168176.jpg,0.009831463918089867
ava_test,355759,/home/tempuser1/aesthetics/data/images/355759.jpg,0.9078839421272278
ava_test,4723,/home/tempuser1/aesthetics/data/images/4723.jpg,0.11118597537279129
ava_test,650540,/home/tempuser1/aesthetics/data/images/650540.jpg,0.030859947204589844
ava_test,146507,/home/tempuser1/aesthetics/data/images/146507.jpg,0.2580603361129761
ava_test,107902,/home/tempuser1/aesthetics/data/images/107902.jpg,0.038295987993478775
ava_test,276987,/home/tempuser1/aesthetics/data/images/276987.jpg,1.0423287153244019
ava_test,760284,/home/tempuser1/aesthetics/data/images/760284.jpg,0.19716805219650269
ava_test,654980,/home/tempuser1/aesthetics/data/images/654980.jpg,0.19757819175720215
ava_test,114244,/home/tempuser1/aesthetics/data/images/114244.jpg,0.05618518590927124
ava_test,716749,/home/tempuser1/aesthetics/data/images/716749.jpg,0.0781455785036087
ava_test,799806,/home/tempuser1/aesthetics/data/images/799806.jpg,0.9774510264396667
ava_test,529231,/home/tempuser1/aesthetics/data/images/529231.jpg,0.19893138110637665
ava_test,171447,/home/tempuser1/aesthetics/data/images/171447.jpg,0.7313233613967896
ava_test,155648,/home/tempuser1/aesthetics/data/images/155648.jpg,0.2441178411245346
ava_test,312907,/home/tempuser1/aesthetics/data/images/312907.jpg,0.4949609339237213
ava_test,477002,/home/tempuser1/aesthetics/data/images/477002.jpg,0.2747696042060852
ava_test,356461,/home/tempuser1/aesthetics/data/images/356461.jpg,0.6491016149520874
ava_test,171312,/home/tempuser1/aesthetics/data/images/171312.jpg,0.5130699276924133
ava_test,723604,/home/tempuser1/aesthetics/data/images/723604.jpg,0.33303600549697876
ava_test,367417,/home/tempuser1/aesthetics/data/images/367417.jpg,0.47498956322669983
ava_test,848916,/home/tempuser1/aesthetics/data/images/848916.jpg,0.33763596415519714
ava_test,63030,/home/tempuser1/aesthetics/data/images/63030.jpg,0.79970782995224
ava_test,244525,/home/tempuser1/aesthetics/data/images/244525.jpg,0.7180396914482117
ava_test,129964,/home/tempuser1/aesthetics/data/images/129964.jpg,0.8380345106124878
ava_test,64813,/home/tempuser1/aesthetics/data/images/64813.jpg,0.11497040092945099
ava_test,465695,/home/tempuser1/aesthetics/data/images/465695.jpg,39.37982177734375
ava_test,914291,/home/tempuser1/aesthetics/data/images/914291.jpg,0.26673704385757446
ava_test,343789,/home/tempuser1/aesthetics/data/images/343789.jpg,0.2860812544822693
ava_test,604813,/home/tempuser1/aesthetics/data/images/604813.jpg,0.41646894812583923
ava_test,616784,/home/tempuser1/aesthetics/data/images/616784.jpg,0.22568662464618683
ava_test,13450,/home/tempuser1/aesthetics/data/images/13450.jpg,0.2494630217552185
ava_test,234693,/home/tempuser1/aesthetics/data/images/234693.jpg,0.3499893844127655
ava_test,376407,/home/tempuser1/aesthetics/data/images/376407.jpg,1.111746072769165
ava_test,138757,/home/tempuser1/aesthetics/data/images/138757.jpg,0.0929928570985794
ava_test,506915,/home/tempuser1/aesthetics/data/images/506915.jpg,1.0983973741531372
ava_test,84205,/home/tempuser1/aesthetics/data/images/84205.jpg,0.9269868731498718
ava_test,485111,/home/tempuser1/aesthetics/data/images/485111.jpg,0.17243097722530365
ava_test,351020,/home/tempuser1/aesthetics/data/images/351020.jpg,0.9084988236427307
ava_test,324360,/home/tempuser1/aesthetics/data/images/324360.jpg,0.9429286122322083
ava_test,579694,/home/tempuser1/aesthetics/data/images/579694.jpg,4.338310241699219
ava_test,144275,/home/tempuser1/aesthetics/data/images/144275.jpg,0.5064863562583923
ava_test,904929,/home/tempuser1/aesthetics/data/images/904929.jpg,0.11357478052377701
ava_test,373062,/home/tempuser1/aesthetics/data/images/373062.jpg,0.4146696925163269
ava_test,804719,/home/tempuser1/aesthetics/data/images/804719.jpg,0.4348048269748688
ava_test,243653,/home/tempuser1/aesthetics/data/images/243653.jpg,0.3155348300933838
ava_test,152006,/home/tempuser1/aesthetics/data/images/152006.jpg,0.29761186242103577
ava_test,118347,/home/tempuser1/aesthetics/data/images/118347.jpg,0.2354934811592102
ava_test,400703,/home/tempuser1/aesthetics/data/images/400703.jpg,0.5984002947807312
ava_test,251126,/home/tempuser1/aesthetics/data/images/251126.jpg,0.09708841145038605
ava_test,59116,/home/tempuser1/aesthetics/data/images/59116.jpg,0.0684749037027359
ava_test,140925,/home/tempuser1/aesthetics/data/images/140925.jpg,0.44326576590538025
ava_test,240583,/home/tempuser1/aesthetics/data/images/240583.jpg,0.10612321645021439
ava_test,612975,/home/tempuser1/aesthetics/data/images/612975.jpg,0.6204858422279358
ava_test,803351,/home/tempuser1/aesthetics/data/images/803351.jpg,0.46551695466041565
ava_test,223583,/home/tempuser1/aesthetics/data/images/223583.jpg,0.7701694369316101
ava_test,106052,/home/tempuser1/aesthetics/data/images/106052.jpg,0.27432531118392944
ava_test,81524,/home/tempuser1/aesthetics/data/images/81524.jpg,0.640275776386261
ava_test,691544,/home/tempuser1/aesthetics/data/images/691544.jpg,1.0858170986175537
ava_test,685351,/home/tempuser1/aesthetics/data/images/685351.jpg,1.398226022720337
ava_test,25276,/home/tempuser1/aesthetics/data/images/25276.jpg,0.3917217552661896
ava_test,678116,/home/tempuser1/aesthetics/data/images/678116.jpg,0.3513234257698059
ava_test,567799,/home/tempuser1/aesthetics/data/images/567799.jpg,0.538884162902832
ava_test,606874,/home/tempuser1/aesthetics/data/images/606874.jpg,0.35777366161346436
ava_test,284809,/home/tempuser1/aesthetics/data/images/284809.jpg,0.7621971368789673
ava_test,570345,/home/tempuser1/aesthetics/data/images/570345.jpg,0.28462567925453186
ava_test,656483,/home/tempuser1/aesthetics/data/images/656483.jpg,0.2463134229183197
ava_test,620538,/home/tempuser1/aesthetics/data/images/620538.jpg,0.08741070330142975
ava_test,731999,/home/tempuser1/aesthetics/data/images/731999.jpg,0.8740589618682861
ava_test,628393,/home/tempuser1/aesthetics/data/images/628393.jpg,0.324919193983078
ava_test,460789,/home/tempuser1/aesthetics/data/images/460789.jpg,0.9852209687232971
ava_test,743467,/home/tempuser1/aesthetics/data/images/743467.jpg,0.20191964507102966
ava_test,814241,/home/tempuser1/aesthetics/data/images/814241.jpg,0.6056334972381592
ava_test,661248,/home/tempuser1/aesthetics/data/images/661248.jpg,0.224054217338562
ava_test,762354,/home/tempuser1/aesthetics/data/images/762354.jpg,0.10082784295082092
ava_test,955525,/home/tempuser1/aesthetics/data/images/955525.jpg,0.6546106934547424
ava_test,585347,/home/tempuser1/aesthetics/data/images/585347.jpg,0.45783352851867676
ava_test,348464,/home/tempuser1/aesthetics/data/images/348464.jpg,0.618131697177887
ava_test,398401,/home/tempuser1/aesthetics/data/images/398401.jpg,0.0683063194155693
ava_test,850100,/home/tempuser1/aesthetics/data/images/850100.jpg,0.08880589157342911
ava_test,800945,/home/tempuser1/aesthetics/data/images/800945.jpg,0.6204835772514343
ava_test,121111,/home/tempuser1/aesthetics/data/images/121111.jpg,0.8570540547370911
ava_test,61717,/home/tempuser1/aesthetics/data/images/61717.jpg,0.4364859461784363
ava_test,41981,/home/tempuser1/aesthetics/data/images/41981.jpg,0.4150257110595703
ava_test,434260,/home/tempuser1/aesthetics/data/images/434260.jpg,0.6110822558403015
ava_test,301541,/home/tempuser1/aesthetics/data/images/301541.jpg,1.121990442276001
ava_test,906642,/home/tempuser1/aesthetics/data/images/906642.jpg,0.6705764532089233
ava_test,950134,/home/tempuser1/aesthetics/data/images/950134.jpg,0.7790696024894714
ava_test,336726,/home/tempuser1/aesthetics/data/images/336726.jpg,0.45661211013793945
ava_test,255529,/home/tempuser1/aesthetics/data/images/255529.jpg,0.04944496601819992
ava_test,291425,/home/tempuser1/aesthetics/data/images/291425.jpg,0.36980143189430237
ava_test,202939,/home/tempuser1/aesthetics/data/images/202939.jpg,0.6271645426750183
ava_test,831441,/home/tempuser1/aesthetics/data/images/831441.jpg,0.414699524641037
ava_test,439589,/home/tempuser1/aesthetics/data/images/439589.jpg,0.08098401129245758
ava_test,441499,/home/tempuser1/aesthetics/data/images/441499.jpg,0.0862676203250885
ava_test,215124,/home/tempuser1/aesthetics/data/images/215124.jpg,0.2302366942167282
ava_test,429277,/home/tempuser1/aesthetics/data/images/429277.jpg,0.11151633411645889
ava_test,301243,/home/tempuser1/aesthetics/data/images/301243.jpg,0.597273051738739
ava_test,72627,/home/tempuser1/aesthetics/data/images/72627.jpg,0.16106441617012024
ava_test,816095,/home/tempuser1/aesthetics/data/images/816095.jpg,0.02677515149116516
ava_test,425531,/home/tempuser1/aesthetics/data/images/425531.jpg,0.5255764126777649
ava_test,200263,/home/tempuser1/aesthetics/data/images/200263.jpg,0.14666412770748138
ava_test,729238,/home/tempuser1/aesthetics/data/images/729238.jpg,0.16160880029201508
ava_test,59423,/home/tempuser1/aesthetics/data/images/59423.jpg,0.365151971578598
ava_test,134627,/home/tempuser1/aesthetics/data/images/134627.jpg,0.19747474789619446
ava_test,764588,/home/tempuser1/aesthetics/data/images/764588.jpg,1.0937392711639404
ava_test,360819,/home/tempuser1/aesthetics/data/images/360819.jpg,0.09985772520303726
ava_test,640812,/home/tempuser1/aesthetics/data/images/640812.jpg,0.47435906529426575
ava_test,957086,/home/tempuser1/aesthetics/data/images/957086.jpg,1.2414004802703857
ava_test,90302,/home/tempuser1/aesthetics/data/images/90302.jpg,0.8036373257637024
ava_test,338649,/home/tempuser1/aesthetics/data/images/338649.jpg,1.0040323734283447
ava_test,356576,/home/tempuser1/aesthetics/data/images/356576.jpg,0.1365572214126587
ava_test,141890,/home/tempuser1/aesthetics/data/images/141890.jpg,0.0
ava_test,311961,/home/tempuser1/aesthetics/data/images/311961.jpg,0.49231767654418945
ava_test,509497,/home/tempuser1/aesthetics/data/images/509497.jpg,1.4369310140609741
ava_test,89273,/home/tempuser1/aesthetics/data/images/89273.jpg,0.9301403164863586
ava_test,265358,/home/tempuser1/aesthetics/data/images/265358.jpg,0.6997094750404358
ava_test,284080,/home/tempuser1/aesthetics/data/images/284080.jpg,0.22136107087135315
ava_test,887542,/home/tempuser1/aesthetics/data/images/887542.jpg,0.6695268750190735
ava_test,808444,/home/tempuser1/aesthetics/data/images/808444.jpg,0.055836327373981476
ava_test,104157,/home/tempuser1/aesthetics/data/images/104157.jpg,0.5437487363815308
ava_test,737990,/home/tempuser1/aesthetics/data/images/737990.jpg,0.17822007834911346
ava_test,174643,/home/tempuser1/aesthetics/data/images/174643.jpg,0.21221233904361725
ava_test,684485,/home/tempuser1/aesthetics/data/images/684485.jpg,0.4202801585197449
ava_test,642733,/home/tempuser1/aesthetics/data/images/642733.jpg,2.0288493633270264
ava_test,12854,/home/tempuser1/aesthetics/data/images/12854.jpg,0.04509732872247696
ava_test,890635,/home/tempuser1/aesthetics/data/images/890635.jpg,0.40677785873413086
ava_test,6420,/home/tempuser1/aesthetics/data/images/6420.jpg,0.4968275725841522
ava_test,3455,/home/tempuser1/aesthetics/data/images/3455.jpg,0.38124167919158936
ava_test,880496,/home/tempuser1/aesthetics/data/images/880496.jpg,0.4482008218765259
ava_test,837393,/home/tempuser1/aesthetics/data/images/837393.jpg,0.7753653526306152
ava_test,917485,/home/tempuser1/aesthetics/data/images/917485.jpg,0.22338594496250153
ava_test,55768,/home/tempuser1/aesthetics/data/images/55768.jpg,0.47973769903182983
ava_test,471725,/home/tempuser1/aesthetics/data/images/471725.jpg,0.02776985988020897
ava_test,196426,/home/tempuser1/aesthetics/data/images/196426.jpg,0.24698491394519806
ava_test,851111,/home/tempuser1/aesthetics/data/images/851111.jpg,0.027720823884010315
ava_test,344678,/home/tempuser1/aesthetics/data/images/344678.jpg,0.0632447600364685
ava_test,409794,/home/tempuser1/aesthetics/data/images/409794.jpg,0.8387633562088013
ava_test,808493,/home/tempuser1/aesthetics/data/images/808493.jpg,0.20153643190860748
ava_test,135639,/home/tempuser1/aesthetics/data/images/135639.jpg,0.18960946798324585
ava_test,909081,/home/tempuser1/aesthetics/data/images/909081.jpg,0.4944922626018524
ava_test,220146,/home/tempuser1/aesthetics/data/images/220146.jpg,0.27422046661376953
ava_test,874875,/home/tempuser1/aesthetics/data/images/874875.jpg,2.0418553352355957
ava_test,343210,/home/tempuser1/aesthetics/data/images/343210.jpg,0.6718713641166687
ava_test,85956,/home/tempuser1/aesthetics/data/images/85956.jpg,0.33456283807754517
ava_test,799263,/home/tempuser1/aesthetics/data/images/799263.jpg,0.08313797414302826
ava_test,164730,/home/tempuser1/aesthetics/data/images/164730.jpg,0.03059043176472187
ava_test,617233,/home/tempuser1/aesthetics/data/images/617233.jpg,0.28727591037750244
ava_test,486578,/home/tempuser1/aesthetics/data/images/486578.jpg,0.35003945231437683
ava_test,31240,/home/tempuser1/aesthetics/data/images/31240.jpg,0.7322204113006592
ava_test,710101,/home/tempuser1/aesthetics/data/images/710101.jpg,0.05990961194038391
ava_test,319600,/home/tempuser1/aesthetics/data/images/319600.jpg,0.0778663381934166
ava_test,662800,/home/tempuser1/aesthetics/data/images/662800.jpg,0.7229318618774414
ava_test,222748,/home/tempuser1/aesthetics/data/images/222748.jpg,0.4611445665359497
ava_test,303344,/home/tempuser1/aesthetics/data/images/303344.jpg,0.039185695350170135
ava_test,682047,/home/tempuser1/aesthetics/data/images/682047.jpg,0.20038999617099762
ava_test,836163,/home/tempuser1/aesthetics/data/images/836163.jpg,0.33639875054359436
ava_test,111317,/home/tempuser1/aesthetics/data/images/111317.jpg,0.7033606767654419
ava_test,214824,/home/tempuser1/aesthetics/data/images/214824.jpg,1.0816954374313354
ava_test,136381,/home/tempuser1/aesthetics/data/images/136381.jpg,0.26968899369239807
ava_test,684061,/home/tempuser1/aesthetics/data/images/684061.jpg,0.6280636191368103
ava_test,729016,/home/tempuser1/aesthetics/data/images/729016.jpg,0.5725317001342773
ava_test,22781,/home/tempuser1/aesthetics/data/images/22781.jpg,0.17741045355796814
ava_test,734717,/home/tempuser1/aesthetics/data/images/734717.jpg,0.4336515963077545
ava_test,753449,/home/tempuser1/aesthetics/data/images/753449.jpg,1.3024035692214966
ava_test,795493,/home/tempuser1/aesthetics/data/images/795493.jpg,0.9648975729942322
ava_test,13459,/home/tempuser1/aesthetics/data/images/13459.jpg,0.22873733937740326
ava_test,203275,/home/tempuser1/aesthetics/data/images/203275.jpg,0.12949101626873016
ava_test,694109,/home/tempuser1/aesthetics/data/images/694109.jpg,0.08763027936220169
ava_test,102660,/home/tempuser1/aesthetics/data/images/102660.jpg,0.30148881673812866
ava_test,476544,/home/tempuser1/aesthetics/data/images/476544.jpg,0.2571687698364258
ava_test,374865,/home/tempuser1/aesthetics/data/images/374865.jpg,0.2570706605911255
ava_test,79450,/home/tempuser1/aesthetics/data/images/79450.jpg,0.14002375304698944
ava_test,111542,/home/tempuser1/aesthetics/data/images/111542.jpg,0.6015205383300781
ava_test,547366,/home/tempuser1/aesthetics/data/images/547366.jpg,0.05540880560874939
ava_test,651770,/home/tempuser1/aesthetics/data/images/651770.jpg,0.05732071399688721
ava_test,468955,/home/tempuser1/aesthetics/data/images/468955.jpg,0.3030274510383606
ava_test,9117,/home/tempuser1/aesthetics/data/images/9117.jpg,0.16488583385944366
ava_test,118153,/home/tempuser1/aesthetics/data/images/118153.jpg,0.029017983004450798
ava_test,14659,/home/tempuser1/aesthetics/data/images/14659.jpg,0.1398211270570755
ava_test,230417,/home/tempuser1/aesthetics/data/images/230417.jpg,0.9874971508979797
ava_test,778722,/home/tempuser1/aesthetics/data/images/778722.jpg,0.7777995467185974
ava_test,5102,/home/tempuser1/aesthetics/data/images/5102.jpg,0.5395244359970093
ava_test,812907,/home/tempuser1/aesthetics/data/images/812907.jpg,0.5118707418441772
ava_test,94355,/home/tempuser1/aesthetics/data/images/94355.jpg,0.1723269522190094
ava_test,614902,/home/tempuser1/aesthetics/data/images/614902.jpg,0.11974587291479111
ava_test,35109,/home/tempuser1/aesthetics/data/images/35109.jpg,0.125377357006073
ava_test,895206,/home/tempuser1/aesthetics/data/images/895206.jpg,0.0721035823225975
ava_test,725293,/home/tempuser1/aesthetics/data/images/725293.jpg,0.29395586252212524
ava_test,66073,/home/tempuser1/aesthetics/data/images/66073.jpg,1.4160324335098267
ava_test,65931,/home/tempuser1/aesthetics/data/images/65931.jpg,0.30801302194595337
ava_test,281268,/home/tempuser1/aesthetics/data/images/281268.jpg,0.8212853670120239
ava_test,957982,/home/tempuser1/aesthetics/data/images/957982.jpg,0.8504366278648376
ava_test,90840,/home/tempuser1/aesthetics/data/images/90840.jpg,0.26687395572662354
ava_test,508286,/home/tempuser1/aesthetics/data/images/508286.jpg,0.6868416666984558
ava_test,9663,/home/tempuser1/aesthetics/data/images/9663.jpg,0.8572530150413513
ava_test,5415,/home/tempuser1/aesthetics/data/images/5415.jpg,0.5108957290649414
ava_test,772844,/home/tempuser1/aesthetics/data/images/772844.jpg,0.4910688102245331
ava_test,400906,/home/tempuser1/aesthetics/data/images/400906.jpg,0.339424192905426
ava_test,21296,/home/tempuser1/aesthetics/data/images/21296.jpg,0.08240771293640137
ava_test,1316,/home/tempuser1/aesthetics/data/images/1316.jpg,2.238950490951538
ava_test,862600,/home/tempuser1/aesthetics/data/images/862600.jpg,0.9092146158218384
ava_test,204930,/home/tempuser1/aesthetics/data/images/204930.jpg,0.24160057306289673
ava_test,727028,/home/tempuser1/aesthetics/data/images/727028.jpg,0.8129635453224182
ava_test,598028,/home/tempuser1/aesthetics/data/images/598028.jpg,0.7368837594985962
ava_test,741676,/home/tempuser1/aesthetics/data/images/741676.jpg,0.09555493295192719
ava_test,9240,/home/tempuser1/aesthetics/data/images/9240.jpg,0.29402273893356323
ava_test,463704,/home/tempuser1/aesthetics/data/images/463704.jpg,0.4455656409263611
ava_test,314448,/home/tempuser1/aesthetics/data/images/314448.jpg,0.3934997022151947
ava_test,480009,/home/tempuser1/aesthetics/data/images/480009.jpg,0.2541222870349884
ava_test,628451,/home/tempuser1/aesthetics/data/images/628451.jpg,0.16564086079597473
ava_test,110252,/home/tempuser1/aesthetics/data/images/110252.jpg,1.5026429891586304
ava_test,246812,/home/tempuser1/aesthetics/data/images/246812.jpg,0.5563863515853882
ava_test,366095,/home/tempuser1/aesthetics/data/images/366095.jpg,0.6534141302108765
ava_test,935739,/home/tempuser1/aesthetics/data/images/935739.jpg,1.8664157390594482
ava_test,71203,/home/tempuser1/aesthetics/data/images/71203.jpg,0.4153503179550171
ava_test,725127,/home/tempuser1/aesthetics/data/images/725127.jpg,0.5452685952186584
ava_test,732806,/home/tempuser1/aesthetics/data/images/732806.jpg,0.5444579124450684
ava_test,155597,/home/tempuser1/aesthetics/data/images/155597.jpg,0.5381224155426025
ava_test,590617,/home/tempuser1/aesthetics/data/images/590617.jpg,0.6736630797386169
ava_test,735116,/home/tempuser1/aesthetics/data/images/735116.jpg,0.14131714403629303
ava_test,770768,/home/tempuser1/aesthetics/data/images/770768.jpg,0.23802989721298218
ava_test,720963,/home/tempuser1/aesthetics/data/images/720963.jpg,0.1318134218454361
ava_test,428789,/home/tempuser1/aesthetics/data/images/428789.jpg,0.12078846246004105
ava_test,116799,/home/tempuser1/aesthetics/data/images/116799.jpg,1.4344978332519531
ava_test,792278,/home/tempuser1/aesthetics/data/images/792278.jpg,0.06263604760169983
ava_test,59216,/home/tempuser1/aesthetics/data/images/59216.jpg,0.04610714316368103
ava_test,228068,/home/tempuser1/aesthetics/data/images/228068.jpg,0.9427753686904907
ava_test,33449,/home/tempuser1/aesthetics/data/images/33449.jpg,0.9241375923156738
ava_test,33107,/home/tempuser1/aesthetics/data/images/33107.jpg,1.577650785446167
ava_test,490849,/home/tempuser1/aesthetics/data/images/490849.jpg,0.3210054934024811
ava_test,517079,/home/tempuser1/aesthetics/data/images/517079.jpg,0.6632749438285828
ava_test,828448,/home/tempuser1/aesthetics/data/images/828448.jpg,0.10832470655441284
ava_test,167100,/home/tempuser1/aesthetics/data/images/167100.jpg,0.3669053912162781
ava_test,914871,/home/tempuser1/aesthetics/data/images/914871.jpg,0.8053665161132812
ava_test,421390,/home/tempuser1/aesthetics/data/images/421390.jpg,0.6180868148803711
ava_test,709735,/home/tempuser1/aesthetics/data/images/709735.jpg,0.5653316974639893
ava_test,232657,/home/tempuser1/aesthetics/data/images/232657.jpg,0.27101656794548035
ava_test,250819,/home/tempuser1/aesthetics/data/images/250819.jpg,0.3218631148338318
ava_test,857488,/home/tempuser1/aesthetics/data/images/857488.jpg,0.611437976360321
ava_test,691521,/home/tempuser1/aesthetics/data/images/691521.jpg,0.6350825428962708
ava_test,741956,/home/tempuser1/aesthetics/data/images/741956.jpg,13.119234085083008
ava_test,912809,/home/tempuser1/aesthetics/data/images/912809.jpg,0.37498366832733154
ava_test,743196,/home/tempuser1/aesthetics/data/images/743196.jpg,0.4249470829963684
ava_test,483871,/home/tempuser1/aesthetics/data/images/483871.jpg,0.4650946855545044
ava_test,594692,/home/tempuser1/aesthetics/data/images/594692.jpg,0.09650679677724838
ava_test,232641,/home/tempuser1/aesthetics/data/images/232641.jpg,0.38670647144317627
ava_test,188144,/home/tempuser1/aesthetics/data/images/188144.jpg,0.09377879649400711
ava_test,909282,/home/tempuser1/aesthetics/data/images/909282.jpg,1.2962086200714111
ava_test,86129,/home/tempuser1/aesthetics/data/images/86129.jpg,0.14888234436511993
ava_test,447634,/home/tempuser1/aesthetics/data/images/447634.jpg,7.960494518280029
ava_test,446631,/home/tempuser1/aesthetics/data/images/446631.jpg,0.6209664344787598
ava_test,719209,/home/tempuser1/aesthetics/data/images/719209.jpg,1.0509676933288574
ava_test,24559,/home/tempuser1/aesthetics/data/images/24559.jpg,0.48151975870132446
ava_test,698862,/home/tempuser1/aesthetics/data/images/698862.jpg,0.41431090235710144
ava_test,867809,/home/tempuser1/aesthetics/data/images/867809.jpg,0.36374765634536743
ava_test,31768,/home/tempuser1/aesthetics/data/images/31768.jpg,0.5073454976081848
ava_test,436034,/home/tempuser1/aesthetics/data/images/436034.jpg,0.5731179714202881
ava_test,688098,/home/tempuser1/aesthetics/data/images/688098.jpg,0.7696720957756042
ava_test,103621,/home/tempuser1/aesthetics/data/images/103621.jpg,0.6459617614746094
ava_test,24723,/home/tempuser1/aesthetics/data/images/24723.jpg,0.09747093170881271
ava_test,19701,/home/tempuser1/aesthetics/data/images/19701.jpg,0.9550347328186035
ava_test,615085,/home/tempuser1/aesthetics/data/images/615085.jpg,0.2602628469467163
ava_test,22665,/home/tempuser1/aesthetics/data/images/22665.jpg,0.43955743312835693
ava_test,71959,/home/tempuser1/aesthetics/data/images/71959.jpg,0.3951491415500641
ava_test,460063,/home/tempuser1/aesthetics/data/images/460063.jpg,0.8787328600883484
ava_test,840665,/home/tempuser1/aesthetics/data/images/840665.jpg,0.12552110850811005
ava_test,845660,/home/tempuser1/aesthetics/data/images/845660.jpg,0.5240272283554077
ava_test,838157,/home/tempuser1/aesthetics/data/images/838157.jpg,0.08356672525405884
ava_test,831804,/home/tempuser1/aesthetics/data/images/831804.jpg,0.14116959273815155
ava_test,260637,/home/tempuser1/aesthetics/data/images/260637.jpg,0.2507595717906952
ava_test,775403,/home/tempuser1/aesthetics/data/images/775403.jpg,0.8311359882354736
ava_test,946959,/home/tempuser1/aesthetics/data/images/946959.jpg,0.6662262082099915
ava_test,494302,/home/tempuser1/aesthetics/data/images/494302.jpg,0.5403234958648682
ava_test,518659,/home/tempuser1/aesthetics/data/images/518659.jpg,0.12166240811347961
ava_test,60469,/home/tempuser1/aesthetics/data/images/60469.jpg,1.240288496017456
ava_test,756044,/home/tempuser1/aesthetics/data/images/756044.jpg,0.21135875582695007
ava_test,743634,/home/tempuser1/aesthetics/data/images/743634.jpg,0.5529376268386841
ava_test,3495,/home/tempuser1/aesthetics/data/images/3495.jpg,0.37389904260635376
ava_test,891282,/home/tempuser1/aesthetics/data/images/891282.jpg,0.22783154249191284
ava_test,92326,/home/tempuser1/aesthetics/data/images/92326.jpg,0.8076867461204529
ava_test,316992,/home/tempuser1/aesthetics/data/images/316992.jpg,0.5378624200820923
ava_test,33654,/home/tempuser1/aesthetics/data/images/33654.jpg,1.3609392642974854
ava_test,257959,/home/tempuser1/aesthetics/data/images/257959.jpg,0.2880904972553253
ava_test,201858,/home/tempuser1/aesthetics/data/images/201858.jpg,1.1608844995498657
ava_test,188644,/home/tempuser1/aesthetics/data/images/188644.jpg,0.7008398771286011
ava_test,652894,/home/tempuser1/aesthetics/data/images/652894.jpg,1.1813747882843018
ava_test,11663,/home/tempuser1/aesthetics/data/images/11663.jpg,0.28007712960243225
ava_test,36020,/home/tempuser1/aesthetics/data/images/36020.jpg,0.24599435925483704
ava_test,619106,/home/tempuser1/aesthetics/data/images/619106.jpg,0.3600142300128937
ava_test,895435,/home/tempuser1/aesthetics/data/images/895435.jpg,0.2356078326702118
ava_test,829802,/home/tempuser1/aesthetics/data/images/829802.jpg,0.6726474165916443
ava_test,256819,/home/tempuser1/aesthetics/data/images/256819.jpg,0.30518054962158203
ava_test,703557,/home/tempuser1/aesthetics/data/images/703557.jpg,0.3221224248409271
ava_test,364813,/home/tempuser1/aesthetics/data/images/364813.jpg,0.09084170311689377
ava_test,4691,/home/tempuser1/aesthetics/data/images/4691.jpg,0.02321547269821167
ava_test,612340,/home/tempuser1/aesthetics/data/images/612340.jpg,0.4994833469390869
ava_test,776655,/home/tempuser1/aesthetics/data/images/776655.jpg,0.19112367928028107
ava_test,893215,/home/tempuser1/aesthetics/data/images/893215.jpg,0.3517833352088928
ava_test,951823,/home/tempuser1/aesthetics/data/images/951823.jpg,0.29939812421798706
ava_test,46093,/home/tempuser1/aesthetics/data/images/46093.jpg,0.17360788583755493
ava_test,5527,/home/tempuser1/aesthetics/data/images/5527.jpg,0.45463013648986816
ava_test,282886,/home/tempuser1/aesthetics/data/images/282886.jpg,0.03919357433915138
ava_test,431322,/home/tempuser1/aesthetics/data/images/431322.jpg,0.33844369649887085
ava_test,602381,/home/tempuser1/aesthetics/data/images/602381.jpg,0.1586761176586151
ava_test,804698,/home/tempuser1/aesthetics/data/images/804698.jpg,0.2783353626728058
ava_test,282225,/home/tempuser1/aesthetics/data/images/282225.jpg,0.3945435881614685
ava_test,9455,/home/tempuser1/aesthetics/data/images/9455.jpg,0.42327624559402466
ava_test,24419,/home/tempuser1/aesthetics/data/images/24419.jpg,0.7449877858161926
ava_test,225904,/home/tempuser1/aesthetics/data/images/225904.jpg,0.5349725484848022
ava_test,217140,/home/tempuser1/aesthetics/data/images/217140.jpg,1.5032750368118286
ava_test,923894,/home/tempuser1/aesthetics/data/images/923894.jpg,0.483946293592453
ava_test,687839,/home/tempuser1/aesthetics/data/images/687839.jpg,0.1310531049966812
ava_test,415489,/home/tempuser1/aesthetics/data/images/415489.jpg,0.15913847088813782
ava_test,10442,/home/tempuser1/aesthetics/data/images/10442.jpg,0.14309179782867432
ava_test,954222,/home/tempuser1/aesthetics/data/images/954222.jpg,0.4698195457458496
ava_test,44498,/home/tempuser1/aesthetics/data/images/44498.jpg,0.5094018578529358
ava_test,338646,/home/tempuser1/aesthetics/data/images/338646.jpg,0.15745078027248383
ava_test,328187,/home/tempuser1/aesthetics/data/images/328187.jpg,0.3751493990421295
ava_test,925176,/home/tempuser1/aesthetics/data/images/925176.jpg,0.2823539972305298
ava_test,285838,/home/tempuser1/aesthetics/data/images/285838.jpg,1.1617653369903564
ava_test,368596,/home/tempuser1/aesthetics/data/images/368596.jpg,0.10181169211864471
ava_test,673142,/home/tempuser1/aesthetics/data/images/673142.jpg,0.11733415722846985
ava_test,393175,/home/tempuser1/aesthetics/data/images/393175.jpg,0.5829977989196777
ava_test,10903,/home/tempuser1/aesthetics/data/images/10903.jpg,0.26609155535697937
ava_test,214860,/home/tempuser1/aesthetics/data/images/214860.jpg,0.2777947187423706
ava_test,348756,/home/tempuser1/aesthetics/data/images/348756.jpg,0.15969610214233398
ava_test,258193,/home/tempuser1/aesthetics/data/images/258193.jpg,0.2932533919811249
ava_test,9774,/home/tempuser1/aesthetics/data/images/9774.jpg,0.8784540891647339
ava_test,932788,/home/tempuser1/aesthetics/data/images/932788.jpg,0.681159257888794
ava_test,622426,/home/tempuser1/aesthetics/data/images/622426.jpg,1.3261483907699585
ava_test,142422,/home/tempuser1/aesthetics/data/images/142422.jpg,0.24930721521377563
ava_test,39421,/home/tempuser1/aesthetics/data/images/39421.jpg,0.25164103507995605
ava_test,17427,/home/tempuser1/aesthetics/data/images/17427.jpg,0.14620482921600342
ava_test,233091,/home/tempuser1/aesthetics/data/images/233091.jpg,0.31518855690956116
ava_test,846673,/home/tempuser1/aesthetics/data/images/846673.jpg,0.8725504875183105
ava_test,67796,/home/tempuser1/aesthetics/data/images/67796.jpg,0.279867947101593
ava_test,906862,/home/tempuser1/aesthetics/data/images/906862.jpg,0.34920260310173035
ava_test,356704,/home/tempuser1/aesthetics/data/images/356704.jpg,0.1908300817012787
ava_test,418818,/home/tempuser1/aesthetics/data/images/418818.jpg,0.47881388664245605
ava_test,24491,/home/tempuser1/aesthetics/data/images/24491.jpg,0.12951235473155975
ava_test,850090,/home/tempuser1/aesthetics/data/images/850090.jpg,0.23110143840312958
ava_test,910316,/home/tempuser1/aesthetics/data/images/910316.jpg,0.18788225948810577
ava_test,135919,/home/tempuser1/aesthetics/data/images/135919.jpg,0.646064817905426
ava_test,36222,/home/tempuser1/aesthetics/data/images/36222.jpg,2.3491790294647217
ava_test,726878,/home/tempuser1/aesthetics/data/images/726878.jpg,0.68595290184021
ava_test,230361,/home/tempuser1/aesthetics/data/images/230361.jpg,1.0831294059753418
ava_test,418822,/home/tempuser1/aesthetics/data/images/418822.jpg,1.3089232444763184
ava_test,622236,/home/tempuser1/aesthetics/data/images/622236.jpg,0.20431441068649292
ava_test,694159,/home/tempuser1/aesthetics/data/images/694159.jpg,0.16518989205360413
ava_test,96580,/home/tempuser1/aesthetics/data/images/96580.jpg,0.0911729708313942
ava_test,681990,/home/tempuser1/aesthetics/data/images/681990.jpg,0.4530700445175171
ava_test,857330,/home/tempuser1/aesthetics/data/images/857330.jpg,0.08150880038738251
ava_test,815392,/home/tempuser1/aesthetics/data/images/815392.jpg,0.2578485906124115
ava_test,638916,/home/tempuser1/aesthetics/data/images/638916.jpg,0.4845622479915619
ava_test,304597,/home/tempuser1/aesthetics/data/images/304597.jpg,0.3103298842906952
ava_test,124279,/home/tempuser1/aesthetics/data/images/124279.jpg,0.18815845251083374
ava_test,912963,/home/tempuser1/aesthetics/data/images/912963.jpg,0.21669402718544006
ava_test,134161,/home/tempuser1/aesthetics/data/images/134161.jpg,0.613231897354126
ava_test,849578,/home/tempuser1/aesthetics/data/images/849578.jpg,0.15556439757347107
ava_test,424137,/home/tempuser1/aesthetics/data/images/424137.jpg,1.3326804637908936
ava_test,778426,/home/tempuser1/aesthetics/data/images/778426.jpg,1.058705449104309
ava_test,579811,/home/tempuser1/aesthetics/data/images/579811.jpg,0.052715759724378586
ava_test,857929,/home/tempuser1/aesthetics/data/images/857929.jpg,0.3411577641963959
ava_test,669881,/home/tempuser1/aesthetics/data/images/669881.jpg,0.9070824384689331
ava_test,766967,/home/tempuser1/aesthetics/data/images/766967.jpg,0.14643476903438568
ava_test,656203,/home/tempuser1/aesthetics/data/images/656203.jpg,0.9727048873901367
ava_test,734609,/home/tempuser1/aesthetics/data/images/734609.jpg,0.28021684288978577
ava_test,111858,/home/tempuser1/aesthetics/data/images/111858.jpg,1.4056068658828735
ava_test,10666,/home/tempuser1/aesthetics/data/images/10666.jpg,2.156876564025879
ava_test,515811,/home/tempuser1/aesthetics/data/images/515811.jpg,0.3030306100845337
ava_test,382726,/home/tempuser1/aesthetics/data/images/382726.jpg,0.612436056137085
ava_test,33162,/home/tempuser1/aesthetics/data/images/33162.jpg,0.6024105548858643
ava_test,250555,/home/tempuser1/aesthetics/data/images/250555.jpg,0.10744867473840714
ava_test,163078,/home/tempuser1/aesthetics/data/images/163078.jpg,0.7550134062767029
ava_test,516316,/home/tempuser1/aesthetics/data/images/516316.jpg,0.2520625591278076
ava_test,236562,/home/tempuser1/aesthetics/data/images/236562.jpg,0.6488422751426697
ava_test,456150,/home/tempuser1/aesthetics/data/images/456150.jpg,0.2259979397058487
ava_test,837295,/home/tempuser1/aesthetics/data/images/837295.jpg,0.11487792432308197
ava_test,3642,/home/tempuser1/aesthetics/data/images/3642.jpg,0.9364157915115356
ava_test,206568,/home/tempuser1/aesthetics/data/images/206568.jpg,0.7583935856819153
ava_test,788701,/home/tempuser1/aesthetics/data/images/788701.jpg,1.842136025428772
ava_test,139185,/home/tempuser1/aesthetics/data/images/139185.jpg,0.2016451507806778
ava_test,29182,/home/tempuser1/aesthetics/data/images/29182.jpg,0.2934955656528473
ava_test,107387,/home/tempuser1/aesthetics/data/images/107387.jpg,0.17876146733760834
ava_test,658827,/home/tempuser1/aesthetics/data/images/658827.jpg,0.4262809455394745
ava_test,369124,/home/tempuser1/aesthetics/data/images/369124.jpg,0.6599423885345459
ava_test,664799,/home/tempuser1/aesthetics/data/images/664799.jpg,0.052302733063697815
ava_test,696557,/home/tempuser1/aesthetics/data/images/696557.jpg,0.2895861864089966
ava_test,44343,/home/tempuser1/aesthetics/data/images/44343.jpg,0.4012739658355713
ava_test,434535,/home/tempuser1/aesthetics/data/images/434535.jpg,0.33241379261016846
ava_test,485754,/home/tempuser1/aesthetics/data/images/485754.jpg,0.4282130300998688
ava_test,532234,/home/tempuser1/aesthetics/data/images/532234.jpg,0.5805597305297852
ava_test,420925,/home/tempuser1/aesthetics/data/images/420925.jpg,0.8060654401779175
ava_test,350622,/home/tempuser1/aesthetics/data/images/350622.jpg,0.0384221151471138
ava_test,16738,/home/tempuser1/aesthetics/data/images/16738.jpg,0.8209171295166016
ava_test,521901,/home/tempuser1/aesthetics/data/images/521901.jpg,0.13167159259319305
ava_test,121988,/home/tempuser1/aesthetics/data/images/121988.jpg,0.23587888479232788
ava_test,6158,/home/tempuser1/aesthetics/data/images/6158.jpg,0.4893885850906372
ava_test,30613,/home/tempuser1/aesthetics/data/images/30613.jpg,0.6435972452163696
ava_test,847135,/home/tempuser1/aesthetics/data/images/847135.jpg,1.1622865200042725
ava_test,342798,/home/tempuser1/aesthetics/data/images/342798.jpg,0.1225552186369896
ava_test,46722,/home/tempuser1/aesthetics/data/images/46722.jpg,0.9000847935676575
ava_test,103710,/home/tempuser1/aesthetics/data/images/103710.jpg,0.6143084764480591
ava_test,557066,/home/tempuser1/aesthetics/data/images/557066.jpg,0.2833525836467743
ava_test,274796,/home/tempuser1/aesthetics/data/images/274796.jpg,0.24964500963687897
ava_test,805231,/home/tempuser1/aesthetics/data/images/805231.jpg,0.764410674571991
ava_test,759756,/home/tempuser1/aesthetics/data/images/759756.jpg,0.044423237442970276
ava_test,402355,/home/tempuser1/aesthetics/data/images/402355.jpg,0.036334890872240067
ava_test,734788,/home/tempuser1/aesthetics/data/images/734788.jpg,0.08848544210195541
ava_test,561647,/home/tempuser1/aesthetics/data/images/561647.jpg,0.5733168721199036
ava_test,943765,/home/tempuser1/aesthetics/data/images/943765.jpg,0.3869677782058716
ava_test,382581,/home/tempuser1/aesthetics/data/images/382581.jpg,1.6189464330673218
ava_test,575469,/home/tempuser1/aesthetics/data/images/575469.jpg,0.7718928456306458
ava_test,518002,/home/tempuser1/aesthetics/data/images/518002.jpg,0.17951823770999908
ava_test,453539,/home/tempuser1/aesthetics/data/images/453539.jpg,1.4848471879959106
ava_test,19150,/home/tempuser1/aesthetics/data/images/19150.jpg,0.6915097832679749
ava_test,927206,/home/tempuser1/aesthetics/data/images/927206.jpg,0.16775311529636383
ava_test,180716,/home/tempuser1/aesthetics/data/images/180716.jpg,0.3485546112060547
ava_test,795379,/home/tempuser1/aesthetics/data/images/795379.jpg,0.5841696262359619
ava_test,689558,/home/tempuser1/aesthetics/data/images/689558.jpg,0.523701012134552
ava_test,621008,/home/tempuser1/aesthetics/data/images/621008.jpg,0.2251495122909546
ava_test,662424,/home/tempuser1/aesthetics/data/images/662424.jpg,0.36937007308006287
ava_test,473952,/home/tempuser1/aesthetics/data/images/473952.jpg,1.0453459024429321
ava_test,309746,/home/tempuser1/aesthetics/data/images/309746.jpg,1.5682508945465088
ava_test,236287,/home/tempuser1/aesthetics/data/images/236287.jpg,0.8967993855476379
ava_test,702220,/home/tempuser1/aesthetics/data/images/702220.jpg,0.3417336046695709
ava_test,785408,/home/tempuser1/aesthetics/data/images/785408.jpg,0.6953879594802856
ava_test,742075,/home/tempuser1/aesthetics/data/images/742075.jpg,0.17340849339962006
ava_test,909602,/home/tempuser1/aesthetics/data/images/909602.jpg,0.0447523295879364
ava_test,887080,/home/tempuser1/aesthetics/data/images/887080.jpg,0.14242710173130035
ava_test,308740,/home/tempuser1/aesthetics/data/images/308740.jpg,0.07714131474494934
ava_test,63844,/home/tempuser1/aesthetics/data/images/63844.jpg,0.3041382431983948
ava_test,591615,/home/tempuser1/aesthetics/data/images/591615.jpg,0.7000190615653992
ava_test,459111,/home/tempuser1/aesthetics/data/images/459111.jpg,0.13563711941242218
ava_test,780030,/home/tempuser1/aesthetics/data/images/780030.jpg,0.13080495595932007
ava_test,268927,/home/tempuser1/aesthetics/data/images/268927.jpg,0.22061792016029358
ava_test,480516,/home/tempuser1/aesthetics/data/images/480516.jpg,0.5945796966552734
ava_test,832968,/home/tempuser1/aesthetics/data/images/832968.jpg,0.4151887893676758
ava_test,298604,/home/tempuser1/aesthetics/data/images/298604.jpg,0.3487388491630554
ava_test,349240,/home/tempuser1/aesthetics/data/images/349240.jpg,0.3042508661746979
ava_test,597942,/home/tempuser1/aesthetics/data/images/597942.jpg,0.11031004041433334
ava_test,858917,/home/tempuser1/aesthetics/data/images/858917.jpg,0.6482436060905457
ava_test,936907,/home/tempuser1/aesthetics/data/images/936907.jpg,0.6498681902885437
ava_test,609504,/home/tempuser1/aesthetics/data/images/609504.jpg,0.10759636014699936
ava_test,144941,/home/tempuser1/aesthetics/data/images/144941.jpg,0.1591912806034088
ava_test,906610,/home/tempuser1/aesthetics/data/images/906610.jpg,0.20691169798374176
ava_test,674179,/home/tempuser1/aesthetics/data/images/674179.jpg,2.295764923095703
ava_test,4799,/home/tempuser1/aesthetics/data/images/4799.jpg,0.49303194880485535
ava_test,315845,/home/tempuser1/aesthetics/data/images/315845.jpg,0.18822428584098816
ava_test,322292,/home/tempuser1/aesthetics/data/images/322292.jpg,0.4115617573261261
ava_test,226761,/home/tempuser1/aesthetics/data/images/226761.jpg,0.15112867951393127
ava_test,681250,/home/tempuser1/aesthetics/data/images/681250.jpg,0.41915056109428406
ava_test,463072,/home/tempuser1/aesthetics/data/images/463072.jpg,0.35122495889663696
ava_test,74429,/home/tempuser1/aesthetics/data/images/74429.jpg,1.2149274349212646
ava_test,57261,/home/tempuser1/aesthetics/data/images/57261.jpg,0.37935149669647217
ava_test,714041,/home/tempuser1/aesthetics/data/images/714041.jpg,1.0825353860855103
ava_test,425235,/home/tempuser1/aesthetics/data/images/425235.jpg,0.1326935887336731
ava_test,328518,/home/tempuser1/aesthetics/data/images/328518.jpg,0.14124909043312073
ava_test,169969,/home/tempuser1/aesthetics/data/images/169969.jpg,0.6751314997673035
ava_test,155534,/home/tempuser1/aesthetics/data/images/155534.jpg,0.2684904932975769
ava_test,205386,/home/tempuser1/aesthetics/data/images/205386.jpg,0.19539257884025574
ava_test,691148,/home/tempuser1/aesthetics/data/images/691148.jpg,0.7099214792251587
ava_test,129909,/home/tempuser1/aesthetics/data/images/129909.jpg,1.581507921218872
ava_test,215653,/home/tempuser1/aesthetics/data/images/215653.jpg,0.3903922140598297
ava_test,754363,/home/tempuser1/aesthetics/data/images/754363.jpg,0.44261544942855835
ava_test,199882,/home/tempuser1/aesthetics/data/images/199882.jpg,0.2747451066970825
ava_test,759603,/home/tempuser1/aesthetics/data/images/759603.jpg,0.9853019714355469
ava_test,894222,/home/tempuser1/aesthetics/data/images/894222.jpg,0.13553486764431
ava_test,228131,/home/tempuser1/aesthetics/data/images/228131.jpg,0.07378731667995453
ava_test,569845,/home/tempuser1/aesthetics/data/images/569845.jpg,0.42247113585472107
ava_test,663572,/home/tempuser1/aesthetics/data/images/663572.jpg,0.818954586982727
ava_test,611027,/home/tempuser1/aesthetics/data/images/611027.jpg,0.6706846952438354
ava_test,80371,/home/tempuser1/aesthetics/data/images/80371.jpg,0.31929877400398254
ava_test,318920,/home/tempuser1/aesthetics/data/images/318920.jpg,0.8192380666732788
ava_test,646414,/home/tempuser1/aesthetics/data/images/646414.jpg,0.6211327314376831
ava_test,345390,/home/tempuser1/aesthetics/data/images/345390.jpg,0.08420684188604355
ava_test,531887,/home/tempuser1/aesthetics/data/images/531887.jpg,0.06515916436910629
ava_test,306934,/home/tempuser1/aesthetics/data/images/306934.jpg,0.04080779105424881
ava_test,944059,/home/tempuser1/aesthetics/data/images/944059.jpg,0.04499022662639618
ava_test,404142,/home/tempuser1/aesthetics/data/images/404142.jpg,0.4997967481613159
ava_test,818342,/home/tempuser1/aesthetics/data/images/818342.jpg,0.27309635281562805
ava_test,280620,/home/tempuser1/aesthetics/data/images/280620.jpg,0.5639569759368896
ava_test,20546,/home/tempuser1/aesthetics/data/images/20546.jpg,0.8882966637611389
ava_test,519029,/home/tempuser1/aesthetics/data/images/519029.jpg,0.6848580837249756
ava_test,77353,/home/tempuser1/aesthetics/data/images/77353.jpg,0.6235762238502502
ava_test,255590,/home/tempuser1/aesthetics/data/images/255590.jpg,0.03322063758969307
ava_test,906444,/home/tempuser1/aesthetics/data/images/906444.jpg,1.257198691368103
ava_test,65221,/home/tempuser1/aesthetics/data/images/65221.jpg,0.23990938067436218
ava_test,749104,/home/tempuser1/aesthetics/data/images/749104.jpg,0.27487868070602417
ava_test,387612,/home/tempuser1/aesthetics/data/images/387612.jpg,0.5627999305725098
ava_test,838173,/home/tempuser1/aesthetics/data/images/838173.jpg,0.07717432081699371
ava_test,759510,/home/tempuser1/aesthetics/data/images/759510.jpg,0.8620923757553101
ava_test,764466,/home/tempuser1/aesthetics/data/images/764466.jpg,0.1775885969400406
ava_test,226930,/home/tempuser1/aesthetics/data/images/226930.jpg,0.24083665013313293
ava_test,724443,/home/tempuser1/aesthetics/data/images/724443.jpg,0.41067028045654297
ava_test,792879,/home/tempuser1/aesthetics/data/images/792879.jpg,0.553399384021759
ava_test,71202,/home/tempuser1/aesthetics/data/images/71202.jpg,0.5521423816680908
ava_test,94879,/home/tempuser1/aesthetics/data/images/94879.jpg,1.4229298830032349
ava_test,912645,/home/tempuser1/aesthetics/data/images/912645.jpg,0.35467129945755005
ava_test,751700,/home/tempuser1/aesthetics/data/images/751700.jpg,0.3403174579143524
ava_test,536691,/home/tempuser1/aesthetics/data/images/536691.jpg,0.0
ava_test,322169,/home/tempuser1/aesthetics/data/images/322169.jpg,0.05459996312856674
ava_test,313170,/home/tempuser1/aesthetics/data/images/313170.jpg,1.2381535768508911
ava_test,687730,/home/tempuser1/aesthetics/data/images/687730.jpg,0.029846472665667534
ava_test,7950,/home/tempuser1/aesthetics/data/images/7950.jpg,0.8102519512176514
ava_test,701242,/home/tempuser1/aesthetics/data/images/701242.jpg,0.22684334218502045
ava_test,121502,/home/tempuser1/aesthetics/data/images/121502.jpg,0.09257253259420395
ava_test,597892,/home/tempuser1/aesthetics/data/images/597892.jpg,1.0389474630355835
ava_test,426744,/home/tempuser1/aesthetics/data/images/426744.jpg,0.37961867451667786
ava_test,654483,/home/tempuser1/aesthetics/data/images/654483.jpg,0.2787756025791168
ava_test,669118,/home/tempuser1/aesthetics/data/images/669118.jpg,0.23096399009227753
ava_test,632125,/home/tempuser1/aesthetics/data/images/632125.jpg,0.16093499958515167
ava_test,917254,/home/tempuser1/aesthetics/data/images/917254.jpg,0.08598339557647705
ava_test,209186,/home/tempuser1/aesthetics/data/images/209186.jpg,1.0193618535995483
ava_test,50520,/home/tempuser1/aesthetics/data/images/50520.jpg,0.09401046484708786
ava_test,160377,/home/tempuser1/aesthetics/data/images/160377.jpg,0.20227698981761932
ava_test,187488,/home/tempuser1/aesthetics/data/images/187488.jpg,11.619327545166016
ava_test,650610,/home/tempuser1/aesthetics/data/images/650610.jpg,0.5541060566902161
ava_test,232558,/home/tempuser1/aesthetics/data/images/232558.jpg,0.5658299922943115
ava_test,292091,/home/tempuser1/aesthetics/data/images/292091.jpg,0.3963605463504791
ava_test,493100,/home/tempuser1/aesthetics/data/images/493100.jpg,2.6056437492370605
ava_test,681967,/home/tempuser1/aesthetics/data/images/681967.jpg,0.10096685588359833
ava_test,60995,/home/tempuser1/aesthetics/data/images/60995.jpg,0.3325500786304474
ava_test,1677,/home/tempuser1/aesthetics/data/images/1677.jpg,0.32369092106819153
ava_test,69760,/home/tempuser1/aesthetics/data/images/69760.jpg,2.820964813232422
ava_test,312208,/home/tempuser1/aesthetics/data/images/312208.jpg,0.0693466067314148
ava_test,41863,/home/tempuser1/aesthetics/data/images/41863.jpg,0.5698219537734985
ava_test,185184,/home/tempuser1/aesthetics/data/images/185184.jpg,0.5982644557952881
ava_test,874246,/home/tempuser1/aesthetics/data/images/874246.jpg,0.6789796352386475
ava_test,212830,/home/tempuser1/aesthetics/data/images/212830.jpg,1.7326140403747559
ava_test,36557,/home/tempuser1/aesthetics/data/images/36557.jpg,0.1238173171877861
ava_test,89346,/home/tempuser1/aesthetics/data/images/89346.jpg,2.319377899169922
ava_test,181240,/home/tempuser1/aesthetics/data/images/181240.jpg,0.360767662525177
ava_test,197242,/home/tempuser1/aesthetics/data/images/197242.jpg,0.1483069211244583
ava_test,63720,/home/tempuser1/aesthetics/data/images/63720.jpg,0.015738390386104584
ava_test,237037,/home/tempuser1/aesthetics/data/images/237037.jpg,0.7794895768165588
ava_test,239732,/home/tempuser1/aesthetics/data/images/239732.jpg,0.2303948700428009
ava_test,110509,/home/tempuser1/aesthetics/data/images/110509.jpg,0.10431640595197678
ava_test,621138,/home/tempuser1/aesthetics/data/images/621138.jpg,0.4195021092891693
ava_test,848552,/home/tempuser1/aesthetics/data/images/848552.jpg,0.5373342633247375
ava_test,375851,/home/tempuser1/aesthetics/data/images/375851.jpg,0.1163075640797615
ava_test,354665,/home/tempuser1/aesthetics/data/images/354665.jpg,0.6167154908180237
ava_test,633065,/home/tempuser1/aesthetics/data/images/633065.jpg,0.569458544254303
ava_test,932764,/home/tempuser1/aesthetics/data/images/932764.jpg,1.5957943201065063
ava_test,132082,/home/tempuser1/aesthetics/data/images/132082.jpg,0.14386577904224396
ava_test,379876,/home/tempuser1/aesthetics/data/images/379876.jpg,0.13462869822978973
ava_test,384186,/home/tempuser1/aesthetics/data/images/384186.jpg,0.0646231472492218
ava_test,544150,/home/tempuser1/aesthetics/data/images/544150.jpg,0.4721683859825134
ava_test,853678,/home/tempuser1/aesthetics/data/images/853678.jpg,0.6218584179878235
ava_test,112468,/home/tempuser1/aesthetics/data/images/112468.jpg,0.21693138778209686
ava_test,796166,/home/tempuser1/aesthetics/data/images/796166.jpg,0.8922389149665833
ava_test,512330,/home/tempuser1/aesthetics/data/images/512330.jpg,0.8781179785728455
ava_test,59460,/home/tempuser1/aesthetics/data/images/59460.jpg,0.0
ava_test,585407,/home/tempuser1/aesthetics/data/images/585407.jpg,0.15616652369499207
ava_test,930853,/home/tempuser1/aesthetics/data/images/930853.jpg,0.6681041121482849
ava_test,139822,/home/tempuser1/aesthetics/data/images/139822.jpg,0.2363916039466858
ava_test,921239,/home/tempuser1/aesthetics/data/images/921239.jpg,1.4850165843963623
ava_test,455773,/home/tempuser1/aesthetics/data/images/455773.jpg,0.42133209109306335
ava_test,904583,/home/tempuser1/aesthetics/data/images/904583.jpg,0.0790625661611557
ava_test,450495,/home/tempuser1/aesthetics/data/images/450495.jpg,2.379804849624634
ava_test,260579,/home/tempuser1/aesthetics/data/images/260579.jpg,0.1203034296631813
ava_test,479209,/home/tempuser1/aesthetics/data/images/479209.jpg,0.0
ava_test,59032,/home/tempuser1/aesthetics/data/images/59032.jpg,0.002382902195677161
ava_test,464941,/home/tempuser1/aesthetics/data/images/464941.jpg,0.2512083649635315
ava_test,555771,/home/tempuser1/aesthetics/data/images/555771.jpg,0.5773413777351379
ava_test,298162,/home/tempuser1/aesthetics/data/images/298162.jpg,0.26740190386772156
ava_test,546685,/home/tempuser1/aesthetics/data/images/546685.jpg,0.37585392594337463
ava_test,180857,/home/tempuser1/aesthetics/data/images/180857.jpg,0.5989584922790527
ava_test,451933,/home/tempuser1/aesthetics/data/images/451933.jpg,0.0875895768404007
ava_test,472444,/home/tempuser1/aesthetics/data/images/472444.jpg,0.8085055351257324
ava_test,110368,/home/tempuser1/aesthetics/data/images/110368.jpg,0.6222901940345764
ava_test,572774,/home/tempuser1/aesthetics/data/images/572774.jpg,0.06395714730024338
ava_test,169135,/home/tempuser1/aesthetics/data/images/169135.jpg,0.5458263158798218
ava_test,55127,/home/tempuser1/aesthetics/data/images/55127.jpg,0.09305795282125473
ava_test,192770,/home/tempuser1/aesthetics/data/images/192770.jpg,0.20876994729042053
ava_test,423551,/home/tempuser1/aesthetics/data/images/423551.jpg,0.1949671059846878
ava_test,333663,/home/tempuser1/aesthetics/data/images/333663.jpg,0.17171220481395721
ava_test,12106,/home/tempuser1/aesthetics/data/images/12106.jpg,0.093970887362957
ava_test,127082,/home/tempuser1/aesthetics/data/images/127082.jpg,0.44490280747413635
ava_test,244532,/home/tempuser1/aesthetics/data/images/244532.jpg,0.5968687534332275
ava_test,339931,/home/tempuser1/aesthetics/data/images/339931.jpg,0.5856580138206482
ava_test,162971,/home/tempuser1/aesthetics/data/images/162971.jpg,0.19313839077949524
ava_test,15665,/home/tempuser1/aesthetics/data/images/15665.jpg,0.5925044417381287
ava_test,51100,/home/tempuser1/aesthetics/data/images/51100.jpg,0.35567763447761536
ava_test,814497,/home/tempuser1/aesthetics/data/images/814497.jpg,0.26225918531417847
ava_test,300936,/home/tempuser1/aesthetics/data/images/300936.jpg,3.823587417602539
ava_test,106307,/home/tempuser1/aesthetics/data/images/106307.jpg,0.3035547137260437
ava_test,317456,/home/tempuser1/aesthetics/data/images/317456.jpg,0.3439120948314667
ava_test,349156,/home/tempuser1/aesthetics/data/images/349156.jpg,0.7732670307159424
ava_test,145395,/home/tempuser1/aesthetics/data/images/145395.jpg,0.21213890612125397
ava_test,418335,/home/tempuser1/aesthetics/data/images/418335.jpg,0.23505190014839172
ava_test,789506,/home/tempuser1/aesthetics/data/images/789506.jpg,0.3351951837539673
ava_test,12168,/home/tempuser1/aesthetics/data/images/12168.jpg,0.07120179384946823
ava_test,139213,/home/tempuser1/aesthetics/data/images/139213.jpg,0.32318246364593506
ava_test,306613,/home/tempuser1/aesthetics/data/images/306613.jpg,0.5630747675895691
ava_test,891753,/home/tempuser1/aesthetics/data/images/891753.jpg,0.2579212188720703
ava_test,558898,/home/tempuser1/aesthetics/data/images/558898.jpg,0.27210187911987305
ava_test,119025,/home/tempuser1/aesthetics/data/images/119025.jpg,0.36216047406196594
ava_test,131351,/home/tempuser1/aesthetics/data/images/131351.jpg,0.10287013649940491
ava_test,23028,/home/tempuser1/aesthetics/data/images/23028.jpg,0.7410233616828918
ava_test,743404,/home/tempuser1/aesthetics/data/images/743404.jpg,0.4934910833835602
ava_test,771836,/home/tempuser1/aesthetics/data/images/771836.jpg,1.1836626529693604
ava_test,456897,/home/tempuser1/aesthetics/data/images/456897.jpg,0.4749249517917633
ava_test,285524,/home/tempuser1/aesthetics/data/images/285524.jpg,1.3553295135498047
ava_test,763576,/home/tempuser1/aesthetics/data/images/763576.jpg,0.7164901494979858
ava_test,363890,/home/tempuser1/aesthetics/data/images/363890.jpg,0.29020369052886963
ava_test,828397,/home/tempuser1/aesthetics/data/images/828397.jpg,0.19662588834762573
ava_test,521024,/home/tempuser1/aesthetics/data/images/521024.jpg,0.47901055216789246
ava_test,836651,/home/tempuser1/aesthetics/data/images/836651.jpg,0.36033540964126587
ava_test,67682,/home/tempuser1/aesthetics/data/images/67682.jpg,0.13692206144332886
ava_test,22017,/home/tempuser1/aesthetics/data/images/22017.jpg,0.38579681515693665
ava_test,322543,/home/tempuser1/aesthetics/data/images/322543.jpg,0.6953473687171936
ava_test,951150,/home/tempuser1/aesthetics/data/images/951150.jpg,0.8767614364624023
ava_test,1512,/home/tempuser1/aesthetics/data/images/1512.jpg,0.4352850019931793
ava_test,704375,/home/tempuser1/aesthetics/data/images/704375.jpg,0.5891621708869934
ava_test,186925,/home/tempuser1/aesthetics/data/images/186925.jpg,0.08440391719341278
ava_test,200202,/home/tempuser1/aesthetics/data/images/200202.jpg,0.8478176593780518
ava_test,703886,/home/tempuser1/aesthetics/data/images/703886.jpg,0.8688048720359802
ava_test,49133,/home/tempuser1/aesthetics/data/images/49133.jpg,0.538203239440918
ava_test,105473,/home/tempuser1/aesthetics/data/images/105473.jpg,0.3197080194950104
ava_test,21910,/home/tempuser1/aesthetics/data/images/21910.jpg,0.6466124057769775
ava_test,96251,/home/tempuser1/aesthetics/data/images/96251.jpg,0.5603737831115723
ava_test,284865,/home/tempuser1/aesthetics/data/images/284865.jpg,0.0972813293337822
ava_test,56748,/home/tempuser1/aesthetics/data/images/56748.jpg,1.0282241106033325
ava_test,17414,/home/tempuser1/aesthetics/data/images/17414.jpg,1.2658331394195557
ava_test,324045,/home/tempuser1/aesthetics/data/images/324045.jpg,0.10907027870416641
ava_test,373654,/home/tempuser1/aesthetics/data/images/373654.jpg,0.2519511282444
ava_test,635673,/home/tempuser1/aesthetics/data/images/635673.jpg,0.5062289237976074
ava_test,139960,/home/tempuser1/aesthetics/data/images/139960.jpg,0.32529664039611816
ava_test,792674,/home/tempuser1/aesthetics/data/images/792674.jpg,0.04076014459133148
ava_test,391513,/home/tempuser1/aesthetics/data/images/391513.jpg,0.5542923212051392
ava_test,811865,/home/tempuser1/aesthetics/data/images/811865.jpg,0.06429212540388107
ava_test,313062,/home/tempuser1/aesthetics/data/images/313062.jpg,1.234167456626892
ava_test,687736,/home/tempuser1/aesthetics/data/images/687736.jpg,0.18991076946258545
ava_test,5920,/home/tempuser1/aesthetics/data/images/5920.jpg,0.12406767159700394
ava_test,131716,/home/tempuser1/aesthetics/data/images/131716.jpg,0.1286923885345459
ava_test,352512,/home/tempuser1/aesthetics/data/images/352512.jpg,0.9756025075912476
ava_test,679522,/home/tempuser1/aesthetics/data/images/679522.jpg,0.16972078382968903
ava_test,322685,/home/tempuser1/aesthetics/data/images/322685.jpg,0.18990778923034668
ava_test,262027,/home/tempuser1/aesthetics/data/images/262027.jpg,0.7081757187843323
ava_test,678249,/home/tempuser1/aesthetics/data/images/678249.jpg,0.1836453527212143
ava_test,939445,/home/tempuser1/aesthetics/data/images/939445.jpg,0.31316715478897095
ava_test,878618,/home/tempuser1/aesthetics/data/images/878618.jpg,0.08961842209100723
ava_test,757144,/home/tempuser1/aesthetics/data/images/757144.jpg,0.09509637206792831
ava_test,823852,/home/tempuser1/aesthetics/data/images/823852.jpg,0.3175339698791504
ava_test,896927,/home/tempuser1/aesthetics/data/images/896927.jpg,0.28341469168663025
ava_test,443649,/home/tempuser1/aesthetics/data/images/443649.jpg,0.06749152392148972
ava_test,940369,/home/tempuser1/aesthetics/data/images/940369.jpg,0.3516295254230499
ava_test,724165,/home/tempuser1/aesthetics/data/images/724165.jpg,0.12286432087421417
ava_test,78683,/home/tempuser1/aesthetics/data/images/78683.jpg,0.14708200097084045
ava_test,489188,/home/tempuser1/aesthetics/data/images/489188.jpg,3.3573484420776367
ava_test,202209,/home/tempuser1/aesthetics/data/images/202209.jpg,0.20596039295196533
ava_test,316190,/home/tempuser1/aesthetics/data/images/316190.jpg,0.25848332047462463
ava_test,845031,/home/tempuser1/aesthetics/data/images/845031.jpg,0.1590825617313385
ava_test,335481,/home/tempuser1/aesthetics/data/images/335481.jpg,0.984180212020874
ava_test,471338,/home/tempuser1/aesthetics/data/images/471338.jpg,1.367093801498413
ava_test,510516,/home/tempuser1/aesthetics/data/images/510516.jpg,0.3455863296985626
ava_test,802630,/home/tempuser1/aesthetics/data/images/802630.jpg,0.585577130317688
ava_test,479454,/home/tempuser1/aesthetics/data/images/479454.jpg,0.08266957104206085
ava_test,243153,/home/tempuser1/aesthetics/data/images/243153.jpg,1.696344256401062
ava_test,20450,/home/tempuser1/aesthetics/data/images/20450.jpg,0.368634968996048
ava_test,934873,/home/tempuser1/aesthetics/data/images/934873.jpg,0.39871713519096375
ava_test,919956,/home/tempuser1/aesthetics/data/images/919956.jpg,0.7862930297851562
ava_test,247831,/home/tempuser1/aesthetics/data/images/247831.jpg,0.8761690855026245
ava_test,586833,/home/tempuser1/aesthetics/data/images/586833.jpg,0.06362415850162506
ava_test,831098,/home/tempuser1/aesthetics/data/images/831098.jpg,0.42765456438064575
ava_test,937917,/home/tempuser1/aesthetics/data/images/937917.jpg,0.5181016325950623
ava_test,648744,/home/tempuser1/aesthetics/data/images/648744.jpg,0.14257098734378815
ava_test,79156,/home/tempuser1/aesthetics/data/images/79156.jpg,0.4351455569267273
ava_test,492880,/home/tempuser1/aesthetics/data/images/492880.jpg,0.3257938325405121
ava_test,11189,/home/tempuser1/aesthetics/data/images/11189.jpg,1.0404484272003174
ava_test,344373,/home/tempuser1/aesthetics/data/images/344373.jpg,0.7282096147537231
ava_test,809771,/home/tempuser1/aesthetics/data/images/809771.jpg,0.33738479018211365
ava_test,57792,/home/tempuser1/aesthetics/data/images/57792.jpg,1.374565839767456
ava_test,719231,/home/tempuser1/aesthetics/data/images/719231.jpg,1.2576441764831543
ava_test,258031,/home/tempuser1/aesthetics/data/images/258031.jpg,0.6652829051017761
ava_test,281641,/home/tempuser1/aesthetics/data/images/281641.jpg,0.8308315873146057
ava_test,757455,/home/tempuser1/aesthetics/data/images/757455.jpg,0.2332526445388794
ava_test,923049,/home/tempuser1/aesthetics/data/images/923049.jpg,1.0055627822875977
ava_test,597164,/home/tempuser1/aesthetics/data/images/597164.jpg,2.25124192237854
ava_test,626462,/home/tempuser1/aesthetics/data/images/626462.jpg,0.4062618911266327
ava_test,157360,/home/tempuser1/aesthetics/data/images/157360.jpg,0.6513323187828064
ava_test,5015,/home/tempuser1/aesthetics/data/images/5015.jpg,0.2419639676809311
ava_test,806512,/home/tempuser1/aesthetics/data/images/806512.jpg,0.3959084451198578
ava_test,950436,/home/tempuser1/aesthetics/data/images/950436.jpg,0.8820212483406067
ava_test,276012,/home/tempuser1/aesthetics/data/images/276012.jpg,0.7214227318763733
ava_test,636146,/home/tempuser1/aesthetics/data/images/636146.jpg,0.6388801336288452
ava_test,121361,/home/tempuser1/aesthetics/data/images/121361.jpg,0.5627818703651428
ava_test,572647,/home/tempuser1/aesthetics/data/images/572647.jpg,0.8411188125610352
ava_test,790654,/home/tempuser1/aesthetics/data/images/790654.jpg,1.2432576417922974
ava_test,409,/home/tempuser1/aesthetics/data/images/409.jpg,0.7079246044158936
ava_test,643626,/home/tempuser1/aesthetics/data/images/643626.jpg,0.6333485841751099
ava_test,577,/home/tempuser1/aesthetics/data/images/577.jpg,0.03498193621635437
ava_test,572476,/home/tempuser1/aesthetics/data/images/572476.jpg,0.064846470952034
ava_test,189462,/home/tempuser1/aesthetics/data/images/189462.jpg,0.5257863402366638
ava_test,832849,/home/tempuser1/aesthetics/data/images/832849.jpg,0.17700226604938507
ava_test,364801,/home/tempuser1/aesthetics/data/images/364801.jpg,0.3187192380428314
ava_test,578674,/home/tempuser1/aesthetics/data/images/578674.jpg,0.4572411775588989
ava_test,337977,/home/tempuser1/aesthetics/data/images/337977.jpg,0.48827698826789856
ava_test,957640,/home/tempuser1/aesthetics/data/images/957640.jpg,0.4358018934726715
ava_test,861086,/home/tempuser1/aesthetics/data/images/861086.jpg,0.21908602118492126
ava_test,380059,/home/tempuser1/aesthetics/data/images/380059.jpg,0.8123451471328735
ava_test,611452,/home/tempuser1/aesthetics/data/images/611452.jpg,0.4875214397907257
ava_test,362524,/home/tempuser1/aesthetics/data/images/362524.jpg,0.2616467773914337
ava_test,165516,/home/tempuser1/aesthetics/data/images/165516.jpg,0.37431877851486206
ava_test,346147,/home/tempuser1/aesthetics/data/images/346147.jpg,1.3335680961608887
ava_test,96556,/home/tempuser1/aesthetics/data/images/96556.jpg,0.16400788724422455
ava_test,471325,/home/tempuser1/aesthetics/data/images/471325.jpg,1.0825968980789185
ava_test,859432,/home/tempuser1/aesthetics/data/images/859432.jpg,0.16356293857097626
ava_test,433199,/home/tempuser1/aesthetics/data/images/433199.jpg,0.1905527114868164
ava_test,724797,/home/tempuser1/aesthetics/data/images/724797.jpg,0.5638930797576904
ava_test,916397,/home/tempuser1/aesthetics/data/images/916397.jpg,0.3200608193874359
ava_test,618697,/home/tempuser1/aesthetics/data/images/618697.jpg,0.12286316603422165
ava_test,709323,/home/tempuser1/aesthetics/data/images/709323.jpg,0.15908993780612946
ava_test,483128,/home/tempuser1/aesthetics/data/images/483128.jpg,0.7388973832130432
ava_test,136701,/home/tempuser1/aesthetics/data/images/136701.jpg,0.17031337320804596
ava_test,4282,/home/tempuser1/aesthetics/data/images/4282.jpg,1.1043978929519653
ava_test,668288,/home/tempuser1/aesthetics/data/images/668288.jpg,0.14775432646274567
ava_test,717194,/home/tempuser1/aesthetics/data/images/717194.jpg,0.40349873900413513
ava_test,24003,/home/tempuser1/aesthetics/data/images/24003.jpg,0.4876156151294708
ava_test,276460,/home/tempuser1/aesthetics/data/images/276460.jpg,0.1500183343887329
ava_test,234965,/home/tempuser1/aesthetics/data/images/234965.jpg,0.5573150515556335
ava_test,350300,/home/tempuser1/aesthetics/data/images/350300.jpg,0.6107035875320435
ava_test,786039,/home/tempuser1/aesthetics/data/images/786039.jpg,0.6481255888938904
ava_test,758099,/home/tempuser1/aesthetics/data/images/758099.jpg,0.07231760025024414
ava_test,45374,/home/tempuser1/aesthetics/data/images/45374.jpg,1.2438236474990845
ava_test,578656,/home/tempuser1/aesthetics/data/images/578656.jpg,0.2664368748664856
ava_test,418252,/home/tempuser1/aesthetics/data/images/418252.jpg,0.25929704308509827
ava_test,682335,/home/tempuser1/aesthetics/data/images/682335.jpg,0.7159088850021362
ava_test,536231,/home/tempuser1/aesthetics/data/images/536231.jpg,0.6790117025375366
ava_test,163505,/home/tempuser1/aesthetics/data/images/163505.jpg,0.25569388270378113
ava_test,294589,/home/tempuser1/aesthetics/data/images/294589.jpg,0.8066743612289429
ava_test,803641,/home/tempuser1/aesthetics/data/images/803641.jpg,0.12540024518966675
ava_test,930240,/home/tempuser1/aesthetics/data/images/930240.jpg,0.2721100151538849
ava_test,375435,/home/tempuser1/aesthetics/data/images/375435.jpg,0.4273023009300232
ava_test,942632,/home/tempuser1/aesthetics/data/images/942632.jpg,0.39291325211524963
ava_test,76259,/home/tempuser1/aesthetics/data/images/76259.jpg,0.11490389704704285
ava_test,285948,/home/tempuser1/aesthetics/data/images/285948.jpg,0.2814335823059082
ava_test,501378,/home/tempuser1/aesthetics/data/images/501378.jpg,0.6414272785186768
ava_test,739762,/home/tempuser1/aesthetics/data/images/739762.jpg,0.3268792927265167
ava_test,916419,/home/tempuser1/aesthetics/data/images/916419.jpg,0.3209371268749237
ava_test,910467,/home/tempuser1/aesthetics/data/images/910467.jpg,0.4612197279930115
ava_test,414223,/home/tempuser1/aesthetics/data/images/414223.jpg,0.8625901937484741
ava_test,693247,/home/tempuser1/aesthetics/data/images/693247.jpg,0.2284700572490692
ava_test,253578,/home/tempuser1/aesthetics/data/images/253578.jpg,0.32930368185043335
ava_test,804840,/home/tempuser1/aesthetics/data/images/804840.jpg,0.1931247115135193
ava_test,195674,/home/tempuser1/aesthetics/data/images/195674.jpg,0.1657232940196991
ava_test,743958,/home/tempuser1/aesthetics/data/images/743958.jpg,0.1438785344362259
ava_test,99795,/home/tempuser1/aesthetics/data/images/99795.jpg,0.5556171536445618
ava_test,942509,/home/tempuser1/aesthetics/data/images/942509.jpg,0.38859397172927856
ava_test,346845,/home/tempuser1/aesthetics/data/images/346845.jpg,0.12222659587860107
ava_test,813169,/home/tempuser1/aesthetics/data/images/813169.jpg,0.528435468673706
ava_test,28283,/home/tempuser1/aesthetics/data/images/28283.jpg,0.9833124279975891
ava_test,699355,/home/tempuser1/aesthetics/data/images/699355.jpg,0.13883595168590546
ava_test,944562,/home/tempuser1/aesthetics/data/images/944562.jpg,0.5456392765045166
ava_test,761735,/home/tempuser1/aesthetics/data/images/761735.jpg,0.10915251076221466
ava_test,248393,/home/tempuser1/aesthetics/data/images/248393.jpg,0.15714982151985168
ava_test,449980,/home/tempuser1/aesthetics/data/images/449980.jpg,0.4797462522983551
ava_test,94886,/home/tempuser1/aesthetics/data/images/94886.jpg,0.36302363872528076
ava_test,936004,/home/tempuser1/aesthetics/data/images/936004.jpg,0.6043828725814819
ava_test,257179,/home/tempuser1/aesthetics/data/images/257179.jpg,0.47607460618019104
ava_test,321556,/home/tempuser1/aesthetics/data/images/321556.jpg,0.044715218245983124
ava_test,554271,/home/tempuser1/aesthetics/data/images/554271.jpg,0.3963613510131836
ava_test,73479,/home/tempuser1/aesthetics/data/images/73479.jpg,0.25590938329696655
ava_test,71829,/home/tempuser1/aesthetics/data/images/71829.jpg,0.6800768375396729
ava_test,472549,/home/tempuser1/aesthetics/data/images/472549.jpg,1.4786651134490967
ava_test,777475,/home/tempuser1/aesthetics/data/images/777475.jpg,0.8145029544830322
ava_test,667837,/home/tempuser1/aesthetics/data/images/667837.jpg,0.6203513145446777
ava_test,716400,/home/tempuser1/aesthetics/data/images/716400.jpg,1.0300019979476929
ava_test,19940,/home/tempuser1/aesthetics/data/images/19940.jpg,0.1626817137002945
ava_test,275667,/home/tempuser1/aesthetics/data/images/275667.jpg,0.3999243974685669
ava_test,862185,/home/tempuser1/aesthetics/data/images/862185.jpg,1.6940741539001465
ava_test,215033,/home/tempuser1/aesthetics/data/images/215033.jpg,0.2221740037202835
ava_test,207650,/home/tempuser1/aesthetics/data/images/207650.jpg,0.05413473770022392
ava_test,464252,/home/tempuser1/aesthetics/data/images/464252.jpg,0.49795740842819214
ava_test,30634,/home/tempuser1/aesthetics/data/images/30634.jpg,0.35428401827812195
ava_test,115469,/home/tempuser1/aesthetics/data/images/115469.jpg,0.37715330719947815
ava_test,9482,/home/tempuser1/aesthetics/data/images/9482.jpg,0.28035932779312134
ava_test,902909,/home/tempuser1/aesthetics/data/images/902909.jpg,0.07565753161907196
ava_test,640287,/home/tempuser1/aesthetics/data/images/640287.jpg,0.20706570148468018
ava_test,5692,/home/tempuser1/aesthetics/data/images/5692.jpg,0.2457563579082489
ava_test,141519,/home/tempuser1/aesthetics/data/images/141519.jpg,0.475111722946167
ava_test,350892,/home/tempuser1/aesthetics/data/images/350892.jpg,2.2630414962768555
ava_test,401017,/home/tempuser1/aesthetics/data/images/401017.jpg,0.7963466644287109
ava_test,260329,/home/tempuser1/aesthetics/data/images/260329.jpg,1.3933526277542114
ava_test,86956,/home/tempuser1/aesthetics/data/images/86956.jpg,0.0466008186340332
ava_test,810355,/home/tempuser1/aesthetics/data/images/810355.jpg,0.3356763422489166
ava_test,445316,/home/tempuser1/aesthetics/data/images/445316.jpg,0.13834817707538605
ava_test,865456,/home/tempuser1/aesthetics/data/images/865456.jpg,0.41601595282554626
ava_test,90001,/home/tempuser1/aesthetics/data/images/90001.jpg,0.31405308842658997
ava_test,10050,/home/tempuser1/aesthetics/data/images/10050.jpg,0.6357060670852661
ava_test,533988,/home/tempuser1/aesthetics/data/images/533988.jpg,0.4722580015659332
ava_test,946872,/home/tempuser1/aesthetics/data/images/946872.jpg,0.19451047480106354
ava_test,793099,/home/tempuser1/aesthetics/data/images/793099.jpg,0.6929880380630493
ava_test,72399,/home/tempuser1/aesthetics/data/images/72399.jpg,0.2192806899547577
ava_test,483770,/home/tempuser1/aesthetics/data/images/483770.jpg,0.1267092525959015
ava_test,225590,/home/tempuser1/aesthetics/data/images/225590.jpg,0.7383324503898621
ava_test,490348,/home/tempuser1/aesthetics/data/images/490348.jpg,0.5746877193450928
ava_test,416886,/home/tempuser1/aesthetics/data/images/416886.jpg,0.07534293085336685
ava_test,367210,/home/tempuser1/aesthetics/data/images/367210.jpg,0.28069543838500977
ava_test,17561,/home/tempuser1/aesthetics/data/images/17561.jpg,0.47361788153648376
ava_test,19017,/home/tempuser1/aesthetics/data/images/19017.jpg,0.6617289781570435
ava_test,745348,/home/tempuser1/aesthetics/data/images/745348.jpg,0.3352805972099304
ava_test,745568,/home/tempuser1/aesthetics/data/images/745568.jpg,0.33915480971336365
ava_test,872994,/home/tempuser1/aesthetics/data/images/872994.jpg,0.4976787865161896
ava_test,153257,/home/tempuser1/aesthetics/data/images/153257.jpg,0.31275707483291626
ava_test,171919,/home/tempuser1/aesthetics/data/images/171919.jpg,0.037397563457489014
ava_test,476010,/home/tempuser1/aesthetics/data/images/476010.jpg,0.05441117286682129
ava_test,779671,/home/tempuser1/aesthetics/data/images/779671.jpg,0.11719144135713577
ava_test,164794,/home/tempuser1/aesthetics/data/images/164794.jpg,0.20448215305805206
ava_test,735965,/home/tempuser1/aesthetics/data/images/735965.jpg,0.07251381129026413
ava_test,366822,/home/tempuser1/aesthetics/data/images/366822.jpg,0.040326379239559174
ava_test,499112,/home/tempuser1/aesthetics/data/images/499112.jpg,0.14081422984600067
ava_test,840080,/home/tempuser1/aesthetics/data/images/840080.jpg,0.7532868981361389
ava_test,851087,/home/tempuser1/aesthetics/data/images/851087.jpg,0.22109757363796234
ava_test,212868,/home/tempuser1/aesthetics/data/images/212868.jpg,0.29401665925979614
ava_test,106707,/home/tempuser1/aesthetics/data/images/106707.jpg,0.7442528009414673
ava_test,15360,/home/tempuser1/aesthetics/data/images/15360.jpg,0.38746869564056396
ava_test,461458,/home/tempuser1/aesthetics/data/images/461458.jpg,0.05208355560898781
ava_test,215201,/home/tempuser1/aesthetics/data/images/215201.jpg,0.6432148218154907
ava_test,164250,/home/tempuser1/aesthetics/data/images/164250.jpg,0.02879190817475319
ava_test,244895,/home/tempuser1/aesthetics/data/images/244895.jpg,2.4329833984375
ava_test,769770,/home/tempuser1/aesthetics/data/images/769770.jpg,0.32042258977890015
ava_test,358144,/home/tempuser1/aesthetics/data/images/358144.jpg,0.9810869097709656
ava_test,168318,/home/tempuser1/aesthetics/data/images/168318.jpg,0.7097485065460205
ava_test,113600,/home/tempuser1/aesthetics/data/images/113600.jpg,0.043096259236335754
ava_test,537781,/home/tempuser1/aesthetics/data/images/537781.jpg,0.9431923627853394
ava_test,670917,/home/tempuser1/aesthetics/data/images/670917.jpg,0.06467755883932114
ava_test,16288,/home/tempuser1/aesthetics/data/images/16288.jpg,0.563929557800293
ava_test,905086,/home/tempuser1/aesthetics/data/images/905086.jpg,0.11661414057016373
ava_test,6159,/home/tempuser1/aesthetics/data/images/6159.jpg,2.080160140991211
ava_test,7876,/home/tempuser1/aesthetics/data/images/7876.jpg,0.4274961054325104
ava_test,63732,/home/tempuser1/aesthetics/data/images/63732.jpg,1.4323517084121704
ava_test,492194,/home/tempuser1/aesthetics/data/images/492194.jpg,1.1893571615219116
ava_test,720015,/home/tempuser1/aesthetics/data/images/720015.jpg,0.8032646775245667
ava_test,14699,/home/tempuser1/aesthetics/data/images/14699.jpg,0.15438567101955414
ava_test,18838,/home/tempuser1/aesthetics/data/images/18838.jpg,0.6023886203765869
ava_test,5800,/home/tempuser1/aesthetics/data/images/5800.jpg,0.3651041090488434
ava_test,853595,/home/tempuser1/aesthetics/data/images/853595.jpg,0.17298981547355652
ava_test,624789,/home/tempuser1/aesthetics/data/images/624789.jpg,0.12713001668453217
ava_test,32801,/home/tempuser1/aesthetics/data/images/32801.jpg,0.009850775822997093
ava_test,244085,/home/tempuser1/aesthetics/data/images/244085.jpg,0.2554103136062622
ava_test,570094,/home/tempuser1/aesthetics/data/images/570094.jpg,0.7949985861778259
ava_test,822283,/home/tempuser1/aesthetics/data/images/822283.jpg,0.12159506976604462
ava_test,78407,/home/tempuser1/aesthetics/data/images/78407.jpg,0.14019496738910675
ava_test,55683,/home/tempuser1/aesthetics/data/images/55683.jpg,0.44104576110839844
ava_test,381559,/home/tempuser1/aesthetics/data/images/381559.jpg,0.07281341403722763
ava_test,761509,/home/tempuser1/aesthetics/data/images/761509.jpg,0.447496235370636
ava_test,405948,/home/tempuser1/aesthetics/data/images/405948.jpg,0.9728768467903137
ava_test,471322,/home/tempuser1/aesthetics/data/images/471322.jpg,0.36957162618637085
ava_test,308533,/home/tempuser1/aesthetics/data/images/308533.jpg,0.1310584545135498
ava_test,426503,/home/tempuser1/aesthetics/data/images/426503.jpg,0.5620858073234558
ava_test,682030,/home/tempuser1/aesthetics/data/images/682030.jpg,0.11328276246786118
ava_test,314875,/home/tempuser1/aesthetics/data/images/314875.jpg,0.30776891112327576
ava_test,154043,/home/tempuser1/aesthetics/data/images/154043.jpg,0.03622140362858772
ava_test,321328,/home/tempuser1/aesthetics/data/images/321328.jpg,0.03359097242355347
ava_test,239819,/home/tempuser1/aesthetics/data/images/239819.jpg,0.401512086391449
ava_test,780006,/home/tempuser1/aesthetics/data/images/780006.jpg,0.09854093194007874
ava_test,822972,/home/tempuser1/aesthetics/data/images/822972.jpg,0.051889531314373016
ava_test,564487,/home/tempuser1/aesthetics/data/images/564487.jpg,0.24246768653392792
ava_test,178271,/home/tempuser1/aesthetics/data/images/178271.jpg,0.11898087710142136
ava_test,69753,/home/tempuser1/aesthetics/data/images/69753.jpg,0.48615115880966187
ava_test,139276,/home/tempuser1/aesthetics/data/images/139276.jpg,0.5917263627052307
ava_test,1615,/home/tempuser1/aesthetics/data/images/1615.jpg,0.17116230726242065
ava_test,108643,/home/tempuser1/aesthetics/data/images/108643.jpg,24.642759323120117
ava_test,489306,/home/tempuser1/aesthetics/data/images/489306.jpg,0.2678201496601105
ava_test,676127,/home/tempuser1/aesthetics/data/images/676127.jpg,0.5756548047065735
ava_test,483825,/home/tempuser1/aesthetics/data/images/483825.jpg,0.3893755078315735
ava_test,847118,/home/tempuser1/aesthetics/data/images/847118.jpg,0.08469314128160477
ava_test,492697,/home/tempuser1/aesthetics/data/images/492697.jpg,0.379793643951416
ava_test,704105,/home/tempuser1/aesthetics/data/images/704105.jpg,0.3137296140193939
ava_test,3389,/home/tempuser1/aesthetics/data/images/3389.jpg,0.46965962648391724
ava_test,207149,/home/tempuser1/aesthetics/data/images/207149.jpg,0.9023748636245728
ava_test,387540,/home/tempuser1/aesthetics/data/images/387540.jpg,0.12316146492958069
ava_test,18732,/home/tempuser1/aesthetics/data/images/18732.jpg,0.11741472780704498
ava_test,920361,/home/tempuser1/aesthetics/data/images/920361.jpg,0.4140412211418152
ava_test,914231,/home/tempuser1/aesthetics/data/images/914231.jpg,0.4285326898097992
ava_test,5516,/home/tempuser1/aesthetics/data/images/5516.jpg,0.5866836905479431
ava_test,351032,/home/tempuser1/aesthetics/data/images/351032.jpg,0.9481569528579712
ava_test,42866,/home/tempuser1/aesthetics/data/images/42866.jpg,0.047774385660886765
ava_test,164345,/home/tempuser1/aesthetics/data/images/164345.jpg,0.42101457715034485
ava_test,228067,/home/tempuser1/aesthetics/data/images/228067.jpg,0.9532968997955322
ava_test,161142,/home/tempuser1/aesthetics/data/images/161142.jpg,1.3226596117019653
ava_test,48889,/home/tempuser1/aesthetics/data/images/48889.jpg,0.9982826709747314
ava_test,313606,/home/tempuser1/aesthetics/data/images/313606.jpg,0.5767831802368164
ava_test,651121,/home/tempuser1/aesthetics/data/images/651121.jpg,0.1831512749195099
ava_test,115789,/home/tempuser1/aesthetics/data/images/115789.jpg,0.7342823147773743
ava_test,412217,/home/tempuser1/aesthetics/data/images/412217.jpg,0.03547682240605354
ava_test,92915,/home/tempuser1/aesthetics/data/images/92915.jpg,0.03216266632080078
ava_test,275025,/home/tempuser1/aesthetics/data/images/275025.jpg,0.47606995701789856
ava_test,45060,/home/tempuser1/aesthetics/data/images/45060.jpg,1.4461827278137207
ava_test,473579,/home/tempuser1/aesthetics/data/images/473579.jpg,1.9357527494430542
ava_test,551276,/home/tempuser1/aesthetics/data/images/551276.jpg,0.19720451533794403
ava_test,941455,/home/tempuser1/aesthetics/data/images/941455.jpg,0.7488837242126465
ava_test,18860,/home/tempuser1/aesthetics/data/images/18860.jpg,0.7237845063209534
ava_test,66498,/home/tempuser1/aesthetics/data/images/66498.jpg,0.5128480792045593
ava_test,516653,/home/tempuser1/aesthetics/data/images/516653.jpg,0.3403172492980957
ava_test,446425,/home/tempuser1/aesthetics/data/images/446425.jpg,0.602756142616272
ava_test,173399,/home/tempuser1/aesthetics/data/images/173399.jpg,0.04699070006608963
ava_test,582425,/home/tempuser1/aesthetics/data/images/582425.jpg,0.5694665908813477
ava_test,251562,/home/tempuser1/aesthetics/data/images/251562.jpg,1.361504316329956
ava_test,371300,/home/tempuser1/aesthetics/data/images/371300.jpg,0.20361068844795227
ava_test,875985,/home/tempuser1/aesthetics/data/images/875985.jpg,0.05346088483929634
ava_test,10795,/home/tempuser1/aesthetics/data/images/10795.jpg,0.5584754347801208
ava_test,869212,/home/tempuser1/aesthetics/data/images/869212.jpg,0.03414830565452576
ava_test,901489,/home/tempuser1/aesthetics/data/images/901489.jpg,0.054711878299713135
ava_test,460799,/home/tempuser1/aesthetics/data/images/460799.jpg,0.9698781967163086
ava_test,83732,/home/tempuser1/aesthetics/data/images/83732.jpg,0.832477331161499
ava_test,498329,/home/tempuser1/aesthetics/data/images/498329.jpg,0.01974921114742756
ava_test,121227,/home/tempuser1/aesthetics/data/images/121227.jpg,0.2667607367038727
ava_test,3655,/home/tempuser1/aesthetics/data/images/3655.jpg,1.0522501468658447
ava_test,856969,/home/tempuser1/aesthetics/data/images/856969.jpg,0.8479318022727966
ava_test,260013,/home/tempuser1/aesthetics/data/images/260013.jpg,0.5271851420402527
ava_test,295189,/home/tempuser1/aesthetics/data/images/295189.jpg,1.3191895484924316
ava_test,237288,/home/tempuser1/aesthetics/data/images/237288.jpg,0.8658593893051147
ava_test,720290,/home/tempuser1/aesthetics/data/images/720290.jpg,0.09994156658649445
ava_test,224588,/home/tempuser1/aesthetics/data/images/224588.jpg,0.19105173647403717
ava_test,492585,/home/tempuser1/aesthetics/data/images/492585.jpg,0.7408691644668579
ava_test,957256,/home/tempuser1/aesthetics/data/images/957256.jpg,0.05195983126759529
ava_test,861399,/home/tempuser1/aesthetics/data/images/861399.jpg,0.39449477195739746
ava_test,216104,/home/tempuser1/aesthetics/data/images/216104.jpg,0.2983320355415344
ava_test,63959,/home/tempuser1/aesthetics/data/images/63959.jpg,1.4154300689697266
ava_test,394099,/home/tempuser1/aesthetics/data/images/394099.jpg,0.5993709564208984
ava_test,754846,/home/tempuser1/aesthetics/data/images/754846.jpg,1.1727489233016968
ava_test,54576,/home/tempuser1/aesthetics/data/images/54576.jpg,0.14949092268943787
ava_test,744290,/home/tempuser1/aesthetics/data/images/744290.jpg,0.6545884013175964
ava_test,394254,/home/tempuser1/aesthetics/data/images/394254.jpg,0.03348229080438614
ava_test,763802,/home/tempuser1/aesthetics/data/images/763802.jpg,1.2798177003860474
ava_test,25192,/home/tempuser1/aesthetics/data/images/25192.jpg,0.6615936160087585
ava_test,349476,/home/tempuser1/aesthetics/data/images/349476.jpg,0.5012102127075195
ava_test,386685,/home/tempuser1/aesthetics/data/images/386685.jpg,0.36958572268486023
ava_test,885820,/home/tempuser1/aesthetics/data/images/885820.jpg,0.2721730172634125
ava_test,912640,/home/tempuser1/aesthetics/data/images/912640.jpg,0.2732704281806946
ava_test,37224,/home/tempuser1/aesthetics/data/images/37224.jpg,0.5323640704154968
ava_test,757665,/home/tempuser1/aesthetics/data/images/757665.jpg,0.382172554731369
ava_test,86517,/home/tempuser1/aesthetics/data/images/86517.jpg,0.6421587467193604
ava_test,456366,/home/tempuser1/aesthetics/data/images/456366.jpg,0.2212042659521103
ava_test,801820,/home/tempuser1/aesthetics/data/images/801820.jpg,0.3646194338798523
ava_test,441219,/home/tempuser1/aesthetics/data/images/441219.jpg,0.21555103361606598
ava_test,416737,/home/tempuser1/aesthetics/data/images/416737.jpg,0.2708500921726227
ava_test,368888,/home/tempuser1/aesthetics/data/images/368888.jpg,0.09182778000831604
ava_test,739841,/home/tempuser1/aesthetics/data/images/739841.jpg,0.6036198139190674
ava_test,392473,/home/tempuser1/aesthetics/data/images/392473.jpg,1.52909517288208
ava_test,227013,/home/tempuser1/aesthetics/data/images/227013.jpg,2.2290470600128174
ava_test,140492,/home/tempuser1/aesthetics/data/images/140492.jpg,0.497200071811676
ava_test,488900,/home/tempuser1/aesthetics/data/images/488900.jpg,0.2747659683227539
ava_test,926810,/home/tempuser1/aesthetics/data/images/926810.jpg,0.578443706035614
ava_test,750835,/home/tempuser1/aesthetics/data/images/750835.jpg,0.43793338537216187
ava_test,830000,/home/tempuser1/aesthetics/data/images/830000.jpg,1.6024141311645508
ava_test,215123,/home/tempuser1/aesthetics/data/images/215123.jpg,0.31577855348587036
ava_test,29019,/home/tempuser1/aesthetics/data/images/29019.jpg,0.23243939876556396
ava_test,85869,/home/tempuser1/aesthetics/data/images/85869.jpg,0.21019577980041504
ava_test,912790,/home/tempuser1/aesthetics/data/images/912790.jpg,1.4280253648757935
ava_test,165631,/home/tempuser1/aesthetics/data/images/165631.jpg,0.06352396309375763
ava_test,954178,/home/tempuser1/aesthetics/data/images/954178.jpg,0.3578649163246155
ava_test,496046,/home/tempuser1/aesthetics/data/images/496046.jpg,0.10636726021766663
ava_test,760173,/home/tempuser1/aesthetics/data/images/760173.jpg,2.6661155223846436
ava_test,348000,/home/tempuser1/aesthetics/data/images/348000.jpg,0.11516676098108292
ava_test,689702,/home/tempuser1/aesthetics/data/images/689702.jpg,0.23152115941047668
ava_test,199781,/home/tempuser1/aesthetics/data/images/199781.jpg,0.09433351457118988
ava_test,475042,/home/tempuser1/aesthetics/data/images/475042.jpg,0.08895773440599442
ava_test,276525,/home/tempuser1/aesthetics/data/images/276525.jpg,0.3087012767791748
ava_test,89696,/home/tempuser1/aesthetics/data/images/89696.jpg,0.31716659665107727
ava_test,662120,/home/tempuser1/aesthetics/data/images/662120.jpg,0.2931179404258728
ava_test,37658,/home/tempuser1/aesthetics/data/images/37658.jpg,0.1765509843826294
ava_test,729060,/home/tempuser1/aesthetics/data/images/729060.jpg,0.057177118957042694
ava_test,343513,/home/tempuser1/aesthetics/data/images/343513.jpg,0.2587926685810089
ava_test,204139,/home/tempuser1/aesthetics/data/images/204139.jpg,0.18907950818538666
ava_test,118074,/home/tempuser1/aesthetics/data/images/118074.jpg,0.7521266937255859
ava_test,225239,/home/tempuser1/aesthetics/data/images/225239.jpg,0.2767363488674164
ava_test,846094,/home/tempuser1/aesthetics/data/images/846094.jpg,0.03886905312538147
ava_test,378167,/home/tempuser1/aesthetics/data/images/378167.jpg,12.257179260253906
ava_test,664159,/home/tempuser1/aesthetics/data/images/664159.jpg,0.21166129410266876
ava_test,384131,/home/tempuser1/aesthetics/data/images/384131.jpg,0.25567254424095154
ava_test,298103,/home/tempuser1/aesthetics/data/images/298103.jpg,0.1428537517786026
ava_test,809489,/home/tempuser1/aesthetics/data/images/809489.jpg,0.6176685094833374
ava_test,26151,/home/tempuser1/aesthetics/data/images/26151.jpg,0.6690140962600708
ava_test,799989,/home/tempuser1/aesthetics/data/images/799989.jpg,0.3467382490634918
ava_test,736694,/home/tempuser1/aesthetics/data/images/736694.jpg,0.2804565727710724
ava_test,646054,/home/tempuser1/aesthetics/data/images/646054.jpg,0.20544102787971497
ava_test,916303,/home/tempuser1/aesthetics/data/images/916303.jpg,0.3334865868091583
ava_test,300457,/home/tempuser1/aesthetics/data/images/300457.jpg,0.10071245580911636
ava_test,290065,/home/tempuser1/aesthetics/data/images/290065.jpg,0.4566170871257782
ava_test,570979,/home/tempuser1/aesthetics/data/images/570979.jpg,0.5867984890937805
ava_test,805520,/home/tempuser1/aesthetics/data/images/805520.jpg,0.08544197678565979
ava_test,498595,/home/tempuser1/aesthetics/data/images/498595.jpg,1.1671967506408691
ava_test,52238,/home/tempuser1/aesthetics/data/images/52238.jpg,0.16878041625022888
ava_test,66100,/home/tempuser1/aesthetics/data/images/66100.jpg,0.6709682941436768
ava_test,356605,/home/tempuser1/aesthetics/data/images/356605.jpg,2.798293352127075
ava_test,559120,/home/tempuser1/aesthetics/data/images/559120.jpg,0.4830079972743988
ava_test,263468,/home/tempuser1/aesthetics/data/images/263468.jpg,0.5079631209373474
ava_test,376,/home/tempuser1/aesthetics/data/images/376.jpg,0.8923165798187256
ava_test,40697,/home/tempuser1/aesthetics/data/images/40697.jpg,0.3818918764591217
ava_test,851402,/home/tempuser1/aesthetics/data/images/851402.jpg,0.4674413800239563
ava_test,780405,/home/tempuser1/aesthetics/data/images/780405.jpg,0.15765494108200073
ava_test,734254,/home/tempuser1/aesthetics/data/images/734254.jpg,0.021059919148683548
ava_test,120168,/home/tempuser1/aesthetics/data/images/120168.jpg,0.32824018597602844
ava_test,588574,/home/tempuser1/aesthetics/data/images/588574.jpg,0.14247813820838928
ava_test,347813,/home/tempuser1/aesthetics/data/images/347813.jpg,0.16268174350261688
ava_test,2030,/home/tempuser1/aesthetics/data/images/2030.jpg,0.09946006536483765
ava_test,589702,/home/tempuser1/aesthetics/data/images/589702.jpg,0.4740335941314697
ava_test,56276,/home/tempuser1/aesthetics/data/images/56276.jpg,0.34461739659309387
ava_test,899032,/home/tempuser1/aesthetics/data/images/899032.jpg,0.20780834555625916
ava_test,17719,/home/tempuser1/aesthetics/data/images/17719.jpg,0.6666108965873718
ava_test,764364,/home/tempuser1/aesthetics/data/images/764364.jpg,0.02118474803864956
ava_test,393975,/home/tempuser1/aesthetics/data/images/393975.jpg,0.3438085913658142
ava_test,570631,/home/tempuser1/aesthetics/data/images/570631.jpg,0.06861848384141922
ava_test,853983,/home/tempuser1/aesthetics/data/images/853983.jpg,0.20225423574447632
ava_test,654032,/home/tempuser1/aesthetics/data/images/654032.jpg,0.31033360958099365
ava_test,74381,/home/tempuser1/aesthetics/data/images/74381.jpg,1.7238329648971558
ava_test,938835,/home/tempuser1/aesthetics/data/images/938835.jpg,0.4798520505428314
ava_test,488302,/home/tempuser1/aesthetics/data/images/488302.jpg,0.557874321937561
ava_test,917309,/home/tempuser1/aesthetics/data/images/917309.jpg,0.19516721367835999
ava_test,728972,/home/tempuser1/aesthetics/data/images/728972.jpg,0.5356420874595642
ava_test,483984,/home/tempuser1/aesthetics/data/images/483984.jpg,0.25945404171943665
ava_test,118240,/home/tempuser1/aesthetics/data/images/118240.jpg,0.2920381724834442
ava_test,430323,/home/tempuser1/aesthetics/data/images/430323.jpg,0.1942850947380066
ava_test,243148,/home/tempuser1/aesthetics/data/images/243148.jpg,1.6061331033706665
ava_test,651952,/home/tempuser1/aesthetics/data/images/651952.jpg,0.3301130533218384
ava_test,53744,/home/tempuser1/aesthetics/data/images/53744.jpg,0.5409279465675354
ava_test,826631,/home/tempuser1/aesthetics/data/images/826631.jpg,0.17658647894859314
ava_test,894592,/home/tempuser1/aesthetics/data/images/894592.jpg,0.02107381448149681
ava_test,22248,/home/tempuser1/aesthetics/data/images/22248.jpg,1.4446511268615723
ava_test,18574,/home/tempuser1/aesthetics/data/images/18574.jpg,0.3331137001514435
ava_test,108981,/home/tempuser1/aesthetics/data/images/108981.jpg,0.7250589728355408
ava_test,387530,/home/tempuser1/aesthetics/data/images/387530.jpg,0.5364007949829102
ava_test,943210,/home/tempuser1/aesthetics/data/images/943210.jpg,0.23186510801315308
ava_test,793707,/home/tempuser1/aesthetics/data/images/793707.jpg,0.3066506087779999
ava_test,90415,/home/tempuser1/aesthetics/data/images/90415.jpg,0.4871678352355957
ava_test,337067,/home/tempuser1/aesthetics/data/images/337067.jpg,0.3194633722305298
ava_test,82138,/home/tempuser1/aesthetics/data/images/82138.jpg,1.1821708679199219
ava_test,342837,/home/tempuser1/aesthetics/data/images/342837.jpg,0.5452033281326294
ava_test,208405,/home/tempuser1/aesthetics/data/images/208405.jpg,0.0
ava_test,645487,/home/tempuser1/aesthetics/data/images/645487.jpg,0.349861204624176
ava_test,401728,/home/tempuser1/aesthetics/data/images/401728.jpg,0.09226194769144058
ava_test,767050,/home/tempuser1/aesthetics/data/images/767050.jpg,0.6622974872589111
ava_test,590908,/home/tempuser1/aesthetics/data/images/590908.jpg,0.6560213565826416
ava_test,3448,/home/tempuser1/aesthetics/data/images/3448.jpg,0.201994851231575
ava_test,844962,/home/tempuser1/aesthetics/data/images/844962.jpg,0.38107043504714966
ava_test,62152,/home/tempuser1/aesthetics/data/images/62152.jpg,0.985194981098175
ava_test,63630,/home/tempuser1/aesthetics/data/images/63630.jpg,0.1825857162475586
ava_test,726131,/home/tempuser1/aesthetics/data/images/726131.jpg,0.1648697853088379
ava_test,891629,/home/tempuser1/aesthetics/data/images/891629.jpg,0.390067994594574
ava_test,796993,/home/tempuser1/aesthetics/data/images/796993.jpg,0.08971706032752991
ava_test,191964,/home/tempuser1/aesthetics/data/images/191964.jpg,0.18211273849010468
ava_test,67738,/home/tempuser1/aesthetics/data/images/67738.jpg,0.32065844535827637
ava_test,60325,/home/tempuser1/aesthetics/data/images/60325.jpg,0.5539412498474121
ava_test,719485,/home/tempuser1/aesthetics/data/images/719485.jpg,0.9641413688659668
ava_test,295709,/home/tempuser1/aesthetics/data/images/295709.jpg,0.994356095790863
ava_test,927745,/home/tempuser1/aesthetics/data/images/927745.jpg,1.3138384819030762
ava_test,814908,/home/tempuser1/aesthetics/data/images/814908.jpg,0.935780942440033
ava_test,270638,/home/tempuser1/aesthetics/data/images/270638.jpg,0.3172735273838043
ava_test,156784,/home/tempuser1/aesthetics/data/images/156784.jpg,0.24627262353897095
ava_test,242369,/home/tempuser1/aesthetics/data/images/242369.jpg,0.5983121395111084
ava_test,238889,/home/tempuser1/aesthetics/data/images/238889.jpg,0.6936732530593872
ava_test,96408,/home/tempuser1/aesthetics/data/images/96408.jpg,0.27488845586776733
ava_test,674702,/home/tempuser1/aesthetics/data/images/674702.jpg,0.9921419024467468
ava_test,536677,/home/tempuser1/aesthetics/data/images/536677.jpg,0.7232503890991211
ava_test,817541,/home/tempuser1/aesthetics/data/images/817541.jpg,0.7281863689422607
ava_test,617293,/home/tempuser1/aesthetics/data/images/617293.jpg,0.8149868249893188
ava_test,851736,/home/tempuser1/aesthetics/data/images/851736.jpg,0.3981017470359802
ava_test,800507,/home/tempuser1/aesthetics/data/images/800507.jpg,0.05315779894590378
ava_test,377188,/home/tempuser1/aesthetics/data/images/377188.jpg,0.9705008268356323
ava_test,560044,/home/tempuser1/aesthetics/data/images/560044.jpg,0.33331671357154846
ava_test,681238,/home/tempuser1/aesthetics/data/images/681238.jpg,0.15468111634254456
ava_test,588679,/home/tempuser1/aesthetics/data/images/588679.jpg,0.39126870036125183
ava_test,930653,/home/tempuser1/aesthetics/data/images/930653.jpg,0.1444420963525772
ava_test,186987,/home/tempuser1/aesthetics/data/images/186987.jpg,81.0436782836914
ava_test,732508,/home/tempuser1/aesthetics/data/images/732508.jpg,0.815919816493988
ava_test,444880,/home/tempuser1/aesthetics/data/images/444880.jpg,0.0
ava_test,259737,/home/tempuser1/aesthetics/data/images/259737.jpg,0.9338718056678772
ava_test,270887,/home/tempuser1/aesthetics/data/images/270887.jpg,0.20138230919837952
ava_test,787657,/home/tempuser1/aesthetics/data/images/787657.jpg,0.3624327480792999
ava_test,400755,/home/tempuser1/aesthetics/data/images/400755.jpg,0.6073046922683716
ava_test,514348,/home/tempuser1/aesthetics/data/images/514348.jpg,0.2555500268936157
ava_test,880317,/home/tempuser1/aesthetics/data/images/880317.jpg,0.34009483456611633
ava_test,979,/home/tempuser1/aesthetics/data/images/979.jpg,0.35479193925857544
ava_test,545042,/home/tempuser1/aesthetics/data/images/545042.jpg,0.17104487121105194
ava_test,67250,/home/tempuser1/aesthetics/data/images/67250.jpg,0.16048327088356018
ava_test,841679,/home/tempuser1/aesthetics/data/images/841679.jpg,0.4996897578239441
ava_test,394347,/home/tempuser1/aesthetics/data/images/394347.jpg,0.9289954900741577
ava_test,42308,/home/tempuser1/aesthetics/data/images/42308.jpg,0.5125703811645508
ava_test,786027,/home/tempuser1/aesthetics/data/images/786027.jpg,0.3940792381763458
ava_test,207532,/home/tempuser1/aesthetics/data/images/207532.jpg,0.8830040097236633
ava_test,64663,/home/tempuser1/aesthetics/data/images/64663.jpg,0.017176901921629906
ava_test,167061,/home/tempuser1/aesthetics/data/images/167061.jpg,0.18828319013118744
ava_test,187922,/home/tempuser1/aesthetics/data/images/187922.jpg,0.1257721334695816
ava_test,504194,/home/tempuser1/aesthetics/data/images/504194.jpg,0.5454959273338318
ava_test,705404,/home/tempuser1/aesthetics/data/images/705404.jpg,0.8036344647407532
ava_test,438545,/home/tempuser1/aesthetics/data/images/438545.jpg,0.16844451427459717
ava_test,155106,/home/tempuser1/aesthetics/data/images/155106.jpg,0.12066906690597534
ava_test,448871,/home/tempuser1/aesthetics/data/images/448871.jpg,0.3717220425605774
ava_test,355177,/home/tempuser1/aesthetics/data/images/355177.jpg,1.0598952770233154
ava_test,177261,/home/tempuser1/aesthetics/data/images/177261.jpg,0.5213552117347717
ava_test,837101,/home/tempuser1/aesthetics/data/images/837101.jpg,0.6206132173538208
ava_test,118866,/home/tempuser1/aesthetics/data/images/118866.jpg,0.3076055943965912
ava_test,944429,/home/tempuser1/aesthetics/data/images/944429.jpg,0.35036545991897583
ava_test,50622,/home/tempuser1/aesthetics/data/images/50622.jpg,0.45257341861724854
ava_test,867269,/home/tempuser1/aesthetics/data/images/867269.jpg,0.6570181250572205
ava_test,264453,/home/tempuser1/aesthetics/data/images/264453.jpg,1.7130248546600342
ava_test,450482,/home/tempuser1/aesthetics/data/images/450482.jpg,0.25295040011405945
ava_test,276129,/home/tempuser1/aesthetics/data/images/276129.jpg,0.8330262899398804
ava_test,877059,/home/tempuser1/aesthetics/data/images/877059.jpg,0.14442755281925201
ava_test,343980,/home/tempuser1/aesthetics/data/images/343980.jpg,0.2397555410861969
ava_test,362530,/home/tempuser1/aesthetics/data/images/362530.jpg,0.574822723865509
ava_test,552273,/home/tempuser1/aesthetics/data/images/552273.jpg,0.9654203653335571
ava_test,956317,/home/tempuser1/aesthetics/data/images/956317.jpg,0.21769843995571136
ava_test,222140,/home/tempuser1/aesthetics/data/images/222140.jpg,0.26052334904670715
ava_test,31838,/home/tempuser1/aesthetics/data/images/31838.jpg,0.012869362719357014
ava_test,370127,/home/tempuser1/aesthetics/data/images/370127.jpg,1.2229357957839966
ava_test,538091,/home/tempuser1/aesthetics/data/images/538091.jpg,0.5046856999397278
ava_test,243815,/home/tempuser1/aesthetics/data/images/243815.jpg,0.6878768801689148
ava_test,728274,/home/tempuser1/aesthetics/data/images/728274.jpg,0.3819985091686249
ava_test,31113,/home/tempuser1/aesthetics/data/images/31113.jpg,0.24227888882160187
ava_test,83474,/home/tempuser1/aesthetics/data/images/83474.jpg,0.2989232540130615
ava_test,913680,/home/tempuser1/aesthetics/data/images/913680.jpg,0.4983190894126892
ava_test,901688,/home/tempuser1/aesthetics/data/images/901688.jpg,0.34893396496772766
ava_test,450770,/home/tempuser1/aesthetics/data/images/450770.jpg,0.7256081104278564
ava_test,889428,/home/tempuser1/aesthetics/data/images/889428.jpg,0.4095185697078705
ava_test,711361,/home/tempuser1/aesthetics/data/images/711361.jpg,0.47525206208229065
ava_test,690703,/home/tempuser1/aesthetics/data/images/690703.jpg,0.16375061869621277
ava_test,119416,/home/tempuser1/aesthetics/data/images/119416.jpg,1.482745885848999
ava_test,922220,/home/tempuser1/aesthetics/data/images/922220.jpg,0.6396865248680115
ava_test,691379,/home/tempuser1/aesthetics/data/images/691379.jpg,0.09446389228105545
ava_test,593892,/home/tempuser1/aesthetics/data/images/593892.jpg,0.5457708835601807
ava_test,19541,/home/tempuser1/aesthetics/data/images/19541.jpg,0.042798902839422226
ava_test,788458,/home/tempuser1/aesthetics/data/images/788458.jpg,0.07975170016288757
ava_test,633288,/home/tempuser1/aesthetics/data/images/633288.jpg,0.5862937569618225
ava_test,268208,/home/tempuser1/aesthetics/data/images/268208.jpg,0.15093964338302612
ava_test,186942,/home/tempuser1/aesthetics/data/images/186942.jpg,0.3520982563495636
ava_test,115319,/home/tempuser1/aesthetics/data/images/115319.jpg,0.8386443257331848
ava_test,844052,/home/tempuser1/aesthetics/data/images/844052.jpg,0.6029213666915894
ava_test,279427,/home/tempuser1/aesthetics/data/images/279427.jpg,0.2280247062444687
ava_test,496781,/home/tempuser1/aesthetics/data/images/496781.jpg,0.2998265326023102
ava_test,19851,/home/tempuser1/aesthetics/data/images/19851.jpg,0.08059150725603104
ava_test,52122,/home/tempuser1/aesthetics/data/images/52122.jpg,0.07227002829313278
ava_test,9485,/home/tempuser1/aesthetics/data/images/9485.jpg,0.15981042385101318
ava_test,619223,/home/tempuser1/aesthetics/data/images/619223.jpg,0.15113618969917297
ava_test,814273,/home/tempuser1/aesthetics/data/images/814273.jpg,0.664219081401825
ava_test,627914,/home/tempuser1/aesthetics/data/images/627914.jpg,0.14289814233779907
ava_test,118272,/home/tempuser1/aesthetics/data/images/118272.jpg,0.9957829117774963
ava_test,84910,/home/tempuser1/aesthetics/data/images/84910.jpg,1.1612204313278198
ava_test,188587,/home/tempuser1/aesthetics/data/images/188587.jpg,0.042836472392082214
ava_test,515573,/home/tempuser1/aesthetics/data/images/515573.jpg,0.05910763517022133
ava_test,444731,/home/tempuser1/aesthetics/data/images/444731.jpg,0.13800360262393951
ava_test,16641,/home/tempuser1/aesthetics/data/images/16641.jpg,0.15359951555728912
ava_test,190137,/home/tempuser1/aesthetics/data/images/190137.jpg,0.643153190612793
ava_test,14996,/home/tempuser1/aesthetics/data/images/14996.jpg,0.24665828049182892
ava_test,192638,/home/tempuser1/aesthetics/data/images/192638.jpg,0.5978488922119141
ava_test,823053,/home/tempuser1/aesthetics/data/images/823053.jpg,0.30209818482398987
ava_test,941448,/home/tempuser1/aesthetics/data/images/941448.jpg,0.2477436065673828
ava_test,130370,/home/tempuser1/aesthetics/data/images/130370.jpg,0.4884188771247864
ava_test,674750,/home/tempuser1/aesthetics/data/images/674750.jpg,0.3757578730583191
ava_test,10017,/home/tempuser1/aesthetics/data/images/10017.jpg,1.132495403289795
ava_test,17804,/home/tempuser1/aesthetics/data/images/17804.jpg,0.31147390604019165
ava_test,38765,/home/tempuser1/aesthetics/data/images/38765.jpg,0.3011643588542938
ava_test,624698,/home/tempuser1/aesthetics/data/images/624698.jpg,0.6065221428871155
ava_test,193137,/home/tempuser1/aesthetics/data/images/193137.jpg,0.9055961966514587
ava_test,78399,/home/tempuser1/aesthetics/data/images/78399.jpg,0.2854628562927246
ava_test,738159,/home/tempuser1/aesthetics/data/images/738159.jpg,1.9751529693603516
ava_test,348340,/home/tempuser1/aesthetics/data/images/348340.jpg,0.23746570944786072
ava_test,830824,/home/tempuser1/aesthetics/data/images/830824.jpg,0.1872038096189499
ava_test,848151,/home/tempuser1/aesthetics/data/images/848151.jpg,0.4153144061565399
ava_test,62598,/home/tempuser1/aesthetics/data/images/62598.jpg,1.3275474309921265
ava_test,136230,/home/tempuser1/aesthetics/data/images/136230.jpg,0.2395588457584381
ava_test,338143,/home/tempuser1/aesthetics/data/images/338143.jpg,0.23827216029167175
ava_test,30769,/home/tempuser1/aesthetics/data/images/30769.jpg,0.7616344094276428
ava_test,25896,/home/tempuser1/aesthetics/data/images/25896.jpg,0.2823275327682495
ava_test,3331,/home/tempuser1/aesthetics/data/images/3331.jpg,0.49783915281295776
ava_test,645594,/home/tempuser1/aesthetics/data/images/645594.jpg,0.1728242039680481
ava_test,158923,/home/tempuser1/aesthetics/data/images/158923.jpg,0.101005420088768
ava_test,248255,/home/tempuser1/aesthetics/data/images/248255.jpg,0.6896687746047974
ava_test,944115,/home/tempuser1/aesthetics/data/images/944115.jpg,0.021049119532108307
ava_test,836954,/home/tempuser1/aesthetics/data/images/836954.jpg,0.15785516798496246
ava_test,856393,/home/tempuser1/aesthetics/data/images/856393.jpg,0.10190803557634354
ava_test,456823,/home/tempuser1/aesthetics/data/images/456823.jpg,0.7603885531425476
ava_test,51761,/home/tempuser1/aesthetics/data/images/51761.jpg,0.2698808014392853
ava_test,396054,/home/tempuser1/aesthetics/data/images/396054.jpg,0.04042910039424896
ava_test,696833,/home/tempuser1/aesthetics/data/images/696833.jpg,0.45535293221473694
ava_test,844742,/home/tempuser1/aesthetics/data/images/844742.jpg,0.1947980523109436
ava_test,695624,/home/tempuser1/aesthetics/data/images/695624.jpg,0.26081520318984985
ava_test,264135,/home/tempuser1/aesthetics/data/images/264135.jpg,0.33303302526474
ava_test,429879,/home/tempuser1/aesthetics/data/images/429879.jpg,0.4450260400772095
ava_test,15505,/home/tempuser1/aesthetics/data/images/15505.jpg,0.6117428541183472
ava_test,35523,/home/tempuser1/aesthetics/data/images/35523.jpg,0.43005111813545227
ava_test,45328,/home/tempuser1/aesthetics/data/images/45328.jpg,0.07916048914194107
ava_test,711512,/home/tempuser1/aesthetics/data/images/711512.jpg,0.16811372339725494
ava_test,142208,/home/tempuser1/aesthetics/data/images/142208.jpg,1.0522419214248657
ava_test,1004,/home/tempuser1/aesthetics/data/images/1004.jpg,0.19872447848320007
ava_test,157873,/home/tempuser1/aesthetics/data/images/157873.jpg,0.5127556920051575
ava_test,340206,/home/tempuser1/aesthetics/data/images/340206.jpg,0.3259001672267914
ava_test,783164,/home/tempuser1/aesthetics/data/images/783164.jpg,0.36069390177726746
ava_test,132501,/home/tempuser1/aesthetics/data/images/132501.jpg,0.4191446900367737
ava_test,556540,/home/tempuser1/aesthetics/data/images/556540.jpg,0.20897361636161804
ava_test,13401,/home/tempuser1/aesthetics/data/images/13401.jpg,1.5536408424377441
ava_test,527072,/home/tempuser1/aesthetics/data/images/527072.jpg,0.30134785175323486
ava_test,401023,/home/tempuser1/aesthetics/data/images/401023.jpg,0.2908850908279419
ava_test,739479,/home/tempuser1/aesthetics/data/images/739479.jpg,0.29418012499809265
ava_test,6827,/home/tempuser1/aesthetics/data/images/6827.jpg,0.38036274909973145
ava_test,577748,/home/tempuser1/aesthetics/data/images/577748.jpg,0.20884166657924652
ava_test,460433,/home/tempuser1/aesthetics/data/images/460433.jpg,1.0289076566696167
ava_test,652879,/home/tempuser1/aesthetics/data/images/652879.jpg,0.47884199023246765
ava_test,7326,/home/tempuser1/aesthetics/data/images/7326.jpg,0.5675716996192932
ava_test,197418,/home/tempuser1/aesthetics/data/images/197418.jpg,0.5295113921165466
ava_test,863363,/home/tempuser1/aesthetics/data/images/863363.jpg,0.6641942858695984
ava_test,103289,/home/tempuser1/aesthetics/data/images/103289.jpg,1.673993706703186
ava_test,18968,/home/tempuser1/aesthetics/data/images/18968.jpg,0.8459753394126892
ava_test,802067,/home/tempuser1/aesthetics/data/images/802067.jpg,1.0845462083816528
ava_test,736676,/home/tempuser1/aesthetics/data/images/736676.jpg,0.830101728439331
ava_test,552735,/home/tempuser1/aesthetics/data/images/552735.jpg,0.7558257579803467
ava_test,724366,/home/tempuser1/aesthetics/data/images/724366.jpg,0.2039024531841278
ava_test,467501,/home/tempuser1/aesthetics/data/images/467501.jpg,0.8720608353614807
ava_test,664927,/home/tempuser1/aesthetics/data/images/664927.jpg,0.5539048910140991
ava_test,397509,/home/tempuser1/aesthetics/data/images/397509.jpg,0.06358426809310913
ava_test,741560,/home/tempuser1/aesthetics/data/images/741560.jpg,0.7350929379463196
ava_test,722342,/home/tempuser1/aesthetics/data/images/722342.jpg,0.33521997928619385
ava_test,546871,/home/tempuser1/aesthetics/data/images/546871.jpg,0.32262226939201355
ava_test,354640,/home/tempuser1/aesthetics/data/images/354640.jpg,0.10909369587898254
ava_test,738538,/home/tempuser1/aesthetics/data/images/738538.jpg,0.1989557296037674
ava_test,22743,/home/tempuser1/aesthetics/data/images/22743.jpg,0.5400902628898621
ava_test,42909,/home/tempuser1/aesthetics/data/images/42909.jpg,0.6307623386383057
ava_test,654453,/home/tempuser1/aesthetics/data/images/654453.jpg,0.1239544227719307
ava_test,170570,/home/tempuser1/aesthetics/data/images/170570.jpg,81.0439682006836
ava_test,76457,/home/tempuser1/aesthetics/data/images/76457.jpg,0.15704189240932465
ava_test,519291,/home/tempuser1/aesthetics/data/images/519291.jpg,0.8770331740379333
ava_test,669633,/home/tempuser1/aesthetics/data/images/669633.jpg,0.07082066684961319
ava_test,834679,/home/tempuser1/aesthetics/data/images/834679.jpg,0.20165832340717316
ava_test,357589,/home/tempuser1/aesthetics/data/images/357589.jpg,0.24728871881961823
ava_test,48442,/home/tempuser1/aesthetics/data/images/48442.jpg,0.9830852150917053
ava_test,281192,/home/tempuser1/aesthetics/data/images/281192.jpg,0.20248737931251526
ava_test,892848,/home/tempuser1/aesthetics/data/images/892848.jpg,0.2557598352432251
ava_test,763133,/home/tempuser1/aesthetics/data/images/763133.jpg,0.4726768136024475
ava_test,563448,/home/tempuser1/aesthetics/data/images/563448.jpg,0.5238308310508728
ava_test,677666,/home/tempuser1/aesthetics/data/images/677666.jpg,0.8046266436576843
ava_test,896206,/home/tempuser1/aesthetics/data/images/896206.jpg,0.6723583340644836
ava_test,145779,/home/tempuser1/aesthetics/data/images/145779.jpg,0.11523865163326263
ava_test,361037,/home/tempuser1/aesthetics/data/images/361037.jpg,0.3489410877227783
ava_test,326116,/home/tempuser1/aesthetics/data/images/326116.jpg,0.31860020756721497
ava_test,376696,/home/tempuser1/aesthetics/data/images/376696.jpg,0.6455078125
ava_test,180961,/home/tempuser1/aesthetics/data/images/180961.jpg,0.46919721364974976
ava_test,356737,/home/tempuser1/aesthetics/data/images/356737.jpg,0.3957222104072571
ava_test,356607,/home/tempuser1/aesthetics/data/images/356607.jpg,1.410752296447754
ava_test,60664,/home/tempuser1/aesthetics/data/images/60664.jpg,0.10154157131910324
ava_test,698514,/home/tempuser1/aesthetics/data/images/698514.jpg,0.3559032678604126
ava_test,796165,/home/tempuser1/aesthetics/data/images/796165.jpg,0.45231711864471436
ava_test,761657,/home/tempuser1/aesthetics/data/images/761657.jpg,0.382297545671463
ava_test,251690,/home/tempuser1/aesthetics/data/images/251690.jpg,0.6711306571960449
ava_test,422408,/home/tempuser1/aesthetics/data/images/422408.jpg,1.0903834104537964
ava_test,912650,/home/tempuser1/aesthetics/data/images/912650.jpg,0.3086804151535034
ava_test,153687,/home/tempuser1/aesthetics/data/images/153687.jpg,8.022506713867188
ava_test,37807,/home/tempuser1/aesthetics/data/images/37807.jpg,0.20311316847801208
ava_test,163107,/home/tempuser1/aesthetics/data/images/163107.jpg,0.6322031617164612
ava_test,944336,/home/tempuser1/aesthetics/data/images/944336.jpg,0.4549773335456848
ava_test,268891,/home/tempuser1/aesthetics/data/images/268891.jpg,0.19171489775180817
ava_test,480266,/home/tempuser1/aesthetics/data/images/480266.jpg,0.07956860214471817
ava_test,460235,/home/tempuser1/aesthetics/data/images/460235.jpg,0.9895029664039612
ava_test,303434,/home/tempuser1/aesthetics/data/images/303434.jpg,0.23517294228076935
ava_test,338938,/home/tempuser1/aesthetics/data/images/338938.jpg,0.0
ava_test,369239,/home/tempuser1/aesthetics/data/images/369239.jpg,1.0472956895828247
ava_test,464747,/home/tempuser1/aesthetics/data/images/464747.jpg,0.7392210960388184
ava_test,762003,/home/tempuser1/aesthetics/data/images/762003.jpg,0.44801416993141174
ava_test,469826,/home/tempuser1/aesthetics/data/images/469826.jpg,0.27365076541900635
ava_test,646208,/home/tempuser1/aesthetics/data/images/646208.jpg,1.0822155475616455
ava_test,400807,/home/tempuser1/aesthetics/data/images/400807.jpg,1.241419792175293
ava_test,343603,/home/tempuser1/aesthetics/data/images/343603.jpg,0.03848767280578613
ava_test,794176,/home/tempuser1/aesthetics/data/images/794176.jpg,0.16809074580669403
ava_test,141703,/home/tempuser1/aesthetics/data/images/141703.jpg,0.08771120756864548
ava_test,161306,/home/tempuser1/aesthetics/data/images/161306.jpg,0.2665984630584717
ava_test,45074,/home/tempuser1/aesthetics/data/images/45074.jpg,0.40202152729034424
ava_test,206495,/home/tempuser1/aesthetics/data/images/206495.jpg,0.4345929026603699
ava_test,14619,/home/tempuser1/aesthetics/data/images/14619.jpg,0.5380553007125854
ava_test,18360,/home/tempuser1/aesthetics/data/images/18360.jpg,0.4431626498699188
ava_test,36627,/home/tempuser1/aesthetics/data/images/36627.jpg,0.09428108483552933
ava_test,890106,/home/tempuser1/aesthetics/data/images/890106.jpg,0.03540252149105072
ava_test,249139,/home/tempuser1/aesthetics/data/images/249139.jpg,0.057062506675720215
ava_test,505656,/home/tempuser1/aesthetics/data/images/505656.jpg,0.2464657872915268
ava_test,828871,/home/tempuser1/aesthetics/data/images/828871.jpg,0.27612462639808655
ava_test,34309,/home/tempuser1/aesthetics/data/images/34309.jpg,1.252605676651001
ava_test,132364,/home/tempuser1/aesthetics/data/images/132364.jpg,1.319713830947876
ava_test,638039,/home/tempuser1/aesthetics/data/images/638039.jpg,0.21647056937217712
ava_test,295794,/home/tempuser1/aesthetics/data/images/295794.jpg,0.1474701315164566
ava_test,170722,/home/tempuser1/aesthetics/data/images/170722.jpg,0.2526628375053406
ava_test,43649,/home/tempuser1/aesthetics/data/images/43649.jpg,0.27693071961402893
ava_test,249203,/home/tempuser1/aesthetics/data/images/249203.jpg,0.14149899780750275
ava_test,212815,/home/tempuser1/aesthetics/data/images/212815.jpg,0.05810056999325752
ava_test,287565,/home/tempuser1/aesthetics/data/images/287565.jpg,0.8415109515190125
ava_test,540133,/home/tempuser1/aesthetics/data/images/540133.jpg,0.16455058753490448
ava_test,627257,/home/tempuser1/aesthetics/data/images/627257.jpg,0.26529660820961
ava_test,419226,/home/tempuser1/aesthetics/data/images/419226.jpg,0.3901529908180237
ava_test,313288,/home/tempuser1/aesthetics/data/images/313288.jpg,1.3126577138900757
ava_test,208686,/home/tempuser1/aesthetics/data/images/208686.jpg,0.30964696407318115
ava_test,948859,/home/tempuser1/aesthetics/data/images/948859.jpg,0.19737018644809723
ava_test,415228,/home/tempuser1/aesthetics/data/images/415228.jpg,2.7162184715270996
ava_test,347210,/home/tempuser1/aesthetics/data/images/347210.jpg,1.137117624282837
ava_test,825923,/home/tempuser1/aesthetics/data/images/825923.jpg,0.4307190477848053
ava_test,52524,/home/tempuser1/aesthetics/data/images/52524.jpg,0.8195708990097046
ava_test,806864,/home/tempuser1/aesthetics/data/images/806864.jpg,0.7705653309822083
ava_test,683341,/home/tempuser1/aesthetics/data/images/683341.jpg,0.3402564227581024
ava_test,481899,/home/tempuser1/aesthetics/data/images/481899.jpg,0.7013298869132996
ava_test,356830,/home/tempuser1/aesthetics/data/images/356830.jpg,0.0967116728425026
ava_test,133976,/home/tempuser1/aesthetics/data/images/133976.jpg,0.8533968925476074
ava_test,744263,/home/tempuser1/aesthetics/data/images/744263.jpg,0.9045006036758423
ava_test,737931,/home/tempuser1/aesthetics/data/images/737931.jpg,0.09870550036430359
ava_test,822154,/home/tempuser1/aesthetics/data/images/822154.jpg,0.1801440268754959
ava_test,916960,/home/tempuser1/aesthetics/data/images/916960.jpg,0.026066003367304802
ava_test,653731,/home/tempuser1/aesthetics/data/images/653731.jpg,0.1931077390909195
ava_test,548073,/home/tempuser1/aesthetics/data/images/548073.jpg,0.5539642572402954
ava_test,772255,/home/tempuser1/aesthetics/data/images/772255.jpg,0.9261125326156616
ava_test,908117,/home/tempuser1/aesthetics/data/images/908117.jpg,0.5120015740394592
ava_test,4475,/home/tempuser1/aesthetics/data/images/4475.jpg,0.6984004974365234
ava_test,447867,/home/tempuser1/aesthetics/data/images/447867.jpg,0.7811964154243469
ava_test,382950,/home/tempuser1/aesthetics/data/images/382950.jpg,0.07838638126850128
ava_test,55625,/home/tempuser1/aesthetics/data/images/55625.jpg,0.11708730459213257
ava_test,902388,/home/tempuser1/aesthetics/data/images/902388.jpg,0.2789284884929657
ava_test,355867,/home/tempuser1/aesthetics/data/images/355867.jpg,0.060845911502838135
ava_test,279029,/home/tempuser1/aesthetics/data/images/279029.jpg,0.31736189126968384
ava_test,748681,/home/tempuser1/aesthetics/data/images/748681.jpg,0.15289756655693054
ava_test,118003,/home/tempuser1/aesthetics/data/images/118003.jpg,0.0
ava_test,251056,/home/tempuser1/aesthetics/data/images/251056.jpg,0.2713726758956909
ava_test,96623,/home/tempuser1/aesthetics/data/images/96623.jpg,0.3106282651424408
ava_test,908917,/home/tempuser1/aesthetics/data/images/908917.jpg,0.05205858498811722
ava_test,750376,/home/tempuser1/aesthetics/data/images/750376.jpg,0.4785712659358978
ava_test,2600,/home/tempuser1/aesthetics/data/images/2600.jpg,0.8635396957397461
ava_test,595124,/home/tempuser1/aesthetics/data/images/595124.jpg,0.11743855476379395
ava_test,858021,/home/tempuser1/aesthetics/data/images/858021.jpg,0.3074897229671478
ava_test,503265,/home/tempuser1/aesthetics/data/images/503265.jpg,0.539088249206543
ava_test,679894,/home/tempuser1/aesthetics/data/images/679894.jpg,0.056882064789533615
ava_test,475922,/home/tempuser1/aesthetics/data/images/475922.jpg,0.18283332884311676
ava_test,946030,/home/tempuser1/aesthetics/data/images/946030.jpg,0.09567882120609283
ava_test,661723,/home/tempuser1/aesthetics/data/images/661723.jpg,0.17962932586669922
ava_test,743592,/home/tempuser1/aesthetics/data/images/743592.jpg,0.9084807634353638
ava_test,855423,/home/tempuser1/aesthetics/data/images/855423.jpg,0.4917428493499756
ava_test,776879,/home/tempuser1/aesthetics/data/images/776879.jpg,0.16875970363616943
ava_test,99191,/home/tempuser1/aesthetics/data/images/99191.jpg,0.6395472884178162
ava_test,829177,/home/tempuser1/aesthetics/data/images/829177.jpg,0.9260969758033752
ava_test,570072,/home/tempuser1/aesthetics/data/images/570072.jpg,0.1707180142402649
ava_test,13214,/home/tempuser1/aesthetics/data/images/13214.jpg,0.24214433133602142
ava_test,644741,/home/tempuser1/aesthetics/data/images/644741.jpg,0.326906681060791
ava_test,782420,/home/tempuser1/aesthetics/data/images/782420.jpg,0.04002673923969269
ava_test,164780,/home/tempuser1/aesthetics/data/images/164780.jpg,0.7040926218032837
ava_test,86497,/home/tempuser1/aesthetics/data/images/86497.jpg,1.2839652299880981
ava_test,760357,/home/tempuser1/aesthetics/data/images/760357.jpg,0.5668195486068726
ava_test,718032,/home/tempuser1/aesthetics/data/images/718032.jpg,0.46866849064826965
ava_test,7237,/home/tempuser1/aesthetics/data/images/7237.jpg,0.14710602164268494
ava_test,238142,/home/tempuser1/aesthetics/data/images/238142.jpg,1.575636863708496
ava_test,696673,/home/tempuser1/aesthetics/data/images/696673.jpg,0.026457898318767548
ava_test,901662,/home/tempuser1/aesthetics/data/images/901662.jpg,0.9615233540534973
ava_test,822737,/home/tempuser1/aesthetics/data/images/822737.jpg,0.5018729567527771
ava_test,920135,/home/tempuser1/aesthetics/data/images/920135.jpg,0.31566545367240906
ava_test,442652,/home/tempuser1/aesthetics/data/images/442652.jpg,0.3497016131877899
ava_test,509521,/home/tempuser1/aesthetics/data/images/509521.jpg,0.03810993954539299
ava_test,418521,/home/tempuser1/aesthetics/data/images/418521.jpg,0.25750115513801575
ava_test,504311,/home/tempuser1/aesthetics/data/images/504311.jpg,0.3426518440246582
ava_test,528432,/home/tempuser1/aesthetics/data/images/528432.jpg,0.13457611203193665
ava_test,98258,/home/tempuser1/aesthetics/data/images/98258.jpg,0.5995380878448486
ava_test,71927,/home/tempuser1/aesthetics/data/images/71927.jpg,0.07807502895593643
ava_test,571244,/home/tempuser1/aesthetics/data/images/571244.jpg,0.884925127029419
ava_test,638209,/home/tempuser1/aesthetics/data/images/638209.jpg,0.3694339096546173
ava_test,491515,/home/tempuser1/aesthetics/data/images/491515.jpg,0.21953243017196655
ava_test,596896,/home/tempuser1/aesthetics/data/images/596896.jpg,0.6798838376998901
ava_test,124907,/home/tempuser1/aesthetics/data/images/124907.jpg,1.1504462957382202
ava_test,578773,/home/tempuser1/aesthetics/data/images/578773.jpg,1.6380513906478882
ava_test,35795,/home/tempuser1/aesthetics/data/images/35795.jpg,0.380165696144104
ava_test,873942,/home/tempuser1/aesthetics/data/images/873942.jpg,0.040341056883335114
ava_test,845158,/home/tempuser1/aesthetics/data/images/845158.jpg,0.08119715005159378
ava_test,163074,/home/tempuser1/aesthetics/data/images/163074.jpg,0.685202956199646
ava_test,719950,/home/tempuser1/aesthetics/data/images/719950.jpg,0.15687182545661926
ava_test,334108,/home/tempuser1/aesthetics/data/images/334108.jpg,0.1742163598537445
ava_test,812718,/home/tempuser1/aesthetics/data/images/812718.jpg,0.10071959346532822
ava_test,113628,/home/tempuser1/aesthetics/data/images/113628.jpg,0.10420680791139603
ava_test,51438,/home/tempuser1/aesthetics/data/images/51438.jpg,0.3286452293395996
ava_test,833422,/home/tempuser1/aesthetics/data/images/833422.jpg,0.3180830776691437
ava_test,601147,/home/tempuser1/aesthetics/data/images/601147.jpg,0.6737001538276672
ava_test,461094,/home/tempuser1/aesthetics/data/images/461094.jpg,0.7123156785964966
ava_test,316337,/home/tempuser1/aesthetics/data/images/316337.jpg,0.6958919167518616
ava_test,13087,/home/tempuser1/aesthetics/data/images/13087.jpg,0.46255648136138916
ava_test,432077,/home/tempuser1/aesthetics/data/images/432077.jpg,0.031047020107507706
ava_test,329047,/home/tempuser1/aesthetics/data/images/329047.jpg,0.314560204744339
ava_test,642244,/home/tempuser1/aesthetics/data/images/642244.jpg,0.7237969636917114
ava_test,105534,/home/tempuser1/aesthetics/data/images/105534.jpg,0.6571516394615173
ava_test,911761,/home/tempuser1/aesthetics/data/images/911761.jpg,0.5949554443359375
ava_test,796506,/home/tempuser1/aesthetics/data/images/796506.jpg,0.27633804082870483
ava_test,9188,/home/tempuser1/aesthetics/data/images/9188.jpg,0.5460757613182068
ava_test,121819,/home/tempuser1/aesthetics/data/images/121819.jpg,0.8150249719619751
ava_test,491495,/home/tempuser1/aesthetics/data/images/491495.jpg,0.6566024422645569
ava_test,273295,/home/tempuser1/aesthetics/data/images/273295.jpg,1.8177093267440796
ava_test,583259,/home/tempuser1/aesthetics/data/images/583259.jpg,0.38477426767349243
ava_test,561144,/home/tempuser1/aesthetics/data/images/561144.jpg,0.8460084199905396
ava_test,54717,/home/tempuser1/aesthetics/data/images/54717.jpg,0.4003567695617676
ava_test,726426,/home/tempuser1/aesthetics/data/images/726426.jpg,0.1247495636343956
ava_test,569960,/home/tempuser1/aesthetics/data/images/569960.jpg,0.5188239812850952
ava_test,102740,/home/tempuser1/aesthetics/data/images/102740.jpg,0.9111687541007996
ava_test,83746,/home/tempuser1/aesthetics/data/images/83746.jpg,0.4655846655368805
ava_test,345927,/home/tempuser1/aesthetics/data/images/345927.jpg,0.221897155046463
ava_test,816608,/home/tempuser1/aesthetics/data/images/816608.jpg,0.47093820571899414
ava_test,445214,/home/tempuser1/aesthetics/data/images/445214.jpg,0.28416708111763
ava_test,271086,/home/tempuser1/aesthetics/data/images/271086.jpg,0.3315104842185974
ava_test,209557,/home/tempuser1/aesthetics/data/images/209557.jpg,0.11443508416414261
ava_test,163097,/home/tempuser1/aesthetics/data/images/163097.jpg,0.3162687420845032
ava_test,432503,/home/tempuser1/aesthetics/data/images/432503.jpg,0.22540804743766785
ava_test,779098,/home/tempuser1/aesthetics/data/images/779098.jpg,0.4771673083305359
ava_test,354075,/home/tempuser1/aesthetics/data/images/354075.jpg,0.5747321844100952
ava_test,842928,/home/tempuser1/aesthetics/data/images/842928.jpg,0.3243832588195801
ava_test,666353,/home/tempuser1/aesthetics/data/images/666353.jpg,0.2672782838344574
ava_test,711928,/home/tempuser1/aesthetics/data/images/711928.jpg,0.07630407810211182
ava_test,825040,/home/tempuser1/aesthetics/data/images/825040.jpg,0.4416089653968811
ava_test,230319,/home/tempuser1/aesthetics/data/images/230319.jpg,0.32542818784713745
ava_test,25976,/home/tempuser1/aesthetics/data/images/25976.jpg,0.5806598663330078
ava_test,285531,/home/tempuser1/aesthetics/data/images/285531.jpg,0.7035126686096191
ava_test,15346,/home/tempuser1/aesthetics/data/images/15346.jpg,0.8542671203613281
ava_test,52550,/home/tempuser1/aesthetics/data/images/52550.jpg,0.10553920269012451
ava_test,453157,/home/tempuser1/aesthetics/data/images/453157.jpg,0.6697731614112854
ava_test,784884,/home/tempuser1/aesthetics/data/images/784884.jpg,1.1456096172332764
ava_test,13041,/home/tempuser1/aesthetics/data/images/13041.jpg,0.7842245101928711
ava_test,60607,/home/tempuser1/aesthetics/data/images/60607.jpg,1.1087318658828735
ava_test,840402,/home/tempuser1/aesthetics/data/images/840402.jpg,0.3280927240848541
ava_test,720250,/home/tempuser1/aesthetics/data/images/720250.jpg,0.43472403287887573
ava_test,953806,/home/tempuser1/aesthetics/data/images/953806.jpg,1.0080806016921997
ava_test,862056,/home/tempuser1/aesthetics/data/images/862056.jpg,0.5512441992759705
ava_test,282686,/home/tempuser1/aesthetics/data/images/282686.jpg,1.3257781267166138
ava_test,896048,/home/tempuser1/aesthetics/data/images/896048.jpg,0.09529495239257812
ava_test,505575,/home/tempuser1/aesthetics/data/images/505575.jpg,0.2875211238861084
ava_test,527346,/home/tempuser1/aesthetics/data/images/527346.jpg,0.8419676423072815
ava_test,824979,/home/tempuser1/aesthetics/data/images/824979.jpg,0.4722306430339813
ava_test,827206,/home/tempuser1/aesthetics/data/images/827206.jpg,0.9089635610580444
ava_test,147515,/home/tempuser1/aesthetics/data/images/147515.jpg,0.3055935502052307
ava_test,254109,/home/tempuser1/aesthetics/data/images/254109.jpg,1.3625775575637817
ava_test,737819,/home/tempuser1/aesthetics/data/images/737819.jpg,0.27125078439712524
ava_test,54208,/home/tempuser1/aesthetics/data/images/54208.jpg,1.2436481714248657
ava_test,232336,/home/tempuser1/aesthetics/data/images/232336.jpg,0.28432419896125793
ava_test,206239,/home/tempuser1/aesthetics/data/images/206239.jpg,2.2896904945373535
ava_test,446215,/home/tempuser1/aesthetics/data/images/446215.jpg,0.2085927128791809
ava_test,19123,/home/tempuser1/aesthetics/data/images/19123.jpg,0.11282429844141006
ava_test,17083,/home/tempuser1/aesthetics/data/images/17083.jpg,0.2560215890407562
ava_test,759573,/home/tempuser1/aesthetics/data/images/759573.jpg,0.6858787536621094
ava_test,859345,/home/tempuser1/aesthetics/data/images/859345.jpg,0.3337961733341217
ava_test,662712,/home/tempuser1/aesthetics/data/images/662712.jpg,0.15545548498630524
ava_test,456845,/home/tempuser1/aesthetics/data/images/456845.jpg,0.9660884737968445
ava_test,552440,/home/tempuser1/aesthetics/data/images/552440.jpg,0.7942801117897034
ava_test,62587,/home/tempuser1/aesthetics/data/images/62587.jpg,0.8946186900138855
ava_test,723480,/home/tempuser1/aesthetics/data/images/723480.jpg,0.04475416988134384
ava_test,415250,/home/tempuser1/aesthetics/data/images/415250.jpg,0.7788118720054626
ava_test,912251,/home/tempuser1/aesthetics/data/images/912251.jpg,0.4538632035255432
ava_test,279701,/home/tempuser1/aesthetics/data/images/279701.jpg,0.25427985191345215
ava_test,877027,/home/tempuser1/aesthetics/data/images/877027.jpg,0.3491092622280121
ava_test,5541,/home/tempuser1/aesthetics/data/images/5541.jpg,0.8217920660972595
ava_test,480526,/home/tempuser1/aesthetics/data/images/480526.jpg,0.6848971843719482
ava_test,122143,/home/tempuser1/aesthetics/data/images/122143.jpg,0.2552390992641449
ava_test,456992,/home/tempuser1/aesthetics/data/images/456992.jpg,0.2311919778585434
ava_test,697396,/home/tempuser1/aesthetics/data/images/697396.jpg,0.47658979892730713
ava_test,365297,/home/tempuser1/aesthetics/data/images/365297.jpg,0.7470802664756775
ava_test,68007,/home/tempuser1/aesthetics/data/images/68007.jpg,0.8007845282554626
ava_test,126227,/home/tempuser1/aesthetics/data/images/126227.jpg,0.4988308548927307
ava_test,1827,/home/tempuser1/aesthetics/data/images/1827.jpg,1.7895094156265259
ava_test,55642,/home/tempuser1/aesthetics/data/images/55642.jpg,0.453466534614563
ava_test,256760,/home/tempuser1/aesthetics/data/images/256760.jpg,0.8283095955848694
ava_test,772197,/home/tempuser1/aesthetics/data/images/772197.jpg,0.4232981204986572
ava_test,195501,/home/tempuser1/aesthetics/data/images/195501.jpg,0.10014652460813522
ava_test,862334,/home/tempuser1/aesthetics/data/images/862334.jpg,0.8147298693656921
ava_test,284620,/home/tempuser1/aesthetics/data/images/284620.jpg,0.7263681888580322
ava_test,763346,/home/tempuser1/aesthetics/data/images/763346.jpg,0.06946088373661041
ava_test,710712,/home/tempuser1/aesthetics/data/images/710712.jpg,0.35760268568992615
ava_test,205756,/home/tempuser1/aesthetics/data/images/205756.jpg,0.2619068920612335
ava_test,903690,/home/tempuser1/aesthetics/data/images/903690.jpg,0.5024709701538086
ava_test,404834,/home/tempuser1/aesthetics/data/images/404834.jpg,0.07723868638277054
ava_test,411792,/home/tempuser1/aesthetics/data/images/411792.jpg,0.031124023720622063
ava_test,11345,/home/tempuser1/aesthetics/data/images/11345.jpg,0.7522106170654297
ava_test,786799,/home/tempuser1/aesthetics/data/images/786799.jpg,0.33862048387527466
ava_test,67805,/home/tempuser1/aesthetics/data/images/67805.jpg,0.3045477569103241
ava_test,383719,/home/tempuser1/aesthetics/data/images/383719.jpg,1.0953729152679443
ava_test,88580,/home/tempuser1/aesthetics/data/images/88580.jpg,0.1015423983335495
ava_test,254673,/home/tempuser1/aesthetics/data/images/254673.jpg,0.5368061065673828
ava_test,739165,/home/tempuser1/aesthetics/data/images/739165.jpg,0.2920975685119629
ava_test,215904,/home/tempuser1/aesthetics/data/images/215904.jpg,0.3930957317352295
ava_test,202301,/home/tempuser1/aesthetics/data/images/202301.jpg,0.1599459946155548
ava_test,239809,/home/tempuser1/aesthetics/data/images/239809.jpg,0.7643876671791077
ava_test,303,/home/tempuser1/aesthetics/data/images/303.jpg,0.6067789793014526
ava_test,483412,/home/tempuser1/aesthetics/data/images/483412.jpg,0.1338764876127243
ava_test,292322,/home/tempuser1/aesthetics/data/images/292322.jpg,5.070570468902588
ava_test,140812,/home/tempuser1/aesthetics/data/images/140812.jpg,0.46991249918937683
ava_test,292314,/home/tempuser1/aesthetics/data/images/292314.jpg,0.008338498882949352
ava_test,778014,/home/tempuser1/aesthetics/data/images/778014.jpg,1.1256495714187622
ava_test,252355,/home/tempuser1/aesthetics/data/images/252355.jpg,1.5451750755310059
ava_test,4782,/home/tempuser1/aesthetics/data/images/4782.jpg,0.03511428087949753
ava_test,207254,/home/tempuser1/aesthetics/data/images/207254.jpg,1.2053309679031372
ava_test,238777,/home/tempuser1/aesthetics/data/images/238777.jpg,0.5190147161483765
ava_test,875841,/home/tempuser1/aesthetics/data/images/875841.jpg,0.2764679789543152
ava_test,941636,/home/tempuser1/aesthetics/data/images/941636.jpg,0.112577885389328
ava_test,604051,/home/tempuser1/aesthetics/data/images/604051.jpg,0.5717819929122925
ava_test,314046,/home/tempuser1/aesthetics/data/images/314046.jpg,0.09049549698829651
ava_test,707228,/home/tempuser1/aesthetics/data/images/707228.jpg,0.5731788873672485
ava_test,931925,/home/tempuser1/aesthetics/data/images/931925.jpg,0.7336363196372986
ava_test,17305,/home/tempuser1/aesthetics/data/images/17305.jpg,0.2988301217556
ava_test,457378,/home/tempuser1/aesthetics/data/images/457378.jpg,0.47750306129455566
ava_test,609687,/home/tempuser1/aesthetics/data/images/609687.jpg,0.05203013867139816
ava_test,291436,/home/tempuser1/aesthetics/data/images/291436.jpg,1.7756909132003784
ava_test,858742,/home/tempuser1/aesthetics/data/images/858742.jpg,0.2938779890537262
ava_test,233106,/home/tempuser1/aesthetics/data/images/233106.jpg,1.540333867073059
ava_test,315383,/home/tempuser1/aesthetics/data/images/315383.jpg,1.1412843465805054
ava_test,944838,/home/tempuser1/aesthetics/data/images/944838.jpg,0.3223053812980652
ava_test,316755,/home/tempuser1/aesthetics/data/images/316755.jpg,0.361358106136322
ava_test,263623,/home/tempuser1/aesthetics/data/images/263623.jpg,0.6165300607681274
ava_test,798024,/home/tempuser1/aesthetics/data/images/798024.jpg,0.7480353116989136
ava_test,9911,/home/tempuser1/aesthetics/data/images/9911.jpg,1.0247465372085571
ava_test,605555,/home/tempuser1/aesthetics/data/images/605555.jpg,0.9021499752998352
ava_test,630528,/home/tempuser1/aesthetics/data/images/630528.jpg,0.18453463912010193
ava_test,354956,/home/tempuser1/aesthetics/data/images/354956.jpg,0.3907213509082794
ava_test,224700,/home/tempuser1/aesthetics/data/images/224700.jpg,0.04373687133193016
ava_test,713191,/home/tempuser1/aesthetics/data/images/713191.jpg,0.3499516546726227
ava_test,499324,/home/tempuser1/aesthetics/data/images/499324.jpg,0.6147403120994568
ava_test,770537,/home/tempuser1/aesthetics/data/images/770537.jpg,0.520449161529541
ava_test,246370,/home/tempuser1/aesthetics/data/images/246370.jpg,0.33551526069641113
ava_test,635470,/home/tempuser1/aesthetics/data/images/635470.jpg,0.3383074402809143
ava_test,442457,/home/tempuser1/aesthetics/data/images/442457.jpg,0.5047611594200134
ava_test,924074,/home/tempuser1/aesthetics/data/images/924074.jpg,0.47509872913360596
ava_test,668294,/home/tempuser1/aesthetics/data/images/668294.jpg,0.8711618185043335
ava_test,957649,/home/tempuser1/aesthetics/data/images/957649.jpg,0.11888296157121658
ava_test,227095,/home/tempuser1/aesthetics/data/images/227095.jpg,0.20455403625965118
ava_test,755947,/home/tempuser1/aesthetics/data/images/755947.jpg,0.9886382222175598
ava_test,105210,/home/tempuser1/aesthetics/data/images/105210.jpg,2.3544321060180664
ava_test,547891,/home/tempuser1/aesthetics/data/images/547891.jpg,0.18901242315769196
ava_test,121321,/home/tempuser1/aesthetics/data/images/121321.jpg,0.7176982164382935
ava_test,231078,/home/tempuser1/aesthetics/data/images/231078.jpg,0.23506569862365723
ava_test,930547,/home/tempuser1/aesthetics/data/images/930547.jpg,0.21519175171852112
ava_test,270987,/home/tempuser1/aesthetics/data/images/270987.jpg,0.47129952907562256
ava_test,147447,/home/tempuser1/aesthetics/data/images/147447.jpg,0.3942974805831909
ava_test,531309,/home/tempuser1/aesthetics/data/images/531309.jpg,0.0555545873939991
ava_test,379778,/home/tempuser1/aesthetics/data/images/379778.jpg,1.9865050315856934
ava_test,126771,/home/tempuser1/aesthetics/data/images/126771.jpg,0.3708082437515259
ava_test,337064,/home/tempuser1/aesthetics/data/images/337064.jpg,0.3939671814441681
ava_test,316307,/home/tempuser1/aesthetics/data/images/316307.jpg,0.9438862800598145
ava_test,904795,/home/tempuser1/aesthetics/data/images/904795.jpg,0.041443563997745514
ava_test,418916,/home/tempuser1/aesthetics/data/images/418916.jpg,0.28766223788261414
ava_test,247487,/home/tempuser1/aesthetics/data/images/247487.jpg,0.05901489034295082
ava_test,242689,/home/tempuser1/aesthetics/data/images/242689.jpg,1.581343173980713
ava_test,802458,/home/tempuser1/aesthetics/data/images/802458.jpg,0.5691238641738892
ava_test,40169,/home/tempuser1/aesthetics/data/images/40169.jpg,0.04965157434344292
ava_test,470461,/home/tempuser1/aesthetics/data/images/470461.jpg,0.06145859509706497
ava_test,944189,/home/tempuser1/aesthetics/data/images/944189.jpg,1.4898383617401123
ava_test,235607,/home/tempuser1/aesthetics/data/images/235607.jpg,0.3261156976222992
ava_test,9659,/home/tempuser1/aesthetics/data/images/9659.jpg,0.692096471786499
ava_test,530677,/home/tempuser1/aesthetics/data/images/530677.jpg,0.10941144078969955
ava_test,661356,/home/tempuser1/aesthetics/data/images/661356.jpg,0.847577691078186
ava_test,513354,/home/tempuser1/aesthetics/data/images/513354.jpg,0.09958738833665848
ava_test,865084,/home/tempuser1/aesthetics/data/images/865084.jpg,0.46245986223220825
ava_test,258104,/home/tempuser1/aesthetics/data/images/258104.jpg,0.3981746435165405
ava_test,229120,/home/tempuser1/aesthetics/data/images/229120.jpg,0.49689698219299316
ava_test,855633,/home/tempuser1/aesthetics/data/images/855633.jpg,0.1358814537525177
ava_test,724344,/home/tempuser1/aesthetics/data/images/724344.jpg,0.3428846597671509
ava_test,372328,/home/tempuser1/aesthetics/data/images/372328.jpg,0.5046122074127197
ava_test,13700,/home/tempuser1/aesthetics/data/images/13700.jpg,0.3643728792667389
ava_test,105133,/home/tempuser1/aesthetics/data/images/105133.jpg,0.22730909287929535
ava_test,829498,/home/tempuser1/aesthetics/data/images/829498.jpg,0.06370159238576889
ava_test,173514,/home/tempuser1/aesthetics/data/images/173514.jpg,1.3424495458602905
ava_test,23310,/home/tempuser1/aesthetics/data/images/23310.jpg,0.5472072958946228
ava_test,15710,/home/tempuser1/aesthetics/data/images/15710.jpg,0.10754659026861191
ava_test,830058,/home/tempuser1/aesthetics/data/images/830058.jpg,0.27056145668029785
ava_test,880449,/home/tempuser1/aesthetics/data/images/880449.jpg,0.32651814818382263
ava_test,153666,/home/tempuser1/aesthetics/data/images/153666.jpg,0.902326762676239
ava_test,661752,/home/tempuser1/aesthetics/data/images/661752.jpg,0.2548079192638397
ava_test,7359,/home/tempuser1/aesthetics/data/images/7359.jpg,1.395662546157837
ava_test,655988,/home/tempuser1/aesthetics/data/images/655988.jpg,0.0233148280531168
ava_test,9578,/home/tempuser1/aesthetics/data/images/9578.jpg,0.20358367264270782
ava_test,289357,/home/tempuser1/aesthetics/data/images/289357.jpg,0.24395938217639923
ava_test,805333,/home/tempuser1/aesthetics/data/images/805333.jpg,0.22044403851032257
ava_test,456511,/home/tempuser1/aesthetics/data/images/456511.jpg,0.11728943884372711
ava_test,319079,/home/tempuser1/aesthetics/data/images/319079.jpg,0.7737837433815002
ava_test,442687,/home/tempuser1/aesthetics/data/images/442687.jpg,0.0
ava_test,444756,/home/tempuser1/aesthetics/data/images/444756.jpg,0.042163074016571045
ava_test,42312,/home/tempuser1/aesthetics/data/images/42312.jpg,1.3026560544967651
ava_test,598060,/home/tempuser1/aesthetics/data/images/598060.jpg,0.1381331831216812
ava_test,928331,/home/tempuser1/aesthetics/data/images/928331.jpg,0.6919992566108704
ava_test,454122,/home/tempuser1/aesthetics/data/images/454122.jpg,0.9665554165840149
ava_test,249569,/home/tempuser1/aesthetics/data/images/249569.jpg,0.24453896284103394
ava_test,220108,/home/tempuser1/aesthetics/data/images/220108.jpg,0.1876676231622696
ava_test,621106,/home/tempuser1/aesthetics/data/images/621106.jpg,0.3952970802783966
ava_test,869953,/home/tempuser1/aesthetics/data/images/869953.jpg,0.13190139830112457
ava_test,180925,/home/tempuser1/aesthetics/data/images/180925.jpg,0.895466685295105
ava_test,474787,/home/tempuser1/aesthetics/data/images/474787.jpg,0.04068470373749733
ava_test,578665,/home/tempuser1/aesthetics/data/images/578665.jpg,0.6836310029029846
ava_test,18126,/home/tempuser1/aesthetics/data/images/18126.jpg,0.5003865957260132
ava_test,124778,/home/tempuser1/aesthetics/data/images/124778.jpg,0.748052716255188
ava_test,523770,/home/tempuser1/aesthetics/data/images/523770.jpg,0.3014272451400757
ava_test,108898,/home/tempuser1/aesthetics/data/images/108898.jpg,0.9867456555366516
ava_test,288591,/home/tempuser1/aesthetics/data/images/288591.jpg,1.3796323537826538
ava_test,56645,/home/tempuser1/aesthetics/data/images/56645.jpg,0.8583998084068298
ava_test,758493,/home/tempuser1/aesthetics/data/images/758493.jpg,0.1179659366607666
ava_test,160861,/home/tempuser1/aesthetics/data/images/160861.jpg,0.16143541038036346
ava_test,361973,/home/tempuser1/aesthetics/data/images/361973.jpg,0.16963888704776764
ava_test,361,/home/tempuser1/aesthetics/data/images/361.jpg,0.05647007375955582
ava_test,241775,/home/tempuser1/aesthetics/data/images/241775.jpg,0.44579777121543884
ava_test,20227,/home/tempuser1/aesthetics/data/images/20227.jpg,0.7569752931594849
ava_test,48077,/home/tempuser1/aesthetics/data/images/48077.jpg,0.47094669938087463
ava_test,442865,/home/tempuser1/aesthetics/data/images/442865.jpg,0.5582250952720642
ava_test,671615,/home/tempuser1/aesthetics/data/images/671615.jpg,0.7161643505096436
ava_test,518457,/home/tempuser1/aesthetics/data/images/518457.jpg,0.5674034953117371
ava_test,132162,/home/tempuser1/aesthetics/data/images/132162.jpg,0.5978637337684631
ava_test,9162,/home/tempuser1/aesthetics/data/images/9162.jpg,0.6865193247795105
ava_test,661368,/home/tempuser1/aesthetics/data/images/661368.jpg,0.43594327569007874
ava_test,632094,/home/tempuser1/aesthetics/data/images/632094.jpg,0.225974902510643
ava_test,99365,/home/tempuser1/aesthetics/data/images/99365.jpg,0.23372428119182587
ava_test,942473,/home/tempuser1/aesthetics/data/images/942473.jpg,0.6976302266120911
ava_test,61223,/home/tempuser1/aesthetics/data/images/61223.jpg,1.0617700815200806
ava_test,143731,/home/tempuser1/aesthetics/data/images/143731.jpg,0.9373764991760254
ava_test,237043,/home/tempuser1/aesthetics/data/images/237043.jpg,0.35693156719207764
ava_test,101325,/home/tempuser1/aesthetics/data/images/101325.jpg,0.11144260317087173
ava_test,95203,/home/tempuser1/aesthetics/data/images/95203.jpg,0.9763179421424866
ava_test,552669,/home/tempuser1/aesthetics/data/images/552669.jpg,0.28016147017478943
ava_test,73342,/home/tempuser1/aesthetics/data/images/73342.jpg,0.08607891947031021
ava_test,5139,/home/tempuser1/aesthetics/data/images/5139.jpg,0.08568008244037628
ava_test,72488,/home/tempuser1/aesthetics/data/images/72488.jpg,0.622229814529419
ava_test,738644,/home/tempuser1/aesthetics/data/images/738644.jpg,0.4302186369895935
ava_test,735836,/home/tempuser1/aesthetics/data/images/735836.jpg,0.2567600607872009
ava_test,62081,/home/tempuser1/aesthetics/data/images/62081.jpg,0.6511343121528625
ava_test,503590,/home/tempuser1/aesthetics/data/images/503590.jpg,0.6627300977706909
ava_test,168507,/home/tempuser1/aesthetics/data/images/168507.jpg,0.9673645496368408
ava_test,377417,/home/tempuser1/aesthetics/data/images/377417.jpg,2.9884183406829834
ava_test,831250,/home/tempuser1/aesthetics/data/images/831250.jpg,0.18033649027347565
ava_test,46250,/home/tempuser1/aesthetics/data/images/46250.jpg,0.4999636113643646
ava_test,911806,/home/tempuser1/aesthetics/data/images/911806.jpg,0.671059787273407
ava_test,37072,/home/tempuser1/aesthetics/data/images/37072.jpg,0.539253830909729
ava_test,47765,/home/tempuser1/aesthetics/data/images/47765.jpg,1.7577154636383057
ava_test,630468,/home/tempuser1/aesthetics/data/images/630468.jpg,0.24252839386463165
ava_test,39138,/home/tempuser1/aesthetics/data/images/39138.jpg,0.18060456216335297
ava_test,782694,/home/tempuser1/aesthetics/data/images/782694.jpg,0.09252139925956726
ava_test,48086,/home/tempuser1/aesthetics/data/images/48086.jpg,0.12824814021587372
ava_test,45450,/home/tempuser1/aesthetics/data/images/45450.jpg,0.7427676916122437
ava_test,426123,/home/tempuser1/aesthetics/data/images/426123.jpg,0.15505479276180267
ava_test,9237,/home/tempuser1/aesthetics/data/images/9237.jpg,0.34098735451698303
ava_test,754433,/home/tempuser1/aesthetics/data/images/754433.jpg,0.3600318431854248
ava_test,86316,/home/tempuser1/aesthetics/data/images/86316.jpg,0.7317872047424316
ava_test,806392,/home/tempuser1/aesthetics/data/images/806392.jpg,0.2468237578868866
ava_test,35688,/home/tempuser1/aesthetics/data/images/35688.jpg,0.7755680680274963
ava_test,45139,/home/tempuser1/aesthetics/data/images/45139.jpg,0.5554373264312744
ava_test,633889,/home/tempuser1/aesthetics/data/images/633889.jpg,0.29605355858802795
ava_test,772475,/home/tempuser1/aesthetics/data/images/772475.jpg,0.3405180275440216
ava_test,6565,/home/tempuser1/aesthetics/data/images/6565.jpg,1.2709119319915771
ava_test,132335,/home/tempuser1/aesthetics/data/images/132335.jpg,1.1206014156341553
ava_test,868846,/home/tempuser1/aesthetics/data/images/868846.jpg,0.057133160531520844
ava_test,13326,/home/tempuser1/aesthetics/data/images/13326.jpg,0.7177043557167053
ava_test,627882,/home/tempuser1/aesthetics/data/images/627882.jpg,0.32196998596191406
ava_test,610878,/home/tempuser1/aesthetics/data/images/610878.jpg,0.0725148469209671
ava_test,11381,/home/tempuser1/aesthetics/data/images/11381.jpg,0.03717932850122452
ava_test,346748,/home/tempuser1/aesthetics/data/images/346748.jpg,0.2678314745426178
ava_test,491133,/home/tempuser1/aesthetics/data/images/491133.jpg,1.3513578176498413
ava_test,471848,/home/tempuser1/aesthetics/data/images/471848.jpg,0.9880816340446472
ava_test,238459,/home/tempuser1/aesthetics/data/images/238459.jpg,0.5516768097877502
ava_test,419338,/home/tempuser1/aesthetics/data/images/419338.jpg,0.5576125979423523
ava_test,81785,/home/tempuser1/aesthetics/data/images/81785.jpg,0.8648026585578918
ava_test,44428,/home/tempuser1/aesthetics/data/images/44428.jpg,0.6973304748535156
ava_test,409397,/home/tempuser1/aesthetics/data/images/409397.jpg,0.04576777294278145
ava_test,15905,/home/tempuser1/aesthetics/data/images/15905.jpg,0.1267399936914444
ava_test,692574,/home/tempuser1/aesthetics/data/images/692574.jpg,0.022057391703128815
ava_test,792108,/home/tempuser1/aesthetics/data/images/792108.jpg,1.1812864542007446
ava_test,215306,/home/tempuser1/aesthetics/data/images/215306.jpg,0.08089199662208557
ava_test,150128,/home/tempuser1/aesthetics/data/images/150128.jpg,0.02946721389889717
ava_test,365512,/home/tempuser1/aesthetics/data/images/365512.jpg,1.3377845287322998
ava_test,920176,/home/tempuser1/aesthetics/data/images/920176.jpg,0.9679718613624573
ava_test,125991,/home/tempuser1/aesthetics/data/images/125991.jpg,0.3690265715122223
ava_test,40180,/home/tempuser1/aesthetics/data/images/40180.jpg,0.5962203145027161
ava_test,869967,/home/tempuser1/aesthetics/data/images/869967.jpg,0.46609175205230713
ava_test,307687,/home/tempuser1/aesthetics/data/images/307687.jpg,1.4937760829925537
ava_test,297067,/home/tempuser1/aesthetics/data/images/297067.jpg,0.03655995801091194
ava_test,838351,/home/tempuser1/aesthetics/data/images/838351.jpg,0.22368124127388
ava_test,446120,/home/tempuser1/aesthetics/data/images/446120.jpg,0.197172611951828
ava_test,231360,/home/tempuser1/aesthetics/data/images/231360.jpg,1.0030540227890015
ava_test,472191,/home/tempuser1/aesthetics/data/images/472191.jpg,0.415746808052063
ava_test,12916,/home/tempuser1/aesthetics/data/images/12916.jpg,0.020268021151423454
ava_test,869312,/home/tempuser1/aesthetics/data/images/869312.jpg,0.31226757168769836
ava_test,24910,/home/tempuser1/aesthetics/data/images/24910.jpg,0.23828504979610443
ava_test,362382,/home/tempuser1/aesthetics/data/images/362382.jpg,8.504807472229004
ava_test,339386,/home/tempuser1/aesthetics/data/images/339386.jpg,0.19319789111614227
ava_test,92563,/home/tempuser1/aesthetics/data/images/92563.jpg,0.46688956022262573
ava_test,897623,/home/tempuser1/aesthetics/data/images/897623.jpg,0.29504939913749695
ava_test,733508,/home/tempuser1/aesthetics/data/images/733508.jpg,0.24366311728954315
ava_test,204634,/home/tempuser1/aesthetics/data/images/204634.jpg,0.055571749806404114
ava_test,724646,/home/tempuser1/aesthetics/data/images/724646.jpg,0.7071304321289062
ava_test,10868,/home/tempuser1/aesthetics/data/images/10868.jpg,0.5240126848220825
ava_test,432202,/home/tempuser1/aesthetics/data/images/432202.jpg,0.06155746430158615
ava_test,659238,/home/tempuser1/aesthetics/data/images/659238.jpg,0.4866817593574524
ava_test,312526,/home/tempuser1/aesthetics/data/images/312526.jpg,1.8512320518493652
ava_test,835124,/home/tempuser1/aesthetics/data/images/835124.jpg,0.07946853339672089
ava_test,770170,/home/tempuser1/aesthetics/data/images/770170.jpg,0.1720496267080307
ava_test,254816,/home/tempuser1/aesthetics/data/images/254816.jpg,0.059489600360393524
ava_test,190658,/home/tempuser1/aesthetics/data/images/190658.jpg,0.5377798676490784
ava_test,423420,/home/tempuser1/aesthetics/data/images/423420.jpg,0.46207067370414734
ava_test,423806,/home/tempuser1/aesthetics/data/images/423806.jpg,0.09126879274845123
ava_test,584549,/home/tempuser1/aesthetics/data/images/584549.jpg,0.23967839777469635
ava_test,482433,/home/tempuser1/aesthetics/data/images/482433.jpg,0.914516806602478
ava_test,480083,/home/tempuser1/aesthetics/data/images/480083.jpg,0.16268174350261688
ava_test,12074,/home/tempuser1/aesthetics/data/images/12074.jpg,0.4853433072566986
ava_test,30954,/home/tempuser1/aesthetics/data/images/30954.jpg,0.03734762966632843
ava_test,497290,/home/tempuser1/aesthetics/data/images/497290.jpg,0.2879563868045807
ava_test,182219,/home/tempuser1/aesthetics/data/images/182219.jpg,0.438341349363327
ava_test,773282,/home/tempuser1/aesthetics/data/images/773282.jpg,0.1487828642129898
ava_test,13967,/home/tempuser1/aesthetics/data/images/13967.jpg,0.7574703693389893
ava_test,64796,/home/tempuser1/aesthetics/data/images/64796.jpg,1.141620397567749
ava_test,255395,/home/tempuser1/aesthetics/data/images/255395.jpg,0.21557892858982086
ava_test,209423,/home/tempuser1/aesthetics/data/images/209423.jpg,0.5976142883300781
ava_test,887281,/home/tempuser1/aesthetics/data/images/887281.jpg,0.34506550431251526
ava_test,793314,/home/tempuser1/aesthetics/data/images/793314.jpg,0.22419507801532745
ava_test,759524,/home/tempuser1/aesthetics/data/images/759524.jpg,0.22325199842453003
ava_test,63865,/home/tempuser1/aesthetics/data/images/63865.jpg,0.6355496048927307
ava_test,260553,/home/tempuser1/aesthetics/data/images/260553.jpg,2.3475162982940674
ava_test,615726,/home/tempuser1/aesthetics/data/images/615726.jpg,0.7868417501449585
ava_test,250290,/home/tempuser1/aesthetics/data/images/250290.jpg,0.5858591794967651
ava_test,146878,/home/tempuser1/aesthetics/data/images/146878.jpg,0.1845507174730301
ava_test,932404,/home/tempuser1/aesthetics/data/images/932404.jpg,0.4048374891281128
ava_test,382878,/home/tempuser1/aesthetics/data/images/382878.jpg,0.2542198598384857
ava_test,603997,/home/tempuser1/aesthetics/data/images/603997.jpg,0.06603317707777023
ava_test,816680,/home/tempuser1/aesthetics/data/images/816680.jpg,0.5139084458351135
ava_test,15891,/home/tempuser1/aesthetics/data/images/15891.jpg,0.45039254426956177
ava_test,842487,/home/tempuser1/aesthetics/data/images/842487.jpg,0.32618626952171326
ava_test,200352,/home/tempuser1/aesthetics/data/images/200352.jpg,0.9466544985771179
ava_test,642520,/home/tempuser1/aesthetics/data/images/642520.jpg,0.3861359655857086
ava_test,861040,/home/tempuser1/aesthetics/data/images/861040.jpg,0.010363813489675522
ava_test,106941,/home/tempuser1/aesthetics/data/images/106941.jpg,0.06435873359441757
ava_test,771819,/home/tempuser1/aesthetics/data/images/771819.jpg,1.1867061853408813
ava_test,681754,/home/tempuser1/aesthetics/data/images/681754.jpg,0.5077136754989624
ava_test,100988,/home/tempuser1/aesthetics/data/images/100988.jpg,0.40163013339042664
ava_test,829795,/home/tempuser1/aesthetics/data/images/829795.jpg,0.0
ava_test,1624,/home/tempuser1/aesthetics/data/images/1624.jpg,0.7047351598739624
ava_test,485242,/home/tempuser1/aesthetics/data/images/485242.jpg,0.46573883295059204
ava_test,745620,/home/tempuser1/aesthetics/data/images/745620.jpg,0.21030326187610626
ava_test,916794,/home/tempuser1/aesthetics/data/images/916794.jpg,0.5215745568275452
ava_test,380015,/home/tempuser1/aesthetics/data/images/380015.jpg,0.11551409214735031
ava_test,387366,/home/tempuser1/aesthetics/data/images/387366.jpg,0.5380598902702332
ava_test,678671,/home/tempuser1/aesthetics/data/images/678671.jpg,0.48220720887184143
ava_test,641891,/home/tempuser1/aesthetics/data/images/641891.jpg,1.5384608507156372
ava_test,499812,/home/tempuser1/aesthetics/data/images/499812.jpg,0.4913311004638672
ava_test,783907,/home/tempuser1/aesthetics/data/images/783907.jpg,0.1626817137002945
ava_test,755847,/home/tempuser1/aesthetics/data/images/755847.jpg,0.7141004204750061
ava_test,835745,/home/tempuser1/aesthetics/data/images/835745.jpg,0.7303803563117981
ava_test,571916,/home/tempuser1/aesthetics/data/images/571916.jpg,1.20945143699646
ava_test,134713,/home/tempuser1/aesthetics/data/images/134713.jpg,0.7255604267120361
ava_test,722783,/home/tempuser1/aesthetics/data/images/722783.jpg,0.4015194773674011
ava_test,143976,/home/tempuser1/aesthetics/data/images/143976.jpg,0.017173755913972855
ava_test,471403,/home/tempuser1/aesthetics/data/images/471403.jpg,0.46228283643722534
ava_test,550979,/home/tempuser1/aesthetics/data/images/550979.jpg,0.45522019267082214
ava_test,382683,/home/tempuser1/aesthetics/data/images/382683.jpg,0.3454149067401886
ava_test,925801,/home/tempuser1/aesthetics/data/images/925801.jpg,1.3917216062545776
ava_test,745204,/home/tempuser1/aesthetics/data/images/745204.jpg,0.300851047039032
ava_test,677871,/home/tempuser1/aesthetics/data/images/677871.jpg,0.40643131732940674
ava_test,438923,/home/tempuser1/aesthetics/data/images/438923.jpg,0.19571706652641296
ava_test,746206,/home/tempuser1/aesthetics/data/images/746206.jpg,0.20760577917099
ava_test,111078,/home/tempuser1/aesthetics/data/images/111078.jpg,0.06932832300662994
ava_test,415084,/home/tempuser1/aesthetics/data/images/415084.jpg,0.25022274255752563
ava_test,710931,/home/tempuser1/aesthetics/data/images/710931.jpg,0.16285598278045654
ava_test,596551,/home/tempuser1/aesthetics/data/images/596551.jpg,0.5118958950042725
ava_test,124031,/home/tempuser1/aesthetics/data/images/124031.jpg,0.09369019418954849
ava_test,48123,/home/tempuser1/aesthetics/data/images/48123.jpg,0.15450845658779144
ava_test,764486,/home/tempuser1/aesthetics/data/images/764486.jpg,0.4457547068595886
ava_test,891183,/home/tempuser1/aesthetics/data/images/891183.jpg,0.3216520845890045
ava_test,383385,/home/tempuser1/aesthetics/data/images/383385.jpg,1.0347336530685425
ava_test,235030,/home/tempuser1/aesthetics/data/images/235030.jpg,0.335793673992157
ava_test,689967,/home/tempuser1/aesthetics/data/images/689967.jpg,0.3115867078304291
ava_test,482507,/home/tempuser1/aesthetics/data/images/482507.jpg,0.1733039915561676
ava_test,157584,/home/tempuser1/aesthetics/data/images/157584.jpg,0.15427879989147186
ava_test,678424,/home/tempuser1/aesthetics/data/images/678424.jpg,0.3520916700363159
ava_test,930476,/home/tempuser1/aesthetics/data/images/930476.jpg,0.04071639105677605
ava_test,830156,/home/tempuser1/aesthetics/data/images/830156.jpg,0.9379396438598633
ava_test,203613,/home/tempuser1/aesthetics/data/images/203613.jpg,0.24659420549869537
ava_test,494671,/home/tempuser1/aesthetics/data/images/494671.jpg,0.37966129183769226
ava_test,941220,/home/tempuser1/aesthetics/data/images/941220.jpg,0.384127140045166
ava_test,450225,/home/tempuser1/aesthetics/data/images/450225.jpg,0.41994336247444153
ava_test,855202,/home/tempuser1/aesthetics/data/images/855202.jpg,1.7370878458023071
ava_test,142982,/home/tempuser1/aesthetics/data/images/142982.jpg,0.04714703932404518
ava_test,412517,/home/tempuser1/aesthetics/data/images/412517.jpg,0.4740273058414459
ava_test,415508,/home/tempuser1/aesthetics/data/images/415508.jpg,0.3521038591861725
ava_test,8307,/home/tempuser1/aesthetics/data/images/8307.jpg,0.5168911814689636
ava_test,827651,/home/tempuser1/aesthetics/data/images/827651.jpg,0.5879542827606201
ava_test,640869,/home/tempuser1/aesthetics/data/images/640869.jpg,0.2856409549713135
ava_test,128439,/home/tempuser1/aesthetics/data/images/128439.jpg,0.8529179096221924
ava_test,42893,/home/tempuser1/aesthetics/data/images/42893.jpg,0.8491894602775574
ava_test,524389,/home/tempuser1/aesthetics/data/images/524389.jpg,0.6447182893753052
ava_test,743361,/home/tempuser1/aesthetics/data/images/743361.jpg,0.23807936906814575
ava_test,91001,/home/tempuser1/aesthetics/data/images/91001.jpg,0.8051592707633972
ava_test,738411,/home/tempuser1/aesthetics/data/images/738411.jpg,0.307869017124176
ava_test,381279,/home/tempuser1/aesthetics/data/images/381279.jpg,0.1535082906484604
ava_test,571142,/home/tempuser1/aesthetics/data/images/571142.jpg,0.2649993598461151
ava_test,165894,/home/tempuser1/aesthetics/data/images/165894.jpg,0.6653071641921997
ava_test,839971,/home/tempuser1/aesthetics/data/images/839971.jpg,0.42753034830093384
ava_test,760387,/home/tempuser1/aesthetics/data/images/760387.jpg,0.8350925445556641
ava_test,150661,/home/tempuser1/aesthetics/data/images/150661.jpg,1.1034554243087769
ava_test,45428,/home/tempuser1/aesthetics/data/images/45428.jpg,1.2219117879867554
ava_test,79101,/home/tempuser1/aesthetics/data/images/79101.jpg,0.5874113440513611
ava_test,868701,/home/tempuser1/aesthetics/data/images/868701.jpg,0.34306126832962036
ava_test,775,/home/tempuser1/aesthetics/data/images/775.jpg,0.49902287125587463
ava_test,57881,/home/tempuser1/aesthetics/data/images/57881.jpg,0.10679318010807037
ava_test,509818,/home/tempuser1/aesthetics/data/images/509818.jpg,0.6449808478355408
ava_test,822641,/home/tempuser1/aesthetics/data/images/822641.jpg,0.26101040840148926
ava_test,162986,/home/tempuser1/aesthetics/data/images/162986.jpg,0.7536874413490295
ava_test,140622,/home/tempuser1/aesthetics/data/images/140622.jpg,0.4778064787387848
ava_test,823096,/home/tempuser1/aesthetics/data/images/823096.jpg,0.08532850444316864
ava_test,211767,/home/tempuser1/aesthetics/data/images/211767.jpg,0.6744228601455688
ava_test,737579,/home/tempuser1/aesthetics/data/images/737579.jpg,0.4788289964199066
ava_test,364718,/home/tempuser1/aesthetics/data/images/364718.jpg,0.36161816120147705
ava_test,137813,/home/tempuser1/aesthetics/data/images/137813.jpg,0.3177768290042877
ava_test,114806,/home/tempuser1/aesthetics/data/images/114806.jpg,0.914029061794281
ava_test,60599,/home/tempuser1/aesthetics/data/images/60599.jpg,0.9290874600410461
ava_test,373396,/home/tempuser1/aesthetics/data/images/373396.jpg,0.15122148394584656
ava_test,165012,/home/tempuser1/aesthetics/data/images/165012.jpg,1.0285073518753052
ava_test,674173,/home/tempuser1/aesthetics/data/images/674173.jpg,0.26981115341186523
ava_test,674569,/home/tempuser1/aesthetics/data/images/674569.jpg,0.4588007628917694
ava_test,97651,/home/tempuser1/aesthetics/data/images/97651.jpg,0.24043036997318268
ava_test,428959,/home/tempuser1/aesthetics/data/images/428959.jpg,0.1683824211359024
ava_test,1195,/home/tempuser1/aesthetics/data/images/1195.jpg,0.7836530208587646
ava_test,570109,/home/tempuser1/aesthetics/data/images/570109.jpg,0.2596023678779602
ava_test,566802,/home/tempuser1/aesthetics/data/images/566802.jpg,0.30960145592689514
ava_test,795638,/home/tempuser1/aesthetics/data/images/795638.jpg,0.0
ava_test,696906,/home/tempuser1/aesthetics/data/images/696906.jpg,1.0097764730453491
ava_test,264629,/home/tempuser1/aesthetics/data/images/264629.jpg,0.42412155866622925
ava_test,628315,/home/tempuser1/aesthetics/data/images/628315.jpg,0.36888572573661804
ava_test,630256,/home/tempuser1/aesthetics/data/images/630256.jpg,0.3247799277305603
ava_test,578592,/home/tempuser1/aesthetics/data/images/578592.jpg,0.8701768517494202
ava_test,627746,/home/tempuser1/aesthetics/data/images/627746.jpg,0.553316593170166
ava_test,307448,/home/tempuser1/aesthetics/data/images/307448.jpg,0.8296560049057007
ava_test,349399,/home/tempuser1/aesthetics/data/images/349399.jpg,0.394497275352478
ava_test,894593,/home/tempuser1/aesthetics/data/images/894593.jpg,0.1274498850107193
ava_test,928726,/home/tempuser1/aesthetics/data/images/928726.jpg,0.6829166412353516
ava_test,87681,/home/tempuser1/aesthetics/data/images/87681.jpg,1.575533390045166
ava_test,155640,/home/tempuser1/aesthetics/data/images/155640.jpg,2.1704723834991455
ava_test,93963,/home/tempuser1/aesthetics/data/images/93963.jpg,0.6261928677558899
ava_test,266869,/home/tempuser1/aesthetics/data/images/266869.jpg,0.09731870144605637
ava_test,2820,/home/tempuser1/aesthetics/data/images/2820.jpg,0.15057674050331116
ava_test,301304,/home/tempuser1/aesthetics/data/images/301304.jpg,0.046445973217487335
ava_test,855667,/home/tempuser1/aesthetics/data/images/855667.jpg,0.16653545200824738
ava_test,909611,/home/tempuser1/aesthetics/data/images/909611.jpg,0.056720949709415436
ava_test,329699,/home/tempuser1/aesthetics/data/images/329699.jpg,0.2798355221748352
ava_test,115056,/home/tempuser1/aesthetics/data/images/115056.jpg,0.8755720257759094
ava_test,342990,/home/tempuser1/aesthetics/data/images/342990.jpg,0.7885614037513733
ava_test,202433,/home/tempuser1/aesthetics/data/images/202433.jpg,0.42003676295280457
ava_test,696572,/home/tempuser1/aesthetics/data/images/696572.jpg,0.044112809002399445
ava_test,728598,/home/tempuser1/aesthetics/data/images/728598.jpg,0.5606259107589722
ava_test,13499,/home/tempuser1/aesthetics/data/images/13499.jpg,0.4082146883010864
ava_test,11748,/home/tempuser1/aesthetics/data/images/11748.jpg,0.496015340089798
ava_test,253272,/home/tempuser1/aesthetics/data/images/253272.jpg,0.031065095216035843
ava_test,176349,/home/tempuser1/aesthetics/data/images/176349.jpg,0.3332590162754059
ava_test,408773,/home/tempuser1/aesthetics/data/images/408773.jpg,0.7458392381668091
ava_test,148473,/home/tempuser1/aesthetics/data/images/148473.jpg,0.08175177872180939
ava_test,468336,/home/tempuser1/aesthetics/data/images/468336.jpg,0.33067554235458374
ava_test,937434,/home/tempuser1/aesthetics/data/images/937434.jpg,0.2934456467628479
ava_test,288716,/home/tempuser1/aesthetics/data/images/288716.jpg,0.6721406579017639
ava_test,627973,/home/tempuser1/aesthetics/data/images/627973.jpg,0.603983998298645
ava_test,747926,/home/tempuser1/aesthetics/data/images/747926.jpg,0.3191029131412506
ava_test,51010,/home/tempuser1/aesthetics/data/images/51010.jpg,0.5206067562103271
ava_test,380160,/home/tempuser1/aesthetics/data/images/380160.jpg,0.2032044231891632
ava_test,146450,/home/tempuser1/aesthetics/data/images/146450.jpg,0.19651062786579132
ava_test,537874,/home/tempuser1/aesthetics/data/images/537874.jpg,0.1981106847524643
ava_test,308519,/home/tempuser1/aesthetics/data/images/308519.jpg,0.3054501712322235
ava_test,56076,/home/tempuser1/aesthetics/data/images/56076.jpg,1.0820311307907104
ava_test,466542,/home/tempuser1/aesthetics/data/images/466542.jpg,0.04713885113596916
ava_test,249160,/home/tempuser1/aesthetics/data/images/249160.jpg,0.16055317223072052
ava_test,542621,/home/tempuser1/aesthetics/data/images/542621.jpg,0.06878795474767685
ava_test,935531,/home/tempuser1/aesthetics/data/images/935531.jpg,0.39120790362358093
ava_test,494276,/home/tempuser1/aesthetics/data/images/494276.jpg,0.3280208706855774
ava_test,450003,/home/tempuser1/aesthetics/data/images/450003.jpg,0.3033156096935272
ava_test,52981,/home/tempuser1/aesthetics/data/images/52981.jpg,0.38471490144729614
ava_test,940092,/home/tempuser1/aesthetics/data/images/940092.jpg,0.9633157253265381
ava_test,684479,/home/tempuser1/aesthetics/data/images/684479.jpg,0.03635954484343529
ava_test,679624,/home/tempuser1/aesthetics/data/images/679624.jpg,0.11593437194824219
ava_test,383938,/home/tempuser1/aesthetics/data/images/383938.jpg,1.1267398595809937
ava_test,18496,/home/tempuser1/aesthetics/data/images/18496.jpg,0.9370705485343933
ava_test,39674,/home/tempuser1/aesthetics/data/images/39674.jpg,0.10411932319402695
ava_test,107496,/home/tempuser1/aesthetics/data/images/107496.jpg,0.2310103476047516
ava_test,380282,/home/tempuser1/aesthetics/data/images/380282.jpg,0.20456738770008087
ava_test,527528,/home/tempuser1/aesthetics/data/images/527528.jpg,0.21350350975990295
ava_test,216903,/home/tempuser1/aesthetics/data/images/216903.jpg,0.9231577515602112
ava_test,151843,/home/tempuser1/aesthetics/data/images/151843.jpg,0.5254749059677124
ava_test,17921,/home/tempuser1/aesthetics/data/images/17921.jpg,0.42263075709342957
ava_test,2489,/home/tempuser1/aesthetics/data/images/2489.jpg,0.14405454695224762
ava_test,151873,/home/tempuser1/aesthetics/data/images/151873.jpg,0.05674264580011368
ava_test,540932,/home/tempuser1/aesthetics/data/images/540932.jpg,0.3329438269138336
ava_test,316807,/home/tempuser1/aesthetics/data/images/316807.jpg,1.1235727071762085
ava_test,733049,/home/tempuser1/aesthetics/data/images/733049.jpg,0.23403941094875336
ava_test,40501,/home/tempuser1/aesthetics/data/images/40501.jpg,0.34633350372314453
ava_test,309743,/home/tempuser1/aesthetics/data/images/309743.jpg,0.030674785375595093
ava_test,167069,/home/tempuser1/aesthetics/data/images/167069.jpg,1.2183871269226074
ava_test,676631,/home/tempuser1/aesthetics/data/images/676631.jpg,0.4228338301181793
ava_test,338321,/home/tempuser1/aesthetics/data/images/338321.jpg,0.3040299415588379
ava_test,579409,/home/tempuser1/aesthetics/data/images/579409.jpg,0.2662782073020935
ava_test,514788,/home/tempuser1/aesthetics/data/images/514788.jpg,0.16092391312122345
ava_test,357057,/home/tempuser1/aesthetics/data/images/357057.jpg,0.112578846514225
ava_test,355022,/home/tempuser1/aesthetics/data/images/355022.jpg,0.04129350185394287
ava_test,246140,/home/tempuser1/aesthetics/data/images/246140.jpg,0.2944938540458679
ava_test,438703,/home/tempuser1/aesthetics/data/images/438703.jpg,0.44611871242523193
ava_test,920363,/home/tempuser1/aesthetics/data/images/920363.jpg,5.532773494720459
ava_test,56801,/home/tempuser1/aesthetics/data/images/56801.jpg,0.37617871165275574
ava_test,162238,/home/tempuser1/aesthetics/data/images/162238.jpg,0.31669509410858154
ava_test,913264,/home/tempuser1/aesthetics/data/images/913264.jpg,1.1651897430419922
ava_test,110003,/home/tempuser1/aesthetics/data/images/110003.jpg,1.0723621845245361
ava_test,334879,/home/tempuser1/aesthetics/data/images/334879.jpg,0.7057687044143677
ava_test,315672,/home/tempuser1/aesthetics/data/images/315672.jpg,0.828158974647522
ava_test,55068,/home/tempuser1/aesthetics/data/images/55068.jpg,1.1568567752838135
ava_test,217973,/home/tempuser1/aesthetics/data/images/217973.jpg,0.28864678740501404
ava_test,404639,/home/tempuser1/aesthetics/data/images/404639.jpg,1.032099962234497
ava_test,308752,/home/tempuser1/aesthetics/data/images/308752.jpg,0.5554313659667969
ava_test,735130,/home/tempuser1/aesthetics/data/images/735130.jpg,0.3302323520183563
ava_test,24816,/home/tempuser1/aesthetics/data/images/24816.jpg,0.3476105034351349
ava_test,563990,/home/tempuser1/aesthetics/data/images/563990.jpg,0.6540424227714539
ava_test,58102,/home/tempuser1/aesthetics/data/images/58102.jpg,0.1790405809879303
ava_test,330032,/home/tempuser1/aesthetics/data/images/330032.jpg,0.8761993646621704
ava_test,591913,/home/tempuser1/aesthetics/data/images/591913.jpg,0.5309582948684692
ava_test,449123,/home/tempuser1/aesthetics/data/images/449123.jpg,0.46418824791908264
ava_test,934303,/home/tempuser1/aesthetics/data/images/934303.jpg,0.6054204106330872
ava_test,45021,/home/tempuser1/aesthetics/data/images/45021.jpg,0.26821717619895935
ava_test,849504,/home/tempuser1/aesthetics/data/images/849504.jpg,0.4555133581161499
ava_test,125902,/home/tempuser1/aesthetics/data/images/125902.jpg,0.49723708629608154
ava_test,18262,/home/tempuser1/aesthetics/data/images/18262.jpg,0.39803463220596313
ava_test,793321,/home/tempuser1/aesthetics/data/images/793321.jpg,0.3661246597766876
ava_test,864710,/home/tempuser1/aesthetics/data/images/864710.jpg,0.3897578716278076
ava_test,949628,/home/tempuser1/aesthetics/data/images/949628.jpg,0.752555251121521
ava_test,422322,/home/tempuser1/aesthetics/data/images/422322.jpg,0.27468636631965637
ava_test,32152,/home/tempuser1/aesthetics/data/images/32152.jpg,0.48267942667007446
ava_test,117884,/home/tempuser1/aesthetics/data/images/117884.jpg,0.01468477863818407
ava_test,703923,/home/tempuser1/aesthetics/data/images/703923.jpg,0.5060876607894897
ava_test,824203,/home/tempuser1/aesthetics/data/images/824203.jpg,0.3875909149646759
ava_test,353365,/home/tempuser1/aesthetics/data/images/353365.jpg,0.2909505069255829
ava_test,69526,/home/tempuser1/aesthetics/data/images/69526.jpg,0.11512573808431625
ava_test,315194,/home/tempuser1/aesthetics/data/images/315194.jpg,0.6563424468040466
ava_test,949949,/home/tempuser1/aesthetics/data/images/949949.jpg,1.1017329692840576
ava_test,479112,/home/tempuser1/aesthetics/data/images/479112.jpg,0.8606460094451904
ava_test,882272,/home/tempuser1/aesthetics/data/images/882272.jpg,0.7616197466850281
ava_test,547874,/home/tempuser1/aesthetics/data/images/547874.jpg,0.08939144760370255
ava_test,905076,/home/tempuser1/aesthetics/data/images/905076.jpg,0.622040331363678
ava_test,2998,/home/tempuser1/aesthetics/data/images/2998.jpg,0.4696797728538513
ava_test,789656,/home/tempuser1/aesthetics/data/images/789656.jpg,0.3794560432434082
ava_test,874906,/home/tempuser1/aesthetics/data/images/874906.jpg,0.5141696929931641
ava_test,494049,/home/tempuser1/aesthetics/data/images/494049.jpg,0.08988089114427567
ava_test,892954,/home/tempuser1/aesthetics/data/images/892954.jpg,0.11768204718828201
ava_test,485147,/home/tempuser1/aesthetics/data/images/485147.jpg,0.6180254817008972
ava_test,13235,/home/tempuser1/aesthetics/data/images/13235.jpg,1.5154696702957153
ava_test,743190,/home/tempuser1/aesthetics/data/images/743190.jpg,0.08885172009468079
ava_test,778515,/home/tempuser1/aesthetics/data/images/778515.jpg,0.1032068058848381
ava_test,789416,/home/tempuser1/aesthetics/data/images/789416.jpg,0.24148356914520264
ava_test,763663,/home/tempuser1/aesthetics/data/images/763663.jpg,0.49147045612335205
ava_test,1404,/home/tempuser1/aesthetics/data/images/1404.jpg,0.21228383481502533
ava_test,211673,/home/tempuser1/aesthetics/data/images/211673.jpg,0.13117185235023499
ava_test,895541,/home/tempuser1/aesthetics/data/images/895541.jpg,0.0564911849796772
ava_test,485112,/home/tempuser1/aesthetics/data/images/485112.jpg,0.05707389861345291
ava_test,817607,/home/tempuser1/aesthetics/data/images/817607.jpg,0.0356687493622303
ava_test,114629,/home/tempuser1/aesthetics/data/images/114629.jpg,0.47100040316581726
ava_test,336393,/home/tempuser1/aesthetics/data/images/336393.jpg,0.2659999132156372
ava_test,146899,/home/tempuser1/aesthetics/data/images/146899.jpg,0.18854935467243195
ava_test,155554,/home/tempuser1/aesthetics/data/images/155554.jpg,0.6928781270980835
ava_test,821686,/home/tempuser1/aesthetics/data/images/821686.jpg,0.16909605264663696
ava_test,2598,/home/tempuser1/aesthetics/data/images/2598.jpg,0.24675944447517395
ava_test,137972,/home/tempuser1/aesthetics/data/images/137972.jpg,2.20554518699646
ava_test,569250,/home/tempuser1/aesthetics/data/images/569250.jpg,1.0231223106384277
ava_test,917416,/home/tempuser1/aesthetics/data/images/917416.jpg,0.4640292227268219
ava_test,134172,/home/tempuser1/aesthetics/data/images/134172.jpg,1.1757451295852661
ava_test,363181,/home/tempuser1/aesthetics/data/images/363181.jpg,0.30624958872795105
ava_test,913813,/home/tempuser1/aesthetics/data/images/913813.jpg,0.4722703993320465
ava_test,176000,/home/tempuser1/aesthetics/data/images/176000.jpg,0.445497065782547
ava_test,332309,/home/tempuser1/aesthetics/data/images/332309.jpg,0.2766868472099304
ava_test,485073,/home/tempuser1/aesthetics/data/images/485073.jpg,0.47890838980674744
ava_test,684528,/home/tempuser1/aesthetics/data/images/684528.jpg,0.1965324878692627
ava_test,8186,/home/tempuser1/aesthetics/data/images/8186.jpg,0.7071152329444885
ava_test,900286,/home/tempuser1/aesthetics/data/images/900286.jpg,0.7202422022819519
ava_test,696997,/home/tempuser1/aesthetics/data/images/696997.jpg,0.052173856645822525
ava_test,925884,/home/tempuser1/aesthetics/data/images/925884.jpg,0.5616931319236755
ava_test,1837,/home/tempuser1/aesthetics/data/images/1837.jpg,1.0018647909164429
ava_test,101746,/home/tempuser1/aesthetics/data/images/101746.jpg,0.08598906546831131
east_asia,east_asia_0001.jpg,/home/tempuser1/Desktop/AESTHETICS_RESEARCH/cultural-bias-data/east_asia/east_asia_0001.jpg,1.2931923866271973
east_asia,east_asia_0002.jpg,/home/tempuser1/Desktop/AESTHETICS_RESEARCH/cultural-bias-data/east_asia/east_asia_0002.jpg,0.7702706456184387
east_asia,east_asia_0003.jpg,/home/tempuser1/Desktop/AESTHETICS_RESEARCH/cultural-bias-data/east_asia/east_asia_0003.jpg,0.4688669443130493
east_asia,east_asia_0004.jpg,/home/tempuser1/Desktop/AESTHETICS_RESEARCH/cultural-bias-data/east_asia/east_asia_0004.jpg,0.2776792645454407
east_asia,east_asia_0006.jpg,/home/tempuser1/Desktop/AESTHETICS_RESEARCH/cultural-bias-data/east_asia/east_asia_0006.jpg,0.10620405524969101
east_asia,east_asia_0007.jpg,/home/tempuser1/Desktop/AESTHETICS_RESEARCH/cultural-bias-data/east_asia/east_asia_0007.jpg,0.8374350070953369
east_asia,east_asia_0008.jpg,/home/tempuser1/Desktop/AESTHETICS_RESEARCH/cultural-bias-data/east_asia/east_asia_0008.jpg,0.42035338282585144
east_asia,east_asia_0009.jpg,/home/tempuser1/Desktop/AESTHETICS_RESEARCH/cultural-bias-data/east_asia/east_asia_0009.jpg,0.6908466815948486
east_asia,east_asia_0013.jpg,/home/tempuser1/Desktop/AESTHETICS_RESEARCH/cultural-bias-data/east_asia/east_asia_0013.jpg,0.8510173559188843
east_asia,east_asia_0014.jpg,/home/tempuser1/Desktop/AESTHETICS_RESEARCH/cultural-bias-data/east_asia/east_asia_0014.jpg,0.7526397705078125
east_asia,east_asia_0019.jpg,/home/tempuser1/Desktop/AESTHETICS_RESEARCH/cultural-bias-data/east_asia/east_asia_0019.jpg,0.13337960839271545
east_asia,east_asia_0020.jpg,/home/tempuser1/Desktop/AESTHETICS_RESEARCH/cultural-bias-data/east_asia/east_asia_0020.jpg,0.7567943930625916
east_asia,east_asia_0021.jpg,/home/tempuser1/Desktop/AESTHETICS_RESEARCH/cultural-bias-data/east_asia/east_asia_0021.jpg,0.6050190329551697
east_asia,east_asia_0022.jpg,/home/tempuser1/Desktop/AESTHETICS_RESEARCH/cultural-bias-data/east_asia/east_asia_0022.jpg,1.0582492351531982
east_asia,east_asia_0026.jpg,/home/tempuser1/Desktop/AESTHETICS_RESEARCH/cultural-bias-data/east_asia/east_asia_0026.jpg,0.05274413153529167
east_asia,east_asia_0027.jpg,/home/tempuser1/Desktop/AESTHETICS_RESEARCH/cultural-bias-data/east_asia/east_asia_0027.jpg,0.34141698479652405
east_asia,east_asia_0028.jpg,/home/tempuser1/Desktop/AESTHETICS_RESEARCH/cultural-bias-data/east_asia/east_asia_0028.jpg,0.05669352784752846
east_asia,east_asia_0029.jpg,/home/tempuser1/Desktop/AESTHETICS_RESEARCH/cultural-bias-data/east_asia/east_asia_0029.jpg,0.10782399028539658
east_asia,east_asia_0030.jpg,/home/tempuser1/Desktop/AESTHETICS_RESEARCH/cultural-bias-data/east_asia/east_asia_0030.jpg,0.8887569308280945
east_asia,east_asia_0036.jpeg,/home/tempuser1/Desktop/AESTHETICS_RESEARCH/cultural-bias-data/east_asia/east_asia_0036.jpeg,0.7790086269378662
east_asia,east_asia_0038.jpg,/home/tempuser1/Desktop/AESTHETICS_RESEARCH/cultural-bias-data/east_asia/east_asia_0038.jpg,0.66347336769104
east_asia,east_asia_0041.jpg,/home/tempuser1/Desktop/AESTHETICS_RESEARCH/cultural-bias-data/east_asia/east_asia_0041.jpg,0.22800272703170776
east_asia,east_asia_0042.jpg,/home/tempuser1/Desktop/AESTHETICS_RESEARCH/cultural-bias-data/east_asia/east_asia_0042.jpg,0.21737176179885864
east_asia,east_asia_0043.jpg,/home/tempuser1/Desktop/AESTHETICS_RESEARCH/cultural-bias-data/east_asia/east_asia_0043.jpg,0.1294359266757965
east_asia,east_asia_0044.jpg,/home/tempuser1/Desktop/AESTHETICS_RESEARCH/cultural-bias-data/east_asia/east_asia_0044.jpg,1.2997550964355469
east_asia,east_asia_0046.jpg,/home/tempuser1/Desktop/AESTHETICS_RESEARCH/cultural-bias-data/east_asia/east_asia_0046.jpg,0.5119115114212036
east_asia,east_asia_0048.jpg,/home/tempuser1/Desktop/AESTHETICS_RESEARCH/cultural-bias-data/east_asia/east_asia_0048.jpg,0.6585579514503479
east_asia,east_asia_0049.jpg,/home/tempuser1/Desktop/AESTHETICS_RESEARCH/cultural-bias-data/east_asia/east_asia_0049.jpg,0.669264018535614
east_asia,east_asia_0052.jpg,/home/tempuser1/Desktop/AESTHETICS_RESEARCH/cultural-bias-data/east_asia/east_asia_0052.jpg,0.5337262749671936
east_asia,east_asia_0057.jpg,/home/tempuser1/Desktop/AESTHETICS_RESEARCH/cultural-bias-data/east_asia/east_asia_0057.jpg,0.20285288989543915
east_asia,east_asia_0058.jpg,/home/tempuser1/Desktop/AESTHETICS_RESEARCH/cultural-bias-data/east_asia/east_asia_0058.jpg,0.5613968968391418
east_asia,east_asia_0059.jpg,/home/tempuser1/Desktop/AESTHETICS_RESEARCH/cultural-bias-data/east_asia/east_asia_0059.jpg,0.11491899937391281
east_asia,east_asia_0061.jpg,/home/tempuser1/Desktop/AESTHETICS_RESEARCH/cultural-bias-data/east_asia/east_asia_0061.jpg,0.0793960839509964
east_asia,east_asia_0062.jpg,/home/tempuser1/Desktop/AESTHETICS_RESEARCH/cultural-bias-data/east_asia/east_asia_0062.jpg,0.5980220437049866
east_asia,east_asia_0064.jpg,/home/tempuser1/Desktop/AESTHETICS_RESEARCH/cultural-bias-data/east_asia/east_asia_0064.jpg,0.26241835951805115
east_asia,east_asia_0066.jpg,/home/tempuser1/Desktop/AESTHETICS_RESEARCH/cultural-bias-data/east_asia/east_asia_0066.jpg,0.275306761264801
east_asia,east_asia_0067.jpg,/home/tempuser1/Desktop/AESTHETICS_RESEARCH/cultural-bias-data/east_asia/east_asia_0067.jpg,0.9274594187736511
east_asia,east_asia_0068.jpg,/home/tempuser1/Desktop/AESTHETICS_RESEARCH/cultural-bias-data/east_asia/east_asia_0068.jpg,0.10597871243953705
east_asia,east_asia_0074.jpg,/home/tempuser1/Desktop/AESTHETICS_RESEARCH/cultural-bias-data/east_asia/east_asia_0074.jpg,0.5100220441818237
east_asia,east_asia_0078.jpg,/home/tempuser1/Desktop/AESTHETICS_RESEARCH/cultural-bias-data/east_asia/east_asia_0078.jpg,0.24074235558509827
east_asia,east_asia_0079.jpg,/home/tempuser1/Desktop/AESTHETICS_RESEARCH/cultural-bias-data/east_asia/east_asia_0079.jpg,0.1595710664987564
east_asia,east_asia_0083.jpg,/home/tempuser1/Desktop/AESTHETICS_RESEARCH/cultural-bias-data/east_asia/east_asia_0083.jpg,0.15328429639339447
east_asia,east_asia_0084.jpg,/home/tempuser1/Desktop/AESTHETICS_RESEARCH/cultural-bias-data/east_asia/east_asia_0084.jpg,0.6813428401947021
east_asia,east_asia_0085.jpg,/home/tempuser1/Desktop/AESTHETICS_RESEARCH/cultural-bias-data/east_asia/east_asia_0085.jpg,1.1785038709640503
east_asia,east_asia_0086.jpg,/home/tempuser1/Desktop/AESTHETICS_RESEARCH/cultural-bias-data/east_asia/east_asia_0086.jpg,0.2852811813354492
east_asia,east_asia_0087.jpg,/home/tempuser1/Desktop/AESTHETICS_RESEARCH/cultural-bias-data/east_asia/east_asia_0087.jpg,0.5229659676551819
east_asia,east_asia_0088.jpg,/home/tempuser1/Desktop/AESTHETICS_RESEARCH/cultural-bias-data/east_asia/east_asia_0088.jpg,0.32503625750541687
east_asia,east_asia_0091.jpg,/home/tempuser1/Desktop/AESTHETICS_RESEARCH/cultural-bias-data/east_asia/east_asia_0091.jpg,1.1787554025650024
east_asia,east_asia_0093.jpg,/home/tempuser1/Desktop/AESTHETICS_RESEARCH/cultural-bias-data/east_asia/east_asia_0093.jpg,0.20716416835784912
east_asia,east_asia_0094.jpg,/home/tempuser1/Desktop/AESTHETICS_RESEARCH/cultural-bias-data/east_asia/east_asia_0094.jpg,0.7740057706832886
east_asia,east_asia_0096.jpg,/home/tempuser1/Desktop/AESTHETICS_RESEARCH/cultural-bias-data/east_asia/east_asia_0096.jpg,0.8344782590866089
east_asia,east_asia_0097.jpg,/home/tempuser1/Desktop/AESTHETICS_RESEARCH/cultural-bias-data/east_asia/east_asia_0097.jpg,1.2265815734863281
east_asia,east_asia_0098.jpg,/home/tempuser1/Desktop/AESTHETICS_RESEARCH/cultural-bias-data/east_asia/east_asia_0098.jpg,0.46065470576286316
east_asia,east_asia_0099.jpg,/home/tempuser1/Desktop/AESTHETICS_RESEARCH/cultural-bias-data/east_asia/east_asia_0099.jpg,0.46936506032943726
east_asia,east_asia_0100.jpg,/home/tempuser1/Desktop/AESTHETICS_RESEARCH/cultural-bias-data/east_asia/east_asia_0100.jpg,0.539342999458313
east_asia,east_asia_0102.jpg,/home/tempuser1/Desktop/AESTHETICS_RESEARCH/cultural-bias-data/east_asia/east_asia_0102.jpg,0.4030551612377167
east_asia,east_asia_0103.jpg,/home/tempuser1/Desktop/AESTHETICS_RESEARCH/cultural-bias-data/east_asia/east_asia_0103.jpg,0.46216297149658203
east_asia,east_asia_0104.jpg,/home/tempuser1/Desktop/AESTHETICS_RESEARCH/cultural-bias-data/east_asia/east_asia_0104.jpg,0.18400636315345764
east_asia,east_asia_0106.jpg,/home/tempuser1/Desktop/AESTHETICS_RESEARCH/cultural-bias-data/east_asia/east_asia_0106.jpg,0.4369783401489258
east_asia,east_asia_0107.jpg,/home/tempuser1/Desktop/AESTHETICS_RESEARCH/cultural-bias-data/east_asia/east_asia_0107.jpg,1.125248908996582
east_asia,east_asia_0110.jpg,/home/tempuser1/Desktop/AESTHETICS_RESEARCH/cultural-bias-data/east_asia/east_asia_0110.jpg,0.04840146377682686
east_asia,east_asia_0111.jpg,/home/tempuser1/Desktop/AESTHETICS_RESEARCH/cultural-bias-data/east_asia/east_asia_0111.jpg,0.2684153914451599
east_asia,east_asia_0112.jpg,/home/tempuser1/Desktop/AESTHETICS_RESEARCH/cultural-bias-data/east_asia/east_asia_0112.jpg,0.5299827456474304
east_asia,east_asia_0113.jpg,/home/tempuser1/Desktop/AESTHETICS_RESEARCH/cultural-bias-data/east_asia/east_asia_0113.jpg,0.2780906856060028
east_asia,east_asia_0115.jpg,/home/tempuser1/Desktop/AESTHETICS_RESEARCH/cultural-bias-data/east_asia/east_asia_0115.jpg,0.7934514880180359
east_asia,east_asia_0121.jpg,/home/tempuser1/Desktop/AESTHETICS_RESEARCH/cultural-bias-data/east_asia/east_asia_0121.jpg,0.24565279483795166
east_asia,east_asia_0126.jpg,/home/tempuser1/Desktop/AESTHETICS_RESEARCH/cultural-bias-data/east_asia/east_asia_0126.jpg,0.08789240568876266
east_asia,east_asia_0128.jpg,/home/tempuser1/Desktop/AESTHETICS_RESEARCH/cultural-bias-data/east_asia/east_asia_0128.jpg,0.3641217052936554
east_asia,east_asia_0129.jpg,/home/tempuser1/Desktop/AESTHETICS_RESEARCH/cultural-bias-data/east_asia/east_asia_0129.jpg,1.517714500427246
east_asia,east_asia_0130.jpg,/home/tempuser1/Desktop/AESTHETICS_RESEARCH/cultural-bias-data/east_asia/east_asia_0130.jpg,0.8218474984169006
east_asia,east_asia_0131.jpg,/home/tempuser1/Desktop/AESTHETICS_RESEARCH/cultural-bias-data/east_asia/east_asia_0131.jpg,0.5539494156837463
east_asia,east_asia_0132.jpg,/home/tempuser1/Desktop/AESTHETICS_RESEARCH/cultural-bias-data/east_asia/east_asia_0132.jpg,1.4608372449874878
east_asia,east_asia_0134.jpg,/home/tempuser1/Desktop/AESTHETICS_RESEARCH/cultural-bias-data/east_asia/east_asia_0134.jpg,0.39648035168647766
east_asia,east_asia_0135.jpg,/home/tempuser1/Desktop/AESTHETICS_RESEARCH/cultural-bias-data/east_asia/east_asia_0135.jpg,0.1206866204738617
east_asia,east_asia_0136.jpg,/home/tempuser1/Desktop/AESTHETICS_RESEARCH/cultural-bias-data/east_asia/east_asia_0136.jpg,0.3845071792602539
east_asia,east_asia_0138.jpg,/home/tempuser1/Desktop/AESTHETICS_RESEARCH/cultural-bias-data/east_asia/east_asia_0138.jpg,1.2470903396606445
east_asia,east_asia_0143.jpg,/home/tempuser1/Desktop/AESTHETICS_RESEARCH/cultural-bias-data/east_asia/east_asia_0143.jpg,0.7924659848213196
east_asia,east_asia_0146.jpg,/home/tempuser1/Desktop/AESTHETICS_RESEARCH/cultural-bias-data/east_asia/east_asia_0146.jpg,0.689617395401001
east_asia,east_asia_0147.jpg,/home/tempuser1/Desktop/AESTHETICS_RESEARCH/cultural-bias-data/east_asia/east_asia_0147.jpg,0.12691307067871094
east_asia,east_asia_0148.jpg,/home/tempuser1/Desktop/AESTHETICS_RESEARCH/cultural-bias-data/east_asia/east_asia_0148.jpg,0.284356951713562
east_asia,east_asia_0153.jpg,/home/tempuser1/Desktop/AESTHETICS_RESEARCH/cultural-bias-data/east_asia/east_asia_0153.jpg,0.3143731951713562
east_asia,east_asia_0154.jpg,/home/tempuser1/Desktop/AESTHETICS_RESEARCH/cultural-bias-data/east_asia/east_asia_0154.jpg,0.2105783075094223
east_asia,east_asia_0155.jpg,/home/tempuser1/Desktop/AESTHETICS_RESEARCH/cultural-bias-data/east_asia/east_asia_0155.jpg,0.35905393958091736
east_asia,east_asia_0156.jpg,/home/tempuser1/Desktop/AESTHETICS_RESEARCH/cultural-bias-data/east_asia/east_asia_0156.jpg,0.20089638233184814
east_asia,east_asia_0157.jpg,/home/tempuser1/Desktop/AESTHETICS_RESEARCH/cultural-bias-data/east_asia/east_asia_0157.jpg,0.3392450213432312
east_asia,east_asia_0160.jpg,/home/tempuser1/Desktop/AESTHETICS_RESEARCH/cultural-bias-data/east_asia/east_asia_0160.jpg,0.45625489950180054
east_asia,east_asia_0161.jpg,/home/tempuser1/Desktop/AESTHETICS_RESEARCH/cultural-bias-data/east_asia/east_asia_0161.jpg,0.5286139249801636
east_asia,east_asia_0162.jpg,/home/tempuser1/Desktop/AESTHETICS_RESEARCH/cultural-bias-data/east_asia/east_asia_0162.jpg,0.17231346666812897
east_asia,east_asia_0165.jpg,/home/tempuser1/Desktop/AESTHETICS_RESEARCH/cultural-bias-data/east_asia/east_asia_0165.jpg,0.3403654098510742
east_asia,east_asia_0167.jpg,/home/tempuser1/Desktop/AESTHETICS_RESEARCH/cultural-bias-data/east_asia/east_asia_0167.jpg,0.5537735819816589
east_asia,east_asia_0171.jpg,/home/tempuser1/Desktop/AESTHETICS_RESEARCH/cultural-bias-data/east_asia/east_asia_0171.jpg,0.29123109579086304
east_asia,east_asia_0175.jpg,/home/tempuser1/Desktop/AESTHETICS_RESEARCH/cultural-bias-data/east_asia/east_asia_0175.jpg,0.2007468193769455
east_asia,east_asia_0181.jpg,/home/tempuser1/Desktop/AESTHETICS_RESEARCH/cultural-bias-data/east_asia/east_asia_0181.jpg,0.4611983895301819
east_asia,east_asia_0183.jpg,/home/tempuser1/Desktop/AESTHETICS_RESEARCH/cultural-bias-data/east_asia/east_asia_0183.jpg,0.2582564651966095
east_asia,east_asia_0186.jpg,/home/tempuser1/Desktop/AESTHETICS_RESEARCH/cultural-bias-data/east_asia/east_asia_0186.jpg,0.5827376246452332
east_asia,east_asia_0187.jpg,/home/tempuser1/Desktop/AESTHETICS_RESEARCH/cultural-bias-data/east_asia/east_asia_0187.jpg,0.21590076386928558
east_asia,east_asia_0188.jpg,/home/tempuser1/Desktop/AESTHETICS_RESEARCH/cultural-bias-data/east_asia/east_asia_0188.jpg,0.8726636171340942
east_asia,east_asia_0193.jpg,/home/tempuser1/Desktop/AESTHETICS_RESEARCH/cultural-bias-data/east_asia/east_asia_0193.jpg,0.20801271498203278
east_asia,east_asia_0196.jpg,/home/tempuser1/Desktop/AESTHETICS_RESEARCH/cultural-bias-data/east_asia/east_asia_0196.jpg,0.3930004835128784
east_asia,east_asia_0201.jpg,/home/tempuser1/Desktop/AESTHETICS_RESEARCH/cultural-bias-data/east_asia/east_asia_0201.jpg,0.07661878317594528
east_asia,east_asia_0204.jpg,/home/tempuser1/Desktop/AESTHETICS_RESEARCH/cultural-bias-data/east_asia/east_asia_0204.jpg,0.11972258239984512
east_asia,east_asia_0207.jpg,/home/tempuser1/Desktop/AESTHETICS_RESEARCH/cultural-bias-data/east_asia/east_asia_0207.jpg,0.4324738383293152
east_asia,east_asia_0210.jpg,/home/tempuser1/Desktop/AESTHETICS_RESEARCH/cultural-bias-data/east_asia/east_asia_0210.jpg,0.3479665219783783
east_asia,east_asia_0211.jpg,/home/tempuser1/Desktop/AESTHETICS_RESEARCH/cultural-bias-data/east_asia/east_asia_0211.jpg,0.3297664523124695
east_asia,east_asia_0213.jpg,/home/tempuser1/Desktop/AESTHETICS_RESEARCH/cultural-bias-data/east_asia/east_asia_0213.jpg,0.4359203577041626
east_asia,east_asia_0214.jpg,/home/tempuser1/Desktop/AESTHETICS_RESEARCH/cultural-bias-data/east_asia/east_asia_0214.jpg,0.2174551784992218
east_asia,east_asia_0216.jpg,/home/tempuser1/Desktop/AESTHETICS_RESEARCH/cultural-bias-data/east_asia/east_asia_0216.jpg,0.3549131453037262
east_asia,east_asia_0217.jpg,/home/tempuser1/Desktop/AESTHETICS_RESEARCH/cultural-bias-data/east_asia/east_asia_0217.jpg,0.20268267393112183
east_asia,east_asia_0220.jpg,/home/tempuser1/Desktop/AESTHETICS_RESEARCH/cultural-bias-data/east_asia/east_asia_0220.jpg,0.27058014273643494
east_asia,east_asia_0222.jpg,/home/tempuser1/Desktop/AESTHETICS_RESEARCH/cultural-bias-data/east_asia/east_asia_0222.jpg,0.07430806756019592
east_asia,east_asia_0231.jpg,/home/tempuser1/Desktop/AESTHETICS_RESEARCH/cultural-bias-data/east_asia/east_asia_0231.jpg,0.27639439702033997
east_asia,east_asia_0232.jpg,/home/tempuser1/Desktop/AESTHETICS_RESEARCH/cultural-bias-data/east_asia/east_asia_0232.jpg,1.4291027784347534
east_asia,east_asia_0236.jpg,/home/tempuser1/Desktop/AESTHETICS_RESEARCH/cultural-bias-data/east_asia/east_asia_0236.jpg,0.47316575050354004
east_asia,east_asia_0238.jpg,/home/tempuser1/Desktop/AESTHETICS_RESEARCH/cultural-bias-data/east_asia/east_asia_0238.jpg,0.18638497591018677
east_asia,east_asia_0239.jpg,/home/tempuser1/Desktop/AESTHETICS_RESEARCH/cultural-bias-data/east_asia/east_asia_0239.jpg,0.7404883503913879
east_asia,east_asia_0240.jpg,/home/tempuser1/Desktop/AESTHETICS_RESEARCH/cultural-bias-data/east_asia/east_asia_0240.jpg,0.5103383660316467
east_asia,east_asia_0245.jpg,/home/tempuser1/Desktop/AESTHETICS_RESEARCH/cultural-bias-data/east_asia/east_asia_0245.jpg,0.6951108574867249
east_asia,east_asia_0246.jpg,/home/tempuser1/Desktop/AESTHETICS_RESEARCH/cultural-bias-data/east_asia/east_asia_0246.jpg,0.2552366554737091
east_asia,east_asia_0248.jpg,/home/tempuser1/Desktop/AESTHETICS_RESEARCH/cultural-bias-data/east_asia/east_asia_0248.jpg,0.20449914038181305
east_asia,east_asia_0249.jpg,/home/tempuser1/Desktop/AESTHETICS_RESEARCH/cultural-bias-data/east_asia/east_asia_0249.jpg,0.3804924786090851
east_asia,east_asia_0258.jpg,/home/tempuser1/Desktop/AESTHETICS_RESEARCH/cultural-bias-data/east_asia/east_asia_0258.jpg,0.25205251574516296
east_asia,east_asia_0259.jpg,/home/tempuser1/Desktop/AESTHETICS_RESEARCH/cultural-bias-data/east_asia/east_asia_0259.jpg,0.8566762208938599
east_asia,east_asia_0260.jpg,/home/tempuser1/Desktop/AESTHETICS_RESEARCH/cultural-bias-data/east_asia/east_asia_0260.jpg,0.17623424530029297
east_asia,east_asia_0262.jpg,/home/tempuser1/Desktop/AESTHETICS_RESEARCH/cultural-bias-data/east_asia/east_asia_0262.jpg,0.5205724835395813
east_asia,east_asia_0263.jpg,/home/tempuser1/Desktop/AESTHETICS_RESEARCH/cultural-bias-data/east_asia/east_asia_0263.jpg,0.6840463876724243
east_asia,east_asia_0264.jpg,/home/tempuser1/Desktop/AESTHETICS_RESEARCH/cultural-bias-data/east_asia/east_asia_0264.jpg,0.5896112322807312
east_asia,east_asia_0271.jpg,/home/tempuser1/Desktop/AESTHETICS_RESEARCH/cultural-bias-data/east_asia/east_asia_0271.jpg,0.43076959252357483
east_asia,east_asia_0273.jpg,/home/tempuser1/Desktop/AESTHETICS_RESEARCH/cultural-bias-data/east_asia/east_asia_0273.jpg,0.10745255649089813
east_asia,east_asia_0277.jpg,/home/tempuser1/Desktop/AESTHETICS_RESEARCH/cultural-bias-data/east_asia/east_asia_0277.jpg,0.8065121173858643
east_asia,east_asia_0285.jpg,/home/tempuser1/Desktop/AESTHETICS_RESEARCH/cultural-bias-data/east_asia/east_asia_0285.jpg,0.16581402719020844
east_asia,east_asia_0288.jpg,/home/tempuser1/Desktop/AESTHETICS_RESEARCH/cultural-bias-data/east_asia/east_asia_0288.jpg,0.260863721370697
east_asia,east_asia_0292.jpg,/home/tempuser1/Desktop/AESTHETICS_RESEARCH/cultural-bias-data/east_asia/east_asia_0292.jpg,0.6059545278549194
east_asia,east_asia_0300.jpg,/home/tempuser1/Desktop/AESTHETICS_RESEARCH/cultural-bias-data/east_asia/east_asia_0300.jpg,0.5269173979759216
east_asia,east_asia_0301.jpg,/home/tempuser1/Desktop/AESTHETICS_RESEARCH/cultural-bias-data/east_asia/east_asia_0301.jpg,0.10865895450115204
east_asia,east_asia_0302.jpg,/home/tempuser1/Desktop/AESTHETICS_RESEARCH/cultural-bias-data/east_asia/east_asia_0302.jpg,0.9495601058006287
east_asia,east_asia_0304.jpg,/home/tempuser1/Desktop/AESTHETICS_RESEARCH/cultural-bias-data/east_asia/east_asia_0304.jpg,0.16344495117664337
east_asia,east_asia_0312.jpg,/home/tempuser1/Desktop/AESTHETICS_RESEARCH/cultural-bias-data/east_asia/east_asia_0312.jpg,0.39166581630706787
east_asia,east_asia_0313.jpg,/home/tempuser1/Desktop/AESTHETICS_RESEARCH/cultural-bias-data/east_asia/east_asia_0313.jpg,0.3680458962917328
east_asia,east_asia_0314.jpg,/home/tempuser1/Desktop/AESTHETICS_RESEARCH/cultural-bias-data/east_asia/east_asia_0314.jpg,0.44109857082366943
east_asia,east_asia_0324.jpg,/home/tempuser1/Desktop/AESTHETICS_RESEARCH/cultural-bias-data/east_asia/east_asia_0324.jpg,0.19675497710704803
east_asia,east_asia_0327.jpg,/home/tempuser1/Desktop/AESTHETICS_RESEARCH/cultural-bias-data/east_asia/east_asia_0327.jpg,0.734890878200531
east_asia,east_asia_0328.jpg,/home/tempuser1/Desktop/AESTHETICS_RESEARCH/cultural-bias-data/east_asia/east_asia_0328.jpg,0.32740268111228943
east_asia,east_asia_0330.jpg,/home/tempuser1/Desktop/AESTHETICS_RESEARCH/cultural-bias-data/east_asia/east_asia_0330.jpg,0.0861269161105156
east_asia,east_asia_0333.jpg,/home/tempuser1/Desktop/AESTHETICS_RESEARCH/cultural-bias-data/east_asia/east_asia_0333.jpg,0.20132006704807281
east_asia,east_asia_0336.jpg,/home/tempuser1/Desktop/AESTHETICS_RESEARCH/cultural-bias-data/east_asia/east_asia_0336.jpg,0.8573644161224365
east_asia,east_asia_0337.jpg,/home/tempuser1/Desktop/AESTHETICS_RESEARCH/cultural-bias-data/east_asia/east_asia_0337.jpg,0.6050950884819031
east_asia,east_asia_0338.jpg,/home/tempuser1/Desktop/AESTHETICS_RESEARCH/cultural-bias-data/east_asia/east_asia_0338.jpg,0.15464597940444946
east_asia,east_asia_0351.jpg,/home/tempuser1/Desktop/AESTHETICS_RESEARCH/cultural-bias-data/east_asia/east_asia_0351.jpg,0.06600148975849152
east_asia,east_asia_0353.jpg,/home/tempuser1/Desktop/AESTHETICS_RESEARCH/cultural-bias-data/east_asia/east_asia_0353.jpg,0.49415385723114014
east_asia,east_asia_0355.jpg,/home/tempuser1/Desktop/AESTHETICS_RESEARCH/cultural-bias-data/east_asia/east_asia_0355.jpg,0.15111809968948364
east_asia,east_asia_0360.jpg,/home/tempuser1/Desktop/AESTHETICS_RESEARCH/cultural-bias-data/east_asia/east_asia_0360.jpg,0.4401248097419739
east_asia,east_asia_0368.jpg,/home/tempuser1/Desktop/AESTHETICS_RESEARCH/cultural-bias-data/east_asia/east_asia_0368.jpg,0.2977359890937805
east_asia,east_asia_0373.jpg,/home/tempuser1/Desktop/AESTHETICS_RESEARCH/cultural-bias-data/east_asia/east_asia_0373.jpg,0.5732808113098145
east_asia,east_asia_0374.jpg,/home/tempuser1/Desktop/AESTHETICS_RESEARCH/cultural-bias-data/east_asia/east_asia_0374.jpg,0.29614385962486267
east_asia,east_asia_0375.jpg,/home/tempuser1/Desktop/AESTHETICS_RESEARCH/cultural-bias-data/east_asia/east_asia_0375.jpg,0.28805598616600037
east_asia,east_asia_0376.jpg,/home/tempuser1/Desktop/AESTHETICS_RESEARCH/cultural-bias-data/east_asia/east_asia_0376.jpg,1.140964150428772
east_asia,east_asia_0377.jpg,/home/tempuser1/Desktop/AESTHETICS_RESEARCH/cultural-bias-data/east_asia/east_asia_0377.jpg,0.36134815216064453
east_asia,east_asia_0381.jpg,/home/tempuser1/Desktop/AESTHETICS_RESEARCH/cultural-bias-data/east_asia/east_asia_0381.jpg,1.3067666292190552
east_asia,east_asia_0392.jpg,/home/tempuser1/Desktop/AESTHETICS_RESEARCH/cultural-bias-data/east_asia/east_asia_0392.jpg,0.3508944511413574
east_asia,east_asia_0397.jpg,/home/tempuser1/Desktop/AESTHETICS_RESEARCH/cultural-bias-data/east_asia/east_asia_0397.jpg,0.7106595635414124
east_asia,east_asia_0398.jpg,/home/tempuser1/Desktop/AESTHETICS_RESEARCH/cultural-bias-data/east_asia/east_asia_0398.jpg,0.10348585247993469
east_asia,east_asia_0405.jpg,/home/tempuser1/Desktop/AESTHETICS_RESEARCH/cultural-bias-data/east_asia/east_asia_0405.jpg,0.3482106924057007
east_asia,east_asia_0406.jpg,/home/tempuser1/Desktop/AESTHETICS_RESEARCH/cultural-bias-data/east_asia/east_asia_0406.jpg,0.1336919069290161
east_asia,east_asia_0407.jpg,/home/tempuser1/Desktop/AESTHETICS_RESEARCH/cultural-bias-data/east_asia/east_asia_0407.jpg,0.42857080698013306
east_asia,east_asia_0413.png,/home/tempuser1/Desktop/AESTHETICS_RESEARCH/cultural-bias-data/east_asia/east_asia_0413.png,0.2203027456998825
east_asia,east_asia_0414.jpg,/home/tempuser1/Desktop/AESTHETICS_RESEARCH/cultural-bias-data/east_asia/east_asia_0414.jpg,0.05895186588168144
east_asia,east_asia_0415.jpg,/home/tempuser1/Desktop/AESTHETICS_RESEARCH/cultural-bias-data/east_asia/east_asia_0415.jpg,0.14619915187358856
east_asia,east_asia_0416.jpg,/home/tempuser1/Desktop/AESTHETICS_RESEARCH/cultural-bias-data/east_asia/east_asia_0416.jpg,0.07603567093610764
east_asia,east_asia_0422.jpg,/home/tempuser1/Desktop/AESTHETICS_RESEARCH/cultural-bias-data/east_asia/east_asia_0422.jpg,0.3011762201786041
east_asia,east_asia_0426.jpg,/home/tempuser1/Desktop/AESTHETICS_RESEARCH/cultural-bias-data/east_asia/east_asia_0426.jpg,0.19929562509059906
east_asia,east_asia_0427.jpg,/home/tempuser1/Desktop/AESTHETICS_RESEARCH/cultural-bias-data/east_asia/east_asia_0427.jpg,1.146166205406189
east_asia,east_asia_0433.jpg,/home/tempuser1/Desktop/AESTHETICS_RESEARCH/cultural-bias-data/east_asia/east_asia_0433.jpg,0.10848800092935562
east_asia,east_asia_0434.jpg,/home/tempuser1/Desktop/AESTHETICS_RESEARCH/cultural-bias-data/east_asia/east_asia_0434.jpg,0.13696269690990448
east_asia,east_asia_0444.jpg,/home/tempuser1/Desktop/AESTHETICS_RESEARCH/cultural-bias-data/east_asia/east_asia_0444.jpg,0.11841192841529846
east_asia,east_asia_0447.jpg,/home/tempuser1/Desktop/AESTHETICS_RESEARCH/cultural-bias-data/east_asia/east_asia_0447.jpg,0.2735348045825958
east_asia,east_asia_0455.jpg,/home/tempuser1/Desktop/AESTHETICS_RESEARCH/cultural-bias-data/east_asia/east_asia_0455.jpg,0.551559567451477
east_asia,east_asia_0458.jpg,/home/tempuser1/Desktop/AESTHETICS_RESEARCH/cultural-bias-data/east_asia/east_asia_0458.jpg,0.41232290863990784
east_asia,east_asia_0459.jpg,/home/tempuser1/Desktop/AESTHETICS_RESEARCH/cultural-bias-data/east_asia/east_asia_0459.jpg,0.49770766496658325
east_asia,east_asia_0461.jpg,/home/tempuser1/Desktop/AESTHETICS_RESEARCH/cultural-bias-data/east_asia/east_asia_0461.jpg,0.1400291919708252
east_asia,east_asia_0472.jpg,/home/tempuser1/Desktop/AESTHETICS_RESEARCH/cultural-bias-data/east_asia/east_asia_0472.jpg,1.545648455619812
east_asia,east_asia_0474.jpg,/home/tempuser1/Desktop/AESTHETICS_RESEARCH/cultural-bias-data/east_asia/east_asia_0474.jpg,1.4924709796905518
east_asia,east_asia_0478.jpg,/home/tempuser1/Desktop/AESTHETICS_RESEARCH/cultural-bias-data/east_asia/east_asia_0478.jpg,0.8899882435798645
east_asia,east_asia_0480.jpg,/home/tempuser1/Desktop/AESTHETICS_RESEARCH/cultural-bias-data/east_asia/east_asia_0480.jpg,0.8006748557090759
east_asia,east_asia_0493.jpg,/home/tempuser1/Desktop/AESTHETICS_RESEARCH/cultural-bias-data/east_asia/east_asia_0493.jpg,0.6878505945205688
east_asia,east_asia_0494.jpg,/home/tempuser1/Desktop/AESTHETICS_RESEARCH/cultural-bias-data/east_asia/east_asia_0494.jpg,0.8832602500915527
east_asia,east_asia_0497.jpg,/home/tempuser1/Desktop/AESTHETICS_RESEARCH/cultural-bias-data/east_asia/east_asia_0497.jpg,1.9184833765029907
south_asia,south_asia_0001.jpg,/home/tempuser1/Desktop/AESTHETICS_RESEARCH/cultural-bias-data/south_asia/south_asia_0001.jpg,0.7937493920326233
south_asia,south_asia_0003.jpg,/home/tempuser1/Desktop/AESTHETICS_RESEARCH/cultural-bias-data/south_asia/south_asia_0003.jpg,0.24349290132522583
south_asia,south_asia_0004.jpg,/home/tempuser1/Desktop/AESTHETICS_RESEARCH/cultural-bias-data/south_asia/south_asia_0004.jpg,0.195882186293602
south_asia,south_asia_0005.jpg,/home/tempuser1/Desktop/AESTHETICS_RESEARCH/cultural-bias-data/south_asia/south_asia_0005.jpg,0.4815559387207031
south_asia,south_asia_0011.jpg,/home/tempuser1/Desktop/AESTHETICS_RESEARCH/cultural-bias-data/south_asia/south_asia_0011.jpg,0.22013665735721588
south_asia,south_asia_0014.jpg,/home/tempuser1/Desktop/AESTHETICS_RESEARCH/cultural-bias-data/south_asia/south_asia_0014.jpg,1.2771272659301758
south_asia,south_asia_0015.jpg,/home/tempuser1/Desktop/AESTHETICS_RESEARCH/cultural-bias-data/south_asia/south_asia_0015.jpg,0.24365735054016113
south_asia,south_asia_0016.jpg,/home/tempuser1/Desktop/AESTHETICS_RESEARCH/cultural-bias-data/south_asia/south_asia_0016.jpg,0.509262204170227
south_asia,south_asia_0017.jpeg,/home/tempuser1/Desktop/AESTHETICS_RESEARCH/cultural-bias-data/south_asia/south_asia_0017.jpeg,0.1235465481877327
south_asia,south_asia_0018.jpeg,/home/tempuser1/Desktop/AESTHETICS_RESEARCH/cultural-bias-data/south_asia/south_asia_0018.jpeg,0.13072507083415985
south_asia,south_asia_0019.jpeg,/home/tempuser1/Desktop/AESTHETICS_RESEARCH/cultural-bias-data/south_asia/south_asia_0019.jpeg,0.03900165110826492
south_asia,south_asia_0020.jpeg,/home/tempuser1/Desktop/AESTHETICS_RESEARCH/cultural-bias-data/south_asia/south_asia_0020.jpeg,0.19881893694400787
south_asia,south_asia_0021.jpeg,/home/tempuser1/Desktop/AESTHETICS_RESEARCH/cultural-bias-data/south_asia/south_asia_0021.jpeg,0.14395533502101898
south_asia,south_asia_0023.jpg,/home/tempuser1/Desktop/AESTHETICS_RESEARCH/cultural-bias-data/south_asia/south_asia_0023.jpg,0.04245762526988983
south_asia,south_asia_0027.jpg,/home/tempuser1/Desktop/AESTHETICS_RESEARCH/cultural-bias-data/south_asia/south_asia_0027.jpg,0.12775078415870667
south_asia,south_asia_0030.jpg,/home/tempuser1/Desktop/AESTHETICS_RESEARCH/cultural-bias-data/south_asia/south_asia_0030.jpg,0.29235026240348816
south_asia,south_asia_0031.jpg,/home/tempuser1/Desktop/AESTHETICS_RESEARCH/cultural-bias-data/south_asia/south_asia_0031.jpg,0.1110394299030304
south_asia,south_asia_0033.jpg,/home/tempuser1/Desktop/AESTHETICS_RESEARCH/cultural-bias-data/south_asia/south_asia_0033.jpg,0.17405951023101807
south_asia,south_asia_0034.jpg,/home/tempuser1/Desktop/AESTHETICS_RESEARCH/cultural-bias-data/south_asia/south_asia_0034.jpg,0.11498451977968216
south_asia,south_asia_0035.jpg,/home/tempuser1/Desktop/AESTHETICS_RESEARCH/cultural-bias-data/south_asia/south_asia_0035.jpg,0.09495875239372253
south_asia,south_asia_0036.jpg,/home/tempuser1/Desktop/AESTHETICS_RESEARCH/cultural-bias-data/south_asia/south_asia_0036.jpg,0.041299350559711456
south_asia,south_asia_0037.jpg,/home/tempuser1/Desktop/AESTHETICS_RESEARCH/cultural-bias-data/south_asia/south_asia_0037.jpg,0.21722722053527832
south_asia,south_asia_0042.jpg,/home/tempuser1/Desktop/AESTHETICS_RESEARCH/cultural-bias-data/south_asia/south_asia_0042.jpg,0.2704581022262573
south_asia,south_asia_0045.jpg,/home/tempuser1/Desktop/AESTHETICS_RESEARCH/cultural-bias-data/south_asia/south_asia_0045.jpg,0.16505591571331024
south_asia,south_asia_0046.png,/home/tempuser1/Desktop/AESTHETICS_RESEARCH/cultural-bias-data/south_asia/south_asia_0046.png,0.6532007455825806
south_asia,south_asia_0047.jpg,/home/tempuser1/Desktop/AESTHETICS_RESEARCH/cultural-bias-data/south_asia/south_asia_0047.jpg,0.2811945378780365
south_asia,south_asia_0053.jpg,/home/tempuser1/Desktop/AESTHETICS_RESEARCH/cultural-bias-data/south_asia/south_asia_0053.jpg,0.16640342772006989
south_asia,south_asia_0055.jpg,/home/tempuser1/Desktop/AESTHETICS_RESEARCH/cultural-bias-data/south_asia/south_asia_0055.jpg,0.2549460530281067
south_asia,south_asia_0060.jpg,/home/tempuser1/Desktop/AESTHETICS_RESEARCH/cultural-bias-data/south_asia/south_asia_0060.jpg,0.330757200717926
south_asia,south_asia_0062.jpg,/home/tempuser1/Desktop/AESTHETICS_RESEARCH/cultural-bias-data/south_asia/south_asia_0062.jpg,0.2780149579048157
south_asia,south_asia_0064.jpg,/home/tempuser1/Desktop/AESTHETICS_RESEARCH/cultural-bias-data/south_asia/south_asia_0064.jpg,0.4631519317626953
south_asia,south_asia_0069.jpg,/home/tempuser1/Desktop/AESTHETICS_RESEARCH/cultural-bias-data/south_asia/south_asia_0069.jpg,0.8818321228027344
south_asia,south_asia_0071.jpg,/home/tempuser1/Desktop/AESTHETICS_RESEARCH/cultural-bias-data/south_asia/south_asia_0071.jpg,0.7091286778450012
south_asia,south_asia_0072.jpg,/home/tempuser1/Desktop/AESTHETICS_RESEARCH/cultural-bias-data/south_asia/south_asia_0072.jpg,0.2963627874851227
south_asia,south_asia_0073.jpg,/home/tempuser1/Desktop/AESTHETICS_RESEARCH/cultural-bias-data/south_asia/south_asia_0073.jpg,0.2973167896270752
south_asia,south_asia_0075.jpg,/home/tempuser1/Desktop/AESTHETICS_RESEARCH/cultural-bias-data/south_asia/south_asia_0075.jpg,0.3660331964492798
south_asia,south_asia_0076.jpg,/home/tempuser1/Desktop/AESTHETICS_RESEARCH/cultural-bias-data/south_asia/south_asia_0076.jpg,0.1707153618335724
south_asia,south_asia_0085.jpg,/home/tempuser1/Desktop/AESTHETICS_RESEARCH/cultural-bias-data/south_asia/south_asia_0085.jpg,0.3570559620857239
south_asia,south_asia_0086.jpg,/home/tempuser1/Desktop/AESTHETICS_RESEARCH/cultural-bias-data/south_asia/south_asia_0086.jpg,0.10069683939218521
south_asia,south_asia_0088.jpg,/home/tempuser1/Desktop/AESTHETICS_RESEARCH/cultural-bias-data/south_asia/south_asia_0088.jpg,0.7033014893531799
south_asia,south_asia_0090.jpg,/home/tempuser1/Desktop/AESTHETICS_RESEARCH/cultural-bias-data/south_asia/south_asia_0090.jpg,1.0139437913894653
south_asia,south_asia_0092.jpg,/home/tempuser1/Desktop/AESTHETICS_RESEARCH/cultural-bias-data/south_asia/south_asia_0092.jpg,0.3723546266555786
south_asia,south_asia_0094.jpg,/home/tempuser1/Desktop/AESTHETICS_RESEARCH/cultural-bias-data/south_asia/south_asia_0094.jpg,0.10388471931219101
south_asia,south_asia_0097.jpg,/home/tempuser1/Desktop/AESTHETICS_RESEARCH/cultural-bias-data/south_asia/south_asia_0097.jpg,0.5858086347579956
south_asia,south_asia_0098.jpg,/home/tempuser1/Desktop/AESTHETICS_RESEARCH/cultural-bias-data/south_asia/south_asia_0098.jpg,0.3631477355957031
south_asia,south_asia_0099.jpg,/home/tempuser1/Desktop/AESTHETICS_RESEARCH/cultural-bias-data/south_asia/south_asia_0099.jpg,0.16163097321987152
south_asia,south_asia_0101.jpg,/home/tempuser1/Desktop/AESTHETICS_RESEARCH/cultural-bias-data/south_asia/south_asia_0101.jpg,0.26684972643852234
south_asia,south_asia_0102.jpg,/home/tempuser1/Desktop/AESTHETICS_RESEARCH/cultural-bias-data/south_asia/south_asia_0102.jpg,0.16303488612174988
south_asia,south_asia_0103.jpg,/home/tempuser1/Desktop/AESTHETICS_RESEARCH/cultural-bias-data/south_asia/south_asia_0103.jpg,0.42449548840522766
south_asia,south_asia_0104.jpeg,/home/tempuser1/Desktop/AESTHETICS_RESEARCH/cultural-bias-data/south_asia/south_asia_0104.jpeg,0.1419234722852707
south_asia,south_asia_0105.jpg,/home/tempuser1/Desktop/AESTHETICS_RESEARCH/cultural-bias-data/south_asia/south_asia_0105.jpg,0.4799932837486267
south_asia,south_asia_0107.jpg,/home/tempuser1/Desktop/AESTHETICS_RESEARCH/cultural-bias-data/south_asia/south_asia_0107.jpg,1.2786874771118164
south_asia,south_asia_0110.jpeg,/home/tempuser1/Desktop/AESTHETICS_RESEARCH/cultural-bias-data/south_asia/south_asia_0110.jpeg,0.5334570407867432
south_asia,south_asia_0115.jpg,/home/tempuser1/Desktop/AESTHETICS_RESEARCH/cultural-bias-data/south_asia/south_asia_0115.jpg,1.2443879842758179
south_asia,south_asia_0116.jpg,/home/tempuser1/Desktop/AESTHETICS_RESEARCH/cultural-bias-data/south_asia/south_asia_0116.jpg,1.7341728210449219
south_asia,south_asia_0120.jpg,/home/tempuser1/Desktop/AESTHETICS_RESEARCH/cultural-bias-data/south_asia/south_asia_0120.jpg,0.7734605669975281
south_asia,south_asia_0121.jpg,/home/tempuser1/Desktop/AESTHETICS_RESEARCH/cultural-bias-data/south_asia/south_asia_0121.jpg,0.2545066475868225
south_asia,south_asia_0122.jpg,/home/tempuser1/Desktop/AESTHETICS_RESEARCH/cultural-bias-data/south_asia/south_asia_0122.jpg,0.11068686842918396
south_asia,south_asia_0123.jpg,/home/tempuser1/Desktop/AESTHETICS_RESEARCH/cultural-bias-data/south_asia/south_asia_0123.jpg,0.8706872463226318
south_asia,south_asia_0124.jpg,/home/tempuser1/Desktop/AESTHETICS_RESEARCH/cultural-bias-data/south_asia/south_asia_0124.jpg,0.22238199412822723
south_asia,south_asia_0125.jpg,/home/tempuser1/Desktop/AESTHETICS_RESEARCH/cultural-bias-data/south_asia/south_asia_0125.jpg,0.24214783310890198
south_asia,south_asia_0128.jpg,/home/tempuser1/Desktop/AESTHETICS_RESEARCH/cultural-bias-data/south_asia/south_asia_0128.jpg,0.3588079512119293
south_asia,south_asia_0129.jpg,/home/tempuser1/Desktop/AESTHETICS_RESEARCH/cultural-bias-data/south_asia/south_asia_0129.jpg,0.5569499135017395
south_asia,south_asia_0131.jpg,/home/tempuser1/Desktop/AESTHETICS_RESEARCH/cultural-bias-data/south_asia/south_asia_0131.jpg,0.19908957183361053
south_asia,south_asia_0134.jpg,/home/tempuser1/Desktop/AESTHETICS_RESEARCH/cultural-bias-data/south_asia/south_asia_0134.jpg,0.37292760610580444
south_asia,south_asia_0135.jpg,/home/tempuser1/Desktop/AESTHETICS_RESEARCH/cultural-bias-data/south_asia/south_asia_0135.jpg,0.04268667474389076
south_asia,south_asia_0136.jpg,/home/tempuser1/Desktop/AESTHETICS_RESEARCH/cultural-bias-data/south_asia/south_asia_0136.jpg,0.10953406244516373
south_asia,south_asia_0138.jpg,/home/tempuser1/Desktop/AESTHETICS_RESEARCH/cultural-bias-data/south_asia/south_asia_0138.jpg,0.3970331847667694
south_asia,south_asia_0139.jpg,/home/tempuser1/Desktop/AESTHETICS_RESEARCH/cultural-bias-data/south_asia/south_asia_0139.jpg,0.18823137879371643
south_asia,south_asia_0140.jpg,/home/tempuser1/Desktop/AESTHETICS_RESEARCH/cultural-bias-data/south_asia/south_asia_0140.jpg,0.29352253675460815
south_asia,south_asia_0141.jpg,/home/tempuser1/Desktop/AESTHETICS_RESEARCH/cultural-bias-data/south_asia/south_asia_0141.jpg,0.12232412397861481
south_asia,south_asia_0142.jpg,/home/tempuser1/Desktop/AESTHETICS_RESEARCH/cultural-bias-data/south_asia/south_asia_0142.jpg,0.6031786203384399
south_asia,south_asia_0143.jpg,/home/tempuser1/Desktop/AESTHETICS_RESEARCH/cultural-bias-data/south_asia/south_asia_0143.jpg,0.16370461881160736
south_asia,south_asia_0144.jpg,/home/tempuser1/Desktop/AESTHETICS_RESEARCH/cultural-bias-data/south_asia/south_asia_0144.jpg,0.4615141451358795
south_asia,south_asia_0145.jpg,/home/tempuser1/Desktop/AESTHETICS_RESEARCH/cultural-bias-data/south_asia/south_asia_0145.jpg,0.08907488733530045
south_asia,south_asia_0146.jpg,/home/tempuser1/Desktop/AESTHETICS_RESEARCH/cultural-bias-data/south_asia/south_asia_0146.jpg,0.34480908513069153
south_asia,south_asia_0147.jpg,/home/tempuser1/Desktop/AESTHETICS_RESEARCH/cultural-bias-data/south_asia/south_asia_0147.jpg,0.06391077488660812
south_asia,south_asia_0148.jpg,/home/tempuser1/Desktop/AESTHETICS_RESEARCH/cultural-bias-data/south_asia/south_asia_0148.jpg,0.5579372048377991
south_asia,south_asia_0149.jpg,/home/tempuser1/Desktop/AESTHETICS_RESEARCH/cultural-bias-data/south_asia/south_asia_0149.jpg,0.7091436982154846
south_asia,south_asia_0150.jpg,/home/tempuser1/Desktop/AESTHETICS_RESEARCH/cultural-bias-data/south_asia/south_asia_0150.jpg,0.5700565576553345
south_asia,south_asia_0151.jpg,/home/tempuser1/Desktop/AESTHETICS_RESEARCH/cultural-bias-data/south_asia/south_asia_0151.jpg,0.2739740014076233
south_asia,south_asia_0152.jpg,/home/tempuser1/Desktop/AESTHETICS_RESEARCH/cultural-bias-data/south_asia/south_asia_0152.jpg,0.30405518412590027
south_asia,south_asia_0153.jpg,/home/tempuser1/Desktop/AESTHETICS_RESEARCH/cultural-bias-data/south_asia/south_asia_0153.jpg,1.3693554401397705
south_asia,south_asia_0154.jpg,/home/tempuser1/Desktop/AESTHETICS_RESEARCH/cultural-bias-data/south_asia/south_asia_0154.jpg,0.4606887698173523
south_asia,south_asia_0155.jpg,/home/tempuser1/Desktop/AESTHETICS_RESEARCH/cultural-bias-data/south_asia/south_asia_0155.jpg,0.33257320523262024
south_asia,south_asia_0158.jpg,/home/tempuser1/Desktop/AESTHETICS_RESEARCH/cultural-bias-data/south_asia/south_asia_0158.jpg,0.03348343074321747
south_asia,south_asia_0159.jpg,/home/tempuser1/Desktop/AESTHETICS_RESEARCH/cultural-bias-data/south_asia/south_asia_0159.jpg,0.2597183883190155
south_asia,south_asia_0160.jpg,/home/tempuser1/Desktop/AESTHETICS_RESEARCH/cultural-bias-data/south_asia/south_asia_0160.jpg,1.7427451610565186
south_asia,south_asia_0161.jpg,/home/tempuser1/Desktop/AESTHETICS_RESEARCH/cultural-bias-data/south_asia/south_asia_0161.jpg,0.47424864768981934
south_asia,south_asia_0163.jpg,/home/tempuser1/Desktop/AESTHETICS_RESEARCH/cultural-bias-data/south_asia/south_asia_0163.jpg,0.8565592169761658
south_asia,south_asia_0164.jpg,/home/tempuser1/Desktop/AESTHETICS_RESEARCH/cultural-bias-data/south_asia/south_asia_0164.jpg,0.7596815228462219
south_asia,south_asia_0165.jpg,/home/tempuser1/Desktop/AESTHETICS_RESEARCH/cultural-bias-data/south_asia/south_asia_0165.jpg,0.1887936294078827
south_asia,south_asia_0166.jpg,/home/tempuser1/Desktop/AESTHETICS_RESEARCH/cultural-bias-data/south_asia/south_asia_0166.jpg,0.6224299073219299
south_asia,south_asia_0167.jpg,/home/tempuser1/Desktop/AESTHETICS_RESEARCH/cultural-bias-data/south_asia/south_asia_0167.jpg,0.1339237093925476
south_asia,south_asia_0168.jpg,/home/tempuser1/Desktop/AESTHETICS_RESEARCH/cultural-bias-data/south_asia/south_asia_0168.jpg,1.3514256477355957
south_asia,south_asia_0169.jpg,/home/tempuser1/Desktop/AESTHETICS_RESEARCH/cultural-bias-data/south_asia/south_asia_0169.jpg,0.7340093851089478
south_asia,south_asia_0170.jpg,/home/tempuser1/Desktop/AESTHETICS_RESEARCH/cultural-bias-data/south_asia/south_asia_0170.jpg,0.23705118894577026
south_asia,south_asia_0175.jpg,/home/tempuser1/Desktop/AESTHETICS_RESEARCH/cultural-bias-data/south_asia/south_asia_0175.jpg,0.5870538949966431
south_asia,south_asia_0177.jpg,/home/tempuser1/Desktop/AESTHETICS_RESEARCH/cultural-bias-data/south_asia/south_asia_0177.jpg,0.28130587935447693
south_asia,south_asia_0178.jpg,/home/tempuser1/Desktop/AESTHETICS_RESEARCH/cultural-bias-data/south_asia/south_asia_0178.jpg,0.5901410579681396
south_asia,south_asia_0180.jpg,/home/tempuser1/Desktop/AESTHETICS_RESEARCH/cultural-bias-data/south_asia/south_asia_0180.jpg,0.5645873546600342
south_asia,south_asia_0181.jpg,/home/tempuser1/Desktop/AESTHETICS_RESEARCH/cultural-bias-data/south_asia/south_asia_0181.jpg,1.4457427263259888
south_asia,south_asia_0183.jpg,/home/tempuser1/Desktop/AESTHETICS_RESEARCH/cultural-bias-data/south_asia/south_asia_0183.jpg,0.4370902478694916
south_asia,south_asia_0185.jpg,/home/tempuser1/Desktop/AESTHETICS_RESEARCH/cultural-bias-data/south_asia/south_asia_0185.jpg,0.21458731591701508
south_asia,south_asia_0186.jpg,/home/tempuser1/Desktop/AESTHETICS_RESEARCH/cultural-bias-data/south_asia/south_asia_0186.jpg,0.39292243123054504
south_asia,south_asia_0187.jpg,/home/tempuser1/Desktop/AESTHETICS_RESEARCH/cultural-bias-data/south_asia/south_asia_0187.jpg,0.8021104335784912
south_asia,south_asia_0188.jpg,/home/tempuser1/Desktop/AESTHETICS_RESEARCH/cultural-bias-data/south_asia/south_asia_0188.jpg,0.7729886174201965
south_asia,south_asia_0189.jpg,/home/tempuser1/Desktop/AESTHETICS_RESEARCH/cultural-bias-data/south_asia/south_asia_0189.jpg,0.46020743250846863
south_asia,south_asia_0190.jpg,/home/tempuser1/Desktop/AESTHETICS_RESEARCH/cultural-bias-data/south_asia/south_asia_0190.jpg,0.7038129568099976
south_asia,south_asia_0191.jpg,/home/tempuser1/Desktop/AESTHETICS_RESEARCH/cultural-bias-data/south_asia/south_asia_0191.jpg,0.20428231358528137
south_asia,south_asia_0194.jpg,/home/tempuser1/Desktop/AESTHETICS_RESEARCH/cultural-bias-data/south_asia/south_asia_0194.jpg,0.08027047663927078
south_asia,south_asia_0196.jpg,/home/tempuser1/Desktop/AESTHETICS_RESEARCH/cultural-bias-data/south_asia/south_asia_0196.jpg,0.9804417490959167
south_asia,south_asia_0198.jpg,/home/tempuser1/Desktop/AESTHETICS_RESEARCH/cultural-bias-data/south_asia/south_asia_0198.jpg,0.35136258602142334
south_asia,south_asia_0199.jpg,/home/tempuser1/Desktop/AESTHETICS_RESEARCH/cultural-bias-data/south_asia/south_asia_0199.jpg,0.13606864213943481
south_asia,south_asia_0201.jpg,/home/tempuser1/Desktop/AESTHETICS_RESEARCH/cultural-bias-data/south_asia/south_asia_0201.jpg,0.31073862314224243
south_asia,south_asia_0202.jpg,/home/tempuser1/Desktop/AESTHETICS_RESEARCH/cultural-bias-data/south_asia/south_asia_0202.jpg,0.1623617261648178
south_asia,south_asia_0203.jpg,/home/tempuser1/Desktop/AESTHETICS_RESEARCH/cultural-bias-data/south_asia/south_asia_0203.jpg,0.23197980225086212
south_asia,south_asia_0204.jpg,/home/tempuser1/Desktop/AESTHETICS_RESEARCH/cultural-bias-data/south_asia/south_asia_0204.jpg,0.34158188104629517
south_asia,south_asia_0210.jpg,/home/tempuser1/Desktop/AESTHETICS_RESEARCH/cultural-bias-data/south_asia/south_asia_0210.jpg,1.5437402725219727
south_asia,south_asia_0213.jpg,/home/tempuser1/Desktop/AESTHETICS_RESEARCH/cultural-bias-data/south_asia/south_asia_0213.jpg,0.67699134349823
south_asia,south_asia_0216.jpg,/home/tempuser1/Desktop/AESTHETICS_RESEARCH/cultural-bias-data/south_asia/south_asia_0216.jpg,0.3352774381637573
south_asia,south_asia_0219.jpg,/home/tempuser1/Desktop/AESTHETICS_RESEARCH/cultural-bias-data/south_asia/south_asia_0219.jpg,0.08787650614976883
south_asia,south_asia_0220.jpg,/home/tempuser1/Desktop/AESTHETICS_RESEARCH/cultural-bias-data/south_asia/south_asia_0220.jpg,0.276221364736557
south_asia,south_asia_0221.jpg,/home/tempuser1/Desktop/AESTHETICS_RESEARCH/cultural-bias-data/south_asia/south_asia_0221.jpg,0.3959057629108429
south_asia,south_asia_0230.jpg,/home/tempuser1/Desktop/AESTHETICS_RESEARCH/cultural-bias-data/south_asia/south_asia_0230.jpg,0.15919198095798492
south_asia,south_asia_0235.jpg,/home/tempuser1/Desktop/AESTHETICS_RESEARCH/cultural-bias-data/south_asia/south_asia_0235.jpg,0.11642733961343765
south_asia,south_asia_0244.jpg,/home/tempuser1/Desktop/AESTHETICS_RESEARCH/cultural-bias-data/south_asia/south_asia_0244.jpg,0.14003610610961914
south_asia,south_asia_0245.jpg,/home/tempuser1/Desktop/AESTHETICS_RESEARCH/cultural-bias-data/south_asia/south_asia_0245.jpg,0.06914838403463364
south_asia,south_asia_0246.jpg,/home/tempuser1/Desktop/AESTHETICS_RESEARCH/cultural-bias-data/south_asia/south_asia_0246.jpg,0.05153753235936165
south_asia,south_asia_0250.jpg,/home/tempuser1/Desktop/AESTHETICS_RESEARCH/cultural-bias-data/south_asia/south_asia_0250.jpg,0.03047453984618187
south_asia,south_asia_0251.jpg,/home/tempuser1/Desktop/AESTHETICS_RESEARCH/cultural-bias-data/south_asia/south_asia_0251.jpg,0.06195414438843727
south_asia,south_asia_0252.jpg,/home/tempuser1/Desktop/AESTHETICS_RESEARCH/cultural-bias-data/south_asia/south_asia_0252.jpg,0.1520698070526123
south_asia,south_asia_0253.jpg,/home/tempuser1/Desktop/AESTHETICS_RESEARCH/cultural-bias-data/south_asia/south_asia_0253.jpg,0.737194836139679
south_asia,south_asia_0255.jpg,/home/tempuser1/Desktop/AESTHETICS_RESEARCH/cultural-bias-data/south_asia/south_asia_0255.jpg,0.7988916039466858
south_asia,south_asia_0257.jpg,/home/tempuser1/Desktop/AESTHETICS_RESEARCH/cultural-bias-data/south_asia/south_asia_0257.jpg,0.45125994086265564
south_asia,south_asia_0259.jpg,/home/tempuser1/Desktop/AESTHETICS_RESEARCH/cultural-bias-data/south_asia/south_asia_0259.jpg,0.2936307489871979
south_asia,south_asia_0260.jpg,/home/tempuser1/Desktop/AESTHETICS_RESEARCH/cultural-bias-data/south_asia/south_asia_0260.jpg,1.7527614831924438
south_asia,south_asia_0261.jpg,/home/tempuser1/Desktop/AESTHETICS_RESEARCH/cultural-bias-data/south_asia/south_asia_0261.jpg,0.9111319780349731
south_asia,south_asia_0262.jpg,/home/tempuser1/Desktop/AESTHETICS_RESEARCH/cultural-bias-data/south_asia/south_asia_0262.jpg,0.8438838720321655
south_asia,south_asia_0263.jpg,/home/tempuser1/Desktop/AESTHETICS_RESEARCH/cultural-bias-data/south_asia/south_asia_0263.jpg,1.4642671346664429
south_asia,south_asia_0264.jpg,/home/tempuser1/Desktop/AESTHETICS_RESEARCH/cultural-bias-data/south_asia/south_asia_0264.jpg,0.47730422019958496
south_asia,south_asia_0265.jpg,/home/tempuser1/Desktop/AESTHETICS_RESEARCH/cultural-bias-data/south_asia/south_asia_0265.jpg,0.23427662253379822
south_asia,south_asia_0268.png,/home/tempuser1/Desktop/AESTHETICS_RESEARCH/cultural-bias-data/south_asia/south_asia_0268.png,0.7772729396820068
south_asia,south_asia_0269.jpg,/home/tempuser1/Desktop/AESTHETICS_RESEARCH/cultural-bias-data/south_asia/south_asia_0269.jpg,0.2397356927394867
south_asia,south_asia_0271.jpg,/home/tempuser1/Desktop/AESTHETICS_RESEARCH/cultural-bias-data/south_asia/south_asia_0271.jpg,0.6694996953010559
south_asia,south_asia_0272.jpg,/home/tempuser1/Desktop/AESTHETICS_RESEARCH/cultural-bias-data/south_asia/south_asia_0272.jpg,0.8640893697738647
south_asia,south_asia_0273.jpg,/home/tempuser1/Desktop/AESTHETICS_RESEARCH/cultural-bias-data/south_asia/south_asia_0273.jpg,0.026904309168457985
south_asia,south_asia_0274.jpg,/home/tempuser1/Desktop/AESTHETICS_RESEARCH/cultural-bias-data/south_asia/south_asia_0274.jpg,0.5343428254127502
south_asia,south_asia_0276.jpg,/home/tempuser1/Desktop/AESTHETICS_RESEARCH/cultural-bias-data/south_asia/south_asia_0276.jpg,0.2626765966415405
south_asia,south_asia_0282.jpg,/home/tempuser1/Desktop/AESTHETICS_RESEARCH/cultural-bias-data/south_asia/south_asia_0282.jpg,0.2217688113451004
south_asia,south_asia_0284.jpg,/home/tempuser1/Desktop/AESTHETICS_RESEARCH/cultural-bias-data/south_asia/south_asia_0284.jpg,1.0805209875106812
south_asia,south_asia_0285.jpg,/home/tempuser1/Desktop/AESTHETICS_RESEARCH/cultural-bias-data/south_asia/south_asia_0285.jpg,0.7739241123199463
south_asia,south_asia_0286.jpg,/home/tempuser1/Desktop/AESTHETICS_RESEARCH/cultural-bias-data/south_asia/south_asia_0286.jpg,0.33772626519203186
south_asia,south_asia_0287.jpg,/home/tempuser1/Desktop/AESTHETICS_RESEARCH/cultural-bias-data/south_asia/south_asia_0287.jpg,0.42289838194847107
south_asia,south_asia_0290.jpg,/home/tempuser1/Desktop/AESTHETICS_RESEARCH/cultural-bias-data/south_asia/south_asia_0290.jpg,0.8027041554450989
south_asia,south_asia_0293.jpg,/home/tempuser1/Desktop/AESTHETICS_RESEARCH/cultural-bias-data/south_asia/south_asia_0293.jpg,0.1550135612487793
south_asia,south_asia_0294.jpg,/home/tempuser1/Desktop/AESTHETICS_RESEARCH/cultural-bias-data/south_asia/south_asia_0294.jpg,0.062469277530908585
south_asia,south_asia_0295.jpg,/home/tempuser1/Desktop/AESTHETICS_RESEARCH/cultural-bias-data/south_asia/south_asia_0295.jpg,0.12683500349521637
south_asia,south_asia_0298.jpg,/home/tempuser1/Desktop/AESTHETICS_RESEARCH/cultural-bias-data/south_asia/south_asia_0298.jpg,0.1496421843767166
south_asia,south_asia_0299.jpg,/home/tempuser1/Desktop/AESTHETICS_RESEARCH/cultural-bias-data/south_asia/south_asia_0299.jpg,0.40706077218055725
south_asia,south_asia_0300.jpg,/home/tempuser1/Desktop/AESTHETICS_RESEARCH/cultural-bias-data/south_asia/south_asia_0300.jpg,0.5345857739448547
south_asia,south_asia_0301.jpg,/home/tempuser1/Desktop/AESTHETICS_RESEARCH/cultural-bias-data/south_asia/south_asia_0301.jpg,0.8607445359230042
south_asia,south_asia_0305.jpg,/home/tempuser1/Desktop/AESTHETICS_RESEARCH/cultural-bias-data/south_asia/south_asia_0305.jpg,0.43399950861930847
south_asia,south_asia_0307.jpg,/home/tempuser1/Desktop/AESTHETICS_RESEARCH/cultural-bias-data/south_asia/south_asia_0307.jpg,0.39902710914611816
south_asia,south_asia_0308.jpg,/home/tempuser1/Desktop/AESTHETICS_RESEARCH/cultural-bias-data/south_asia/south_asia_0308.jpg,0.15012864768505096
south_asia,south_asia_0309.jpg,/home/tempuser1/Desktop/AESTHETICS_RESEARCH/cultural-bias-data/south_asia/south_asia_0309.jpg,0.8585731983184814
south_asia,south_asia_0311.jpg,/home/tempuser1/Desktop/AESTHETICS_RESEARCH/cultural-bias-data/south_asia/south_asia_0311.jpg,0.8364400863647461
south_asia,south_asia_0312.jpg,/home/tempuser1/Desktop/AESTHETICS_RESEARCH/cultural-bias-data/south_asia/south_asia_0312.jpg,0.07303131371736526
south_asia,south_asia_0313.jpg,/home/tempuser1/Desktop/AESTHETICS_RESEARCH/cultural-bias-data/south_asia/south_asia_0313.jpg,0.27031201124191284
south_asia,south_asia_0315.jpg,/home/tempuser1/Desktop/AESTHETICS_RESEARCH/cultural-bias-data/south_asia/south_asia_0315.jpg,0.2827358543872833
south_asia,south_asia_0316.jpg,/home/tempuser1/Desktop/AESTHETICS_RESEARCH/cultural-bias-data/south_asia/south_asia_0316.jpg,0.5016330480575562
south_asia,south_asia_0319.jpg,/home/tempuser1/Desktop/AESTHETICS_RESEARCH/cultural-bias-data/south_asia/south_asia_0319.jpg,0.3166791796684265
south_asia,south_asia_0320.jpg,/home/tempuser1/Desktop/AESTHETICS_RESEARCH/cultural-bias-data/south_asia/south_asia_0320.jpg,0.45596423745155334
south_asia,south_asia_0323.jpg,/home/tempuser1/Desktop/AESTHETICS_RESEARCH/cultural-bias-data/south_asia/south_asia_0323.jpg,0.18361420929431915
south_asia,south_asia_0326.jpg,/home/tempuser1/Desktop/AESTHETICS_RESEARCH/cultural-bias-data/south_asia/south_asia_0326.jpg,0.06839226186275482
south_asia,south_asia_0330.jpg,/home/tempuser1/Desktop/AESTHETICS_RESEARCH/cultural-bias-data/south_asia/south_asia_0330.jpg,0.37060558795928955
south_asia,south_asia_0331.jpg,/home/tempuser1/Desktop/AESTHETICS_RESEARCH/cultural-bias-data/south_asia/south_asia_0331.jpg,0.07068929821252823
south_asia,south_asia_0332.jpg,/home/tempuser1/Desktop/AESTHETICS_RESEARCH/cultural-bias-data/south_asia/south_asia_0332.jpg,0.6869536638259888
south_asia,south_asia_0334.jpg,/home/tempuser1/Desktop/AESTHETICS_RESEARCH/cultural-bias-data/south_asia/south_asia_0334.jpg,0.12925197184085846
south_asia,south_asia_0336.jpg,/home/tempuser1/Desktop/AESTHETICS_RESEARCH/cultural-bias-data/south_asia/south_asia_0336.jpg,0.5099897980690002
south_asia,south_asia_0337.jpg,/home/tempuser1/Desktop/AESTHETICS_RESEARCH/cultural-bias-data/south_asia/south_asia_0337.jpg,5.593109607696533
south_asia,south_asia_0339.jpg,/home/tempuser1/Desktop/AESTHETICS_RESEARCH/cultural-bias-data/south_asia/south_asia_0339.jpg,0.28148114681243896
south_asia,south_asia_0340.jpg,/home/tempuser1/Desktop/AESTHETICS_RESEARCH/cultural-bias-data/south_asia/south_asia_0340.jpg,0.6650392413139343
south_asia,south_asia_0341.jpg,/home/tempuser1/Desktop/AESTHETICS_RESEARCH/cultural-bias-data/south_asia/south_asia_0341.jpg,0.21859601140022278
south_asia,south_asia_0342.jpg,/home/tempuser1/Desktop/AESTHETICS_RESEARCH/cultural-bias-data/south_asia/south_asia_0342.jpg,0.48541995882987976
south_asia,south_asia_0343.jpg,/home/tempuser1/Desktop/AESTHETICS_RESEARCH/cultural-bias-data/south_asia/south_asia_0343.jpg,0.11483418196439743
south_asia,south_asia_0346.jpg,/home/tempuser1/Desktop/AESTHETICS_RESEARCH/cultural-bias-data/south_asia/south_asia_0346.jpg,1.3414597511291504
south_asia,south_asia_0347.jpg,/home/tempuser1/Desktop/AESTHETICS_RESEARCH/cultural-bias-data/south_asia/south_asia_0347.jpg,0.09733720123767853
south_asia,south_asia_0348.jpeg,/home/tempuser1/Desktop/AESTHETICS_RESEARCH/cultural-bias-data/south_asia/south_asia_0348.jpeg,0.06991849094629288
south_asia,south_asia_0350.jpg,/home/tempuser1/Desktop/AESTHETICS_RESEARCH/cultural-bias-data/south_asia/south_asia_0350.jpg,0.05947297066450119
south_asia,south_asia_0351.jpg,/home/tempuser1/Desktop/AESTHETICS_RESEARCH/cultural-bias-data/south_asia/south_asia_0351.jpg,0.10903909802436829
south_asia,south_asia_0352.jpg,/home/tempuser1/Desktop/AESTHETICS_RESEARCH/cultural-bias-data/south_asia/south_asia_0352.jpg,0.675106942653656
south_asia,south_asia_0353.jpg,/home/tempuser1/Desktop/AESTHETICS_RESEARCH/cultural-bias-data/south_asia/south_asia_0353.jpg,0.25737354159355164
south_asia,south_asia_0354.jpg,/home/tempuser1/Desktop/AESTHETICS_RESEARCH/cultural-bias-data/south_asia/south_asia_0354.jpg,0.8737125992774963
south_asia,south_asia_0355.jpg,/home/tempuser1/Desktop/AESTHETICS_RESEARCH/cultural-bias-data/south_asia/south_asia_0355.jpg,0.07245068997144699
south_asia,south_asia_0357.jpg,/home/tempuser1/Desktop/AESTHETICS_RESEARCH/cultural-bias-data/south_asia/south_asia_0357.jpg,0.09110106527805328
south_asia,south_asia_0358.jpg,/home/tempuser1/Desktop/AESTHETICS_RESEARCH/cultural-bias-data/south_asia/south_asia_0358.jpg,0.7102314233779907
south_asia,south_asia_0359.jpg,/home/tempuser1/Desktop/AESTHETICS_RESEARCH/cultural-bias-data/south_asia/south_asia_0359.jpg,0.27393174171447754
south_asia,south_asia_0360.jpg,/home/tempuser1/Desktop/AESTHETICS_RESEARCH/cultural-bias-data/south_asia/south_asia_0360.jpg,0.5938428044319153
south_asia,south_asia_0361.jpg,/home/tempuser1/Desktop/AESTHETICS_RESEARCH/cultural-bias-data/south_asia/south_asia_0361.jpg,0.22793078422546387
south_asia,south_asia_0362.jpg,/home/tempuser1/Desktop/AESTHETICS_RESEARCH/cultural-bias-data/south_asia/south_asia_0362.jpg,0.29540926218032837
south_asia,south_asia_0363.jpg,/home/tempuser1/Desktop/AESTHETICS_RESEARCH/cultural-bias-data/south_asia/south_asia_0363.jpg,0.2778623104095459
south_asia,south_asia_0364.jpg,/home/tempuser1/Desktop/AESTHETICS_RESEARCH/cultural-bias-data/south_asia/south_asia_0364.jpg,0.07706869393587112
south_asia,south_asia_0366.jpg,/home/tempuser1/Desktop/AESTHETICS_RESEARCH/cultural-bias-data/south_asia/south_asia_0366.jpg,0.5361320376396179
south_asia,south_asia_0367.jpg,/home/tempuser1/Desktop/AESTHETICS_RESEARCH/cultural-bias-data/south_asia/south_asia_0367.jpg,0.40722978115081787
south_asia,south_asia_0368.jpg,/home/tempuser1/Desktop/AESTHETICS_RESEARCH/cultural-bias-data/south_asia/south_asia_0368.jpg,1.3901818990707397
south_asia,south_asia_0369.jpg,/home/tempuser1/Desktop/AESTHETICS_RESEARCH/cultural-bias-data/south_asia/south_asia_0369.jpg,0.34946131706237793
south_asia,south_asia_0371.jpg,/home/tempuser1/Desktop/AESTHETICS_RESEARCH/cultural-bias-data/south_asia/south_asia_0371.jpg,0.7632002830505371
south_asia,south_asia_0372.jpg,/home/tempuser1/Desktop/AESTHETICS_RESEARCH/cultural-bias-data/south_asia/south_asia_0372.jpg,0.3148760199546814
south_asia,south_asia_0373.jpeg,/home/tempuser1/Desktop/AESTHETICS_RESEARCH/cultural-bias-data/south_asia/south_asia_0373.jpeg,0.03293653950095177
south_asia,south_asia_0374.jpg,/home/tempuser1/Desktop/AESTHETICS_RESEARCH/cultural-bias-data/south_asia/south_asia_0374.jpg,0.563438892364502
south_asia,south_asia_0378.jpg,/home/tempuser1/Desktop/AESTHETICS_RESEARCH/cultural-bias-data/south_asia/south_asia_0378.jpg,0.7384686470031738
south_asia,south_asia_0381.jpg,/home/tempuser1/Desktop/AESTHETICS_RESEARCH/cultural-bias-data/south_asia/south_asia_0381.jpg,0.7074261903762817
south_asia,south_asia_0382.jpg,/home/tempuser1/Desktop/AESTHETICS_RESEARCH/cultural-bias-data/south_asia/south_asia_0382.jpg,0.6595398783683777
south_asia,south_asia_0384.jpg,/home/tempuser1/Desktop/AESTHETICS_RESEARCH/cultural-bias-data/south_asia/south_asia_0384.jpg,0.8936982750892639
south_asia,south_asia_0385.jpg,/home/tempuser1/Desktop/AESTHETICS_RESEARCH/cultural-bias-data/south_asia/south_asia_0385.jpg,0.27134108543395996
south_asia,south_asia_0386.jpg,/home/tempuser1/Desktop/AESTHETICS_RESEARCH/cultural-bias-data/south_asia/south_asia_0386.jpg,0.5952577590942383
south_asia,south_asia_0387.jpg,/home/tempuser1/Desktop/AESTHETICS_RESEARCH/cultural-bias-data/south_asia/south_asia_0387.jpg,0.2613285779953003
south_asia,south_asia_0388.jpg,/home/tempuser1/Desktop/AESTHETICS_RESEARCH/cultural-bias-data/south_asia/south_asia_0388.jpg,0.17280034720897675
south_asia,south_asia_0390.png,/home/tempuser1/Desktop/AESTHETICS_RESEARCH/cultural-bias-data/south_asia/south_asia_0390.png,0.13946306705474854
south_asia,south_asia_0391.jpg,/home/tempuser1/Desktop/AESTHETICS_RESEARCH/cultural-bias-data/south_asia/south_asia_0391.jpg,0.040874239057302475
south_asia,south_asia_0392.jpg,/home/tempuser1/Desktop/AESTHETICS_RESEARCH/cultural-bias-data/south_asia/south_asia_0392.jpg,0.1059984564781189
south_asia,south_asia_0394.jpg,/home/tempuser1/Desktop/AESTHETICS_RESEARCH/cultural-bias-data/south_asia/south_asia_0394.jpg,0.2597537338733673
south_asia,south_asia_0396.jpg,/home/tempuser1/Desktop/AESTHETICS_RESEARCH/cultural-bias-data/south_asia/south_asia_0396.jpg,0.07329630851745605
south_asia,south_asia_0397.jpg,/home/tempuser1/Desktop/AESTHETICS_RESEARCH/cultural-bias-data/south_asia/south_asia_0397.jpg,0.36289769411087036
south_asia,south_asia_0398.jpg,/home/tempuser1/Desktop/AESTHETICS_RESEARCH/cultural-bias-data/south_asia/south_asia_0398.jpg,0.057145506143569946
south_asia,south_asia_0399.jpg,/home/tempuser1/Desktop/AESTHETICS_RESEARCH/cultural-bias-data/south_asia/south_asia_0399.jpg,0.4566791355609894
south_asia,south_asia_0400.jpg,/home/tempuser1/Desktop/AESTHETICS_RESEARCH/cultural-bias-data/south_asia/south_asia_0400.jpg,0.14134915173053741
south_asia,south_asia_0403.jpg,/home/tempuser1/Desktop/AESTHETICS_RESEARCH/cultural-bias-data/south_asia/south_asia_0403.jpg,0.15424533188343048
south_asia,south_asia_0407.jpg,/home/tempuser1/Desktop/AESTHETICS_RESEARCH/cultural-bias-data/south_asia/south_asia_0407.jpg,0.1586565226316452
south_asia,south_asia_0408.jpg,/home/tempuser1/Desktop/AESTHETICS_RESEARCH/cultural-bias-data/south_asia/south_asia_0408.jpg,1.621187686920166
south_asia,south_asia_0409.jpg,/home/tempuser1/Desktop/AESTHETICS_RESEARCH/cultural-bias-data/south_asia/south_asia_0409.jpg,1.0907387733459473
south_asia,south_asia_0410.jpg,/home/tempuser1/Desktop/AESTHETICS_RESEARCH/cultural-bias-data/south_asia/south_asia_0410.jpg,0.26155993342399597
south_asia,south_asia_0411.jpg,/home/tempuser1/Desktop/AESTHETICS_RESEARCH/cultural-bias-data/south_asia/south_asia_0411.jpg,0.7205445766448975
south_asia,south_asia_0413.jpg,/home/tempuser1/Desktop/AESTHETICS_RESEARCH/cultural-bias-data/south_asia/south_asia_0413.jpg,0.15643541514873505
south_asia,south_asia_0414.jpg,/home/tempuser1/Desktop/AESTHETICS_RESEARCH/cultural-bias-data/south_asia/south_asia_0414.jpg,0.10131897777318954
south_asia,south_asia_0416.jpg,/home/tempuser1/Desktop/AESTHETICS_RESEARCH/cultural-bias-data/south_asia/south_asia_0416.jpg,0.6722250580787659
south_asia,south_asia_0417.jpg,/home/tempuser1/Desktop/AESTHETICS_RESEARCH/cultural-bias-data/south_asia/south_asia_0417.jpg,2.782297134399414
south_asia,south_asia_0418.jpg,/home/tempuser1/Desktop/AESTHETICS_RESEARCH/cultural-bias-data/south_asia/south_asia_0418.jpg,0.2502107620239258
south_asia,south_asia_0419.jpg,/home/tempuser1/Desktop/AESTHETICS_RESEARCH/cultural-bias-data/south_asia/south_asia_0419.jpg,1.287853479385376
south_asia,south_asia_0422.jpg,/home/tempuser1/Desktop/AESTHETICS_RESEARCH/cultural-bias-data/south_asia/south_asia_0422.jpg,0.86203932762146
south_asia,south_asia_0423.jpg,/home/tempuser1/Desktop/AESTHETICS_RESEARCH/cultural-bias-data/south_asia/south_asia_0423.jpg,0.13885453343391418
south_asia,south_asia_0426.jpg,/home/tempuser1/Desktop/AESTHETICS_RESEARCH/cultural-bias-data/south_asia/south_asia_0426.jpg,0.162336066365242
south_asia,south_asia_0427.jpg,/home/tempuser1/Desktop/AESTHETICS_RESEARCH/cultural-bias-data/south_asia/south_asia_0427.jpg,0.4860323667526245
south_asia,south_asia_0428.jpg,/home/tempuser1/Desktop/AESTHETICS_RESEARCH/cultural-bias-data/south_asia/south_asia_0428.jpg,0.6064673662185669
south_asia,south_asia_0429.jpg,/home/tempuser1/Desktop/AESTHETICS_RESEARCH/cultural-bias-data/south_asia/south_asia_0429.jpg,0.4771517515182495
south_asia,south_asia_0430.jpg,/home/tempuser1/Desktop/AESTHETICS_RESEARCH/cultural-bias-data/south_asia/south_asia_0430.jpg,0.36203673481941223
south_asia,south_asia_0431.jpg,/home/tempuser1/Desktop/AESTHETICS_RESEARCH/cultural-bias-data/south_asia/south_asia_0431.jpg,1.3267149925231934
south_asia,south_asia_0436.jpg,/home/tempuser1/Desktop/AESTHETICS_RESEARCH/cultural-bias-data/south_asia/south_asia_0436.jpg,0.5591264963150024
south_asia,south_asia_0437.jpg,/home/tempuser1/Desktop/AESTHETICS_RESEARCH/cultural-bias-data/south_asia/south_asia_0437.jpg,0.6624316573143005
south_asia,south_asia_0438.jpg,/home/tempuser1/Desktop/AESTHETICS_RESEARCH/cultural-bias-data/south_asia/south_asia_0438.jpg,0.08596892654895782
south_asia,south_asia_0440.jpg,/home/tempuser1/Desktop/AESTHETICS_RESEARCH/cultural-bias-data/south_asia/south_asia_0440.jpg,0.29586610198020935
south_asia,south_asia_0445.jpg,/home/tempuser1/Desktop/AESTHETICS_RESEARCH/cultural-bias-data/south_asia/south_asia_0445.jpg,1.665686845779419
south_asia,south_asia_0446.jpg,/home/tempuser1/Desktop/AESTHETICS_RESEARCH/cultural-bias-data/south_asia/south_asia_0446.jpg,0.09319323301315308
south_asia,south_asia_0447.jpg,/home/tempuser1/Desktop/AESTHETICS_RESEARCH/cultural-bias-data/south_asia/south_asia_0447.jpg,0.9265643358230591
south_asia,south_asia_0449.jpg,/home/tempuser1/Desktop/AESTHETICS_RESEARCH/cultural-bias-data/south_asia/south_asia_0449.jpg,0.038187455385923386
south_asia,south_asia_0450.jpg,/home/tempuser1/Desktop/AESTHETICS_RESEARCH/cultural-bias-data/south_asia/south_asia_0450.jpg,0.6921308636665344
south_asia,south_asia_0452.jpg,/home/tempuser1/Desktop/AESTHETICS_RESEARCH/cultural-bias-data/south_asia/south_asia_0452.jpg,0.5648649334907532
south_asia,south_asia_0453.jpg,/home/tempuser1/Desktop/AESTHETICS_RESEARCH/cultural-bias-data/south_asia/south_asia_0453.jpg,1.3501265048980713
south_asia,south_asia_0454.jpg,/home/tempuser1/Desktop/AESTHETICS_RESEARCH/cultural-bias-data/south_asia/south_asia_0454.jpg,0.3130068778991699
south_asia,south_asia_0455.jpg,/home/tempuser1/Desktop/AESTHETICS_RESEARCH/cultural-bias-data/south_asia/south_asia_0455.jpg,0.6155826449394226
south_asia,south_asia_0456.jpg,/home/tempuser1/Desktop/AESTHETICS_RESEARCH/cultural-bias-data/south_asia/south_asia_0456.jpg,0.3081744313240051
south_asia,south_asia_0460.png,/home/tempuser1/Desktop/AESTHETICS_RESEARCH/cultural-bias-data/south_asia/south_asia_0460.png,0.4327835738658905
south_asia,south_asia_0463.jpg,/home/tempuser1/Desktop/AESTHETICS_RESEARCH/cultural-bias-data/south_asia/south_asia_0463.jpg,0.4579054117202759
south_asia,south_asia_0464.jpg,/home/tempuser1/Desktop/AESTHETICS_RESEARCH/cultural-bias-data/south_asia/south_asia_0464.jpg,0.18949346244335175
south_asia,south_asia_0465.jpg,/home/tempuser1/Desktop/AESTHETICS_RESEARCH/cultural-bias-data/south_asia/south_asia_0465.jpg,0.6870687007904053
south_asia,south_asia_0466.jpg,/home/tempuser1/Desktop/AESTHETICS_RESEARCH/cultural-bias-data/south_asia/south_asia_0466.jpg,0.622224748134613
south_asia,south_asia_0467.jpg,/home/tempuser1/Desktop/AESTHETICS_RESEARCH/cultural-bias-data/south_asia/south_asia_0467.jpg,0.6492088437080383
south_asia,south_asia_0470.jpg,/home/tempuser1/Desktop/AESTHETICS_RESEARCH/cultural-bias-data/south_asia/south_asia_0470.jpg,0.14352555572986603
south_asia,south_asia_0472.jpg,/home/tempuser1/Desktop/AESTHETICS_RESEARCH/cultural-bias-data/south_asia/south_asia_0472.jpg,0.5715506672859192
south_asia,south_asia_0473.jpg,/home/tempuser1/Desktop/AESTHETICS_RESEARCH/cultural-bias-data/south_asia/south_asia_0473.jpg,0.6244286894798279
south_asia,south_asia_0474.jpg,/home/tempuser1/Desktop/AESTHETICS_RESEARCH/cultural-bias-data/south_asia/south_asia_0474.jpg,0.2048274576663971
south_asia,south_asia_0475.jpg,/home/tempuser1/Desktop/AESTHETICS_RESEARCH/cultural-bias-data/south_asia/south_asia_0475.jpg,0.25718870759010315
south_asia,south_asia_0476.jpg,/home/tempuser1/Desktop/AESTHETICS_RESEARCH/cultural-bias-data/south_asia/south_asia_0476.jpg,0.5353558659553528
south_asia,south_asia_0477.jpg,/home/tempuser1/Desktop/AESTHETICS_RESEARCH/cultural-bias-data/south_asia/south_asia_0477.jpg,0.3409602642059326
south_asia,south_asia_0478.jpg,/home/tempuser1/Desktop/AESTHETICS_RESEARCH/cultural-bias-data/south_asia/south_asia_0478.jpg,0.10822983086109161
south_asia,south_asia_0479.jpeg,/home/tempuser1/Desktop/AESTHETICS_RESEARCH/cultural-bias-data/south_asia/south_asia_0479.jpeg,0.22181043028831482
south_asia,south_asia_0480.jpg,/home/tempuser1/Desktop/AESTHETICS_RESEARCH/cultural-bias-data/south_asia/south_asia_0480.jpg,0.2642277777194977
south_asia,south_asia_0481.jpg,/home/tempuser1/Desktop/AESTHETICS_RESEARCH/cultural-bias-data/south_asia/south_asia_0481.jpg,0.590901255607605
south_asia,south_asia_0486.jpg,/home/tempuser1/Desktop/AESTHETICS_RESEARCH/cultural-bias-data/south_asia/south_asia_0486.jpg,0.054414618760347366
south_asia,south_asia_0487.jpg,/home/tempuser1/Desktop/AESTHETICS_RESEARCH/cultural-bias-data/south_asia/south_asia_0487.jpg,1.3002246618270874
south_asia,south_asia_0488.jpg,/home/tempuser1/Desktop/AESTHETICS_RESEARCH/cultural-bias-data/south_asia/south_asia_0488.jpg,2.243516683578491
south_asia,south_asia_0490.jpg,/home/tempuser1/Desktop/AESTHETICS_RESEARCH/cultural-bias-data/south_asia/south_asia_0490.jpg,0.43042004108428955
south_asia,south_asia_0491.jpg,/home/tempuser1/Desktop/AESTHETICS_RESEARCH/cultural-bias-data/south_asia/south_asia_0491.jpg,1.0727148056030273
south_asia,south_asia_0492.jpg,/home/tempuser1/Desktop/AESTHETICS_RESEARCH/cultural-bias-data/south_asia/south_asia_0492.jpg,0.5134753584861755
south_asia,south_asia_0493.jpg,/home/tempuser1/Desktop/AESTHETICS_RESEARCH/cultural-bias-data/south_asia/south_asia_0493.jpg,0.5347146987915039
south_asia,south_asia_0494.jpg,/home/tempuser1/Desktop/AESTHETICS_RESEARCH/cultural-bias-data/south_asia/south_asia_0494.jpg,0.08843115717172623
south_asia,south_asia_0495.jpg,/home/tempuser1/Desktop/AESTHETICS_RESEARCH/cultural-bias-data/south_asia/south_asia_0495.jpg,0.6832473874092102
south_asia,south_asia_0497.jpg,/home/tempuser1/Desktop/AESTHETICS_RESEARCH/cultural-bias-data/south_asia/south_asia_0497.jpg,0.05111962929368019
mena,mena_0002.jpg,/home/tempuser1/Desktop/AESTHETICS_RESEARCH/cultural-bias-data/mena/mena_0002.jpg,0.18478699028491974
mena,mena_0005.jpg,/home/tempuser1/Desktop/AESTHETICS_RESEARCH/cultural-bias-data/mena/mena_0005.jpg,0.6202194094657898
mena,mena_0006.jpg,/home/tempuser1/Desktop/AESTHETICS_RESEARCH/cultural-bias-data/mena/mena_0006.jpg,0.3037261366844177
mena,mena_0008.jpg,/home/tempuser1/Desktop/AESTHETICS_RESEARCH/cultural-bias-data/mena/mena_0008.jpg,0.36678236722946167
mena,mena_0009.jpg,/home/tempuser1/Desktop/AESTHETICS_RESEARCH/cultural-bias-data/mena/mena_0009.jpg,0.06713218241930008
mena,mena_0011.jpg,/home/tempuser1/Desktop/AESTHETICS_RESEARCH/cultural-bias-data/mena/mena_0011.jpg,0.7362871170043945
mena,mena_0012.jpg,/home/tempuser1/Desktop/AESTHETICS_RESEARCH/cultural-bias-data/mena/mena_0012.jpg,0.22717039287090302
mena,mena_0015.jpg,/home/tempuser1/Desktop/AESTHETICS_RESEARCH/cultural-bias-data/mena/mena_0015.jpg,0.47693654894828796
mena,mena_0018.jpg,/home/tempuser1/Desktop/AESTHETICS_RESEARCH/cultural-bias-data/mena/mena_0018.jpg,0.04203721135854721
mena,mena_0021.jpg,/home/tempuser1/Desktop/AESTHETICS_RESEARCH/cultural-bias-data/mena/mena_0021.jpg,0.42643558979034424
mena,mena_0026.jpg,/home/tempuser1/Desktop/AESTHETICS_RESEARCH/cultural-bias-data/mena/mena_0026.jpg,0.28160491585731506
mena,mena_0028.jpg,/home/tempuser1/Desktop/AESTHETICS_RESEARCH/cultural-bias-data/mena/mena_0028.jpg,0.08571046590805054
mena,mena_0029.jpg,/home/tempuser1/Desktop/AESTHETICS_RESEARCH/cultural-bias-data/mena/mena_0029.jpg,0.08756073564291
mena,mena_0037.jpg,/home/tempuser1/Desktop/AESTHETICS_RESEARCH/cultural-bias-data/mena/mena_0037.jpg,0.523448646068573
mena,mena_0047.jpg,/home/tempuser1/Desktop/AESTHETICS_RESEARCH/cultural-bias-data/mena/mena_0047.jpg,0.6551267504692078
mena,mena_0048.jpg,/home/tempuser1/Desktop/AESTHETICS_RESEARCH/cultural-bias-data/mena/mena_0048.jpg,0.2370150089263916
mena,mena_0049.jpg,/home/tempuser1/Desktop/AESTHETICS_RESEARCH/cultural-bias-data/mena/mena_0049.jpg,0.5586920976638794
mena,mena_0050.jpg,/home/tempuser1/Desktop/AESTHETICS_RESEARCH/cultural-bias-data/mena/mena_0050.jpg,0.7045572996139526
mena,mena_0072.jpg,/home/tempuser1/Desktop/AESTHETICS_RESEARCH/cultural-bias-data/mena/mena_0072.jpg,0.6067694425582886
mena,mena_0073.png,/home/tempuser1/Desktop/AESTHETICS_RESEARCH/cultural-bias-data/mena/mena_0073.png,1.566657543182373
mena,mena_0082.jpg,/home/tempuser1/Desktop/AESTHETICS_RESEARCH/cultural-bias-data/mena/mena_0082.jpg,0.34898683428764343
mena,mena_0084.jpg,/home/tempuser1/Desktop/AESTHETICS_RESEARCH/cultural-bias-data/mena/mena_0084.jpg,0.2990894317626953
mena,mena_0085.jpg,/home/tempuser1/Desktop/AESTHETICS_RESEARCH/cultural-bias-data/mena/mena_0085.jpg,0.4179879426956177
mena,mena_0086.jpeg,/home/tempuser1/Desktop/AESTHETICS_RESEARCH/cultural-bias-data/mena/mena_0086.jpeg,0.20164349675178528
mena,mena_0087.jpg,/home/tempuser1/Desktop/AESTHETICS_RESEARCH/cultural-bias-data/mena/mena_0087.jpg,1.2440357208251953
mena,mena_0088.jpg,/home/tempuser1/Desktop/AESTHETICS_RESEARCH/cultural-bias-data/mena/mena_0088.jpg,0.06728743761777878
mena,mena_0089.jpg,/home/tempuser1/Desktop/AESTHETICS_RESEARCH/cultural-bias-data/mena/mena_0089.jpg,0.041546571999788284
mena,mena_0090.jpg,/home/tempuser1/Desktop/AESTHETICS_RESEARCH/cultural-bias-data/mena/mena_0090.jpg,0.19346804916858673
mena,mena_0094.jpg,/home/tempuser1/Desktop/AESTHETICS_RESEARCH/cultural-bias-data/mena/mena_0094.jpg,0.8682478070259094
mena,mena_0095.jpg,/home/tempuser1/Desktop/AESTHETICS_RESEARCH/cultural-bias-data/mena/mena_0095.jpg,0.0423315204679966
mena,mena_0104.jpg,/home/tempuser1/Desktop/AESTHETICS_RESEARCH/cultural-bias-data/mena/mena_0104.jpg,0.3910965025424957
mena,mena_0108.jpg,/home/tempuser1/Desktop/AESTHETICS_RESEARCH/cultural-bias-data/mena/mena_0108.jpg,0.6155918836593628
mena,mena_0120.jpg,/home/tempuser1/Desktop/AESTHETICS_RESEARCH/cultural-bias-data/mena/mena_0120.jpg,0.0612480528652668
mena,mena_0121.jpg,/home/tempuser1/Desktop/AESTHETICS_RESEARCH/cultural-bias-data/mena/mena_0121.jpg,0.3127760887145996
mena,mena_0125.jpg,/home/tempuser1/Desktop/AESTHETICS_RESEARCH/cultural-bias-data/mena/mena_0125.jpg,0.2580113410949707
mena,mena_0128.jpg,/home/tempuser1/Desktop/AESTHETICS_RESEARCH/cultural-bias-data/mena/mena_0128.jpg,1.140486240386963
mena,mena_0132.jpg,/home/tempuser1/Desktop/AESTHETICS_RESEARCH/cultural-bias-data/mena/mena_0132.jpg,0.0
mena,mena_0136.jpg,/home/tempuser1/Desktop/AESTHETICS_RESEARCH/cultural-bias-data/mena/mena_0136.jpg,0.13072127103805542
mena,mena_0137.jpg,/home/tempuser1/Desktop/AESTHETICS_RESEARCH/cultural-bias-data/mena/mena_0137.jpg,0.7393698692321777
mena,mena_0138.jpg,/home/tempuser1/Desktop/AESTHETICS_RESEARCH/cultural-bias-data/mena/mena_0138.jpg,0.2984153628349304
mena,mena_0140.jpg,/home/tempuser1/Desktop/AESTHETICS_RESEARCH/cultural-bias-data/mena/mena_0140.jpg,0.07212512940168381
mena,mena_0141.jpg,/home/tempuser1/Desktop/AESTHETICS_RESEARCH/cultural-bias-data/mena/mena_0141.jpg,0.3422493040561676
mena,mena_0142.jpg,/home/tempuser1/Desktop/AESTHETICS_RESEARCH/cultural-bias-data/mena/mena_0142.jpg,0.22838474810123444
mena,mena_0143.jpg,/home/tempuser1/Desktop/AESTHETICS_RESEARCH/cultural-bias-data/mena/mena_0143.jpg,0.44742724299430847
mena,mena_0144.jpg,/home/tempuser1/Desktop/AESTHETICS_RESEARCH/cultural-bias-data/mena/mena_0144.jpg,0.23313789069652557
mena,mena_0145.jpg,/home/tempuser1/Desktop/AESTHETICS_RESEARCH/cultural-bias-data/mena/mena_0145.jpg,0.448237806558609
mena,mena_0146.jpg,/home/tempuser1/Desktop/AESTHETICS_RESEARCH/cultural-bias-data/mena/mena_0146.jpg,0.2521575391292572
mena,mena_0149.jpg,/home/tempuser1/Desktop/AESTHETICS_RESEARCH/cultural-bias-data/mena/mena_0149.jpg,0.3326680660247803
mena,mena_0151.jpg,/home/tempuser1/Desktop/AESTHETICS_RESEARCH/cultural-bias-data/mena/mena_0151.jpg,0.1253090500831604
mena,mena_0152.jpg,/home/tempuser1/Desktop/AESTHETICS_RESEARCH/cultural-bias-data/mena/mena_0152.jpg,0.37585151195526123
mena,mena_0153.jpg,/home/tempuser1/Desktop/AESTHETICS_RESEARCH/cultural-bias-data/mena/mena_0153.jpg,0.34707847237586975
mena,mena_0154.jpg,/home/tempuser1/Desktop/AESTHETICS_RESEARCH/cultural-bias-data/mena/mena_0154.jpg,0.4741041660308838
mena,mena_0155.jpg,/home/tempuser1/Desktop/AESTHETICS_RESEARCH/cultural-bias-data/mena/mena_0155.jpg,0.3416234254837036
mena,mena_0156.jpg,/home/tempuser1/Desktop/AESTHETICS_RESEARCH/cultural-bias-data/mena/mena_0156.jpg,0.25991469621658325
mena,mena_0158.jpg,/home/tempuser1/Desktop/AESTHETICS_RESEARCH/cultural-bias-data/mena/mena_0158.jpg,0.018501246348023415
mena,mena_0159.jpg,/home/tempuser1/Desktop/AESTHETICS_RESEARCH/cultural-bias-data/mena/mena_0159.jpg,0.11290790140628815
mena,mena_0161.jpg,/home/tempuser1/Desktop/AESTHETICS_RESEARCH/cultural-bias-data/mena/mena_0161.jpg,0.33825036883354187
mena,mena_0165.jpg,/home/tempuser1/Desktop/AESTHETICS_RESEARCH/cultural-bias-data/mena/mena_0165.jpg,0.6280219554901123
mena,mena_0167.jpg,/home/tempuser1/Desktop/AESTHETICS_RESEARCH/cultural-bias-data/mena/mena_0167.jpg,0.23980510234832764
mena,mena_0170.jpg,/home/tempuser1/Desktop/AESTHETICS_RESEARCH/cultural-bias-data/mena/mena_0170.jpg,0.2883743643760681
mena,mena_0171.jpg,/home/tempuser1/Desktop/AESTHETICS_RESEARCH/cultural-bias-data/mena/mena_0171.jpg,0.3512798547744751
mena,mena_0173.jpg,/home/tempuser1/Desktop/AESTHETICS_RESEARCH/cultural-bias-data/mena/mena_0173.jpg,0.298468679189682
mena,mena_0179.jpg,/home/tempuser1/Desktop/AESTHETICS_RESEARCH/cultural-bias-data/mena/mena_0179.jpg,0.27764132618904114
mena,mena_0183.jpg,/home/tempuser1/Desktop/AESTHETICS_RESEARCH/cultural-bias-data/mena/mena_0183.jpg,0.8368019461631775
mena,mena_0184.jpg,/home/tempuser1/Desktop/AESTHETICS_RESEARCH/cultural-bias-data/mena/mena_0184.jpg,1.1992546319961548
mena,mena_0187.jpg,/home/tempuser1/Desktop/AESTHETICS_RESEARCH/cultural-bias-data/mena/mena_0187.jpg,0.3952673673629761
mena,mena_0195.jpg,/home/tempuser1/Desktop/AESTHETICS_RESEARCH/cultural-bias-data/mena/mena_0195.jpg,0.0631769448518753
mena,mena_0196.jpg,/home/tempuser1/Desktop/AESTHETICS_RESEARCH/cultural-bias-data/mena/mena_0196.jpg,0.11108019202947617
mena,mena_0197.jpg,/home/tempuser1/Desktop/AESTHETICS_RESEARCH/cultural-bias-data/mena/mena_0197.jpg,0.6139575839042664
mena,mena_0198.jpg,/home/tempuser1/Desktop/AESTHETICS_RESEARCH/cultural-bias-data/mena/mena_0198.jpg,0.36817488074302673
mena,mena_0199.jpg,/home/tempuser1/Desktop/AESTHETICS_RESEARCH/cultural-bias-data/mena/mena_0199.jpg,0.4690347909927368
mena,mena_0205.jpg,/home/tempuser1/Desktop/AESTHETICS_RESEARCH/cultural-bias-data/mena/mena_0205.jpg,0.6345899701118469
mena,mena_0207.jpg,/home/tempuser1/Desktop/AESTHETICS_RESEARCH/cultural-bias-data/mena/mena_0207.jpg,0.10197725147008896
mena,mena_0208.jpg,/home/tempuser1/Desktop/AESTHETICS_RESEARCH/cultural-bias-data/mena/mena_0208.jpg,0.22270841896533966
mena,mena_0209.jpg,/home/tempuser1/Desktop/AESTHETICS_RESEARCH/cultural-bias-data/mena/mena_0209.jpg,0.7068364024162292
mena,mena_0210.jpg,/home/tempuser1/Desktop/AESTHETICS_RESEARCH/cultural-bias-data/mena/mena_0210.jpg,0.3207240402698517
mena,mena_0211.jpg,/home/tempuser1/Desktop/AESTHETICS_RESEARCH/cultural-bias-data/mena/mena_0211.jpg,0.0869157686829567
mena,mena_0212.jpg,/home/tempuser1/Desktop/AESTHETICS_RESEARCH/cultural-bias-data/mena/mena_0212.jpg,0.3437967896461487
mena,mena_0213.jpg,/home/tempuser1/Desktop/AESTHETICS_RESEARCH/cultural-bias-data/mena/mena_0213.jpg,0.02661394327878952
mena,mena_0214.jpg,/home/tempuser1/Desktop/AESTHETICS_RESEARCH/cultural-bias-data/mena/mena_0214.jpg,0.24783708155155182
mena,mena_0216.jpg,/home/tempuser1/Desktop/AESTHETICS_RESEARCH/cultural-bias-data/mena/mena_0216.jpg,0.44612443447113037
mena,mena_0217.jpg,/home/tempuser1/Desktop/AESTHETICS_RESEARCH/cultural-bias-data/mena/mena_0217.jpg,0.5305336117744446
mena,mena_0218.jpg,/home/tempuser1/Desktop/AESTHETICS_RESEARCH/cultural-bias-data/mena/mena_0218.jpg,0.007812052965164185
mena,mena_0219.jpg,/home/tempuser1/Desktop/AESTHETICS_RESEARCH/cultural-bias-data/mena/mena_0219.jpg,0.2764875590801239
mena,mena_0220.jpg,/home/tempuser1/Desktop/AESTHETICS_RESEARCH/cultural-bias-data/mena/mena_0220.jpg,0.14591814577579498
mena,mena_0224.jpg,/home/tempuser1/Desktop/AESTHETICS_RESEARCH/cultural-bias-data/mena/mena_0224.jpg,0.11519186198711395
mena,mena_0225.jpg,/home/tempuser1/Desktop/AESTHETICS_RESEARCH/cultural-bias-data/mena/mena_0225.jpg,0.39344656467437744
mena,mena_0227.jpg,/home/tempuser1/Desktop/AESTHETICS_RESEARCH/cultural-bias-data/mena/mena_0227.jpg,0.481536865234375
mena,mena_0229.jpg,/home/tempuser1/Desktop/AESTHETICS_RESEARCH/cultural-bias-data/mena/mena_0229.jpg,0.14230215549468994
mena,mena_0230.jpg,/home/tempuser1/Desktop/AESTHETICS_RESEARCH/cultural-bias-data/mena/mena_0230.jpg,0.33485761284828186
mena,mena_0233.jpg,/home/tempuser1/Desktop/AESTHETICS_RESEARCH/cultural-bias-data/mena/mena_0233.jpg,0.06737121194601059
mena,mena_0234.jpg,/home/tempuser1/Desktop/AESTHETICS_RESEARCH/cultural-bias-data/mena/mena_0234.jpg,0.11539322882890701
mena,mena_0237.jpg,/home/tempuser1/Desktop/AESTHETICS_RESEARCH/cultural-bias-data/mena/mena_0237.jpg,0.31131985783576965
mena,mena_0241.jpg,/home/tempuser1/Desktop/AESTHETICS_RESEARCH/cultural-bias-data/mena/mena_0241.jpg,0.6648054122924805
mena,mena_0243.jpg,/home/tempuser1/Desktop/AESTHETICS_RESEARCH/cultural-bias-data/mena/mena_0243.jpg,0.18026988208293915
mena,mena_0246.jpg,/home/tempuser1/Desktop/AESTHETICS_RESEARCH/cultural-bias-data/mena/mena_0246.jpg,0.5103771686553955
mena,mena_0247.jpg,/home/tempuser1/Desktop/AESTHETICS_RESEARCH/cultural-bias-data/mena/mena_0247.jpg,0.6371246576309204
mena,mena_0250.jpg,/home/tempuser1/Desktop/AESTHETICS_RESEARCH/cultural-bias-data/mena/mena_0250.jpg,0.7407609820365906
mena,mena_0252.jpg,/home/tempuser1/Desktop/AESTHETICS_RESEARCH/cultural-bias-data/mena/mena_0252.jpg,0.45419517159461975
mena,mena_0253.jpg,/home/tempuser1/Desktop/AESTHETICS_RESEARCH/cultural-bias-data/mena/mena_0253.jpg,0.07970383018255234
mena,mena_0257.jpg,/home/tempuser1/Desktop/AESTHETICS_RESEARCH/cultural-bias-data/mena/mena_0257.jpg,0.03316948190331459
mena,mena_0258.jpg,/home/tempuser1/Desktop/AESTHETICS_RESEARCH/cultural-bias-data/mena/mena_0258.jpg,0.6734657287597656
mena,mena_0265.jpg,/home/tempuser1/Desktop/AESTHETICS_RESEARCH/cultural-bias-data/mena/mena_0265.jpg,0.2802923023700714
mena,mena_0267.jpg,/home/tempuser1/Desktop/AESTHETICS_RESEARCH/cultural-bias-data/mena/mena_0267.jpg,0.5138435363769531
mena,mena_0268.jpg,/home/tempuser1/Desktop/AESTHETICS_RESEARCH/cultural-bias-data/mena/mena_0268.jpg,0.07832810282707214
mena,mena_0276.jpg,/home/tempuser1/Desktop/AESTHETICS_RESEARCH/cultural-bias-data/mena/mena_0276.jpg,0.37359631061553955
mena,mena_0277.jpg,/home/tempuser1/Desktop/AESTHETICS_RESEARCH/cultural-bias-data/mena/mena_0277.jpg,0.21615159511566162
mena,mena_0278.jpg,/home/tempuser1/Desktop/AESTHETICS_RESEARCH/cultural-bias-data/mena/mena_0278.jpg,0.36911141872406006
mena,mena_0280.jpg,/home/tempuser1/Desktop/AESTHETICS_RESEARCH/cultural-bias-data/mena/mena_0280.jpg,0.5642183423042297
mena,mena_0281.jpg,/home/tempuser1/Desktop/AESTHETICS_RESEARCH/cultural-bias-data/mena/mena_0281.jpg,0.7811896800994873
mena,mena_0283.jpg,/home/tempuser1/Desktop/AESTHETICS_RESEARCH/cultural-bias-data/mena/mena_0283.jpg,0.28624042868614197
mena,mena_0284.jpg,/home/tempuser1/Desktop/AESTHETICS_RESEARCH/cultural-bias-data/mena/mena_0284.jpg,0.9323168396949768
mena,mena_0286.jpg,/home/tempuser1/Desktop/AESTHETICS_RESEARCH/cultural-bias-data/mena/mena_0286.jpg,0.3919427990913391
mena,mena_0287.jpg,/home/tempuser1/Desktop/AESTHETICS_RESEARCH/cultural-bias-data/mena/mena_0287.jpg,0.3114880919456482
mena,mena_0288.jpg,/home/tempuser1/Desktop/AESTHETICS_RESEARCH/cultural-bias-data/mena/mena_0288.jpg,0.4319611191749573
mena,mena_0293.jpg,/home/tempuser1/Desktop/AESTHETICS_RESEARCH/cultural-bias-data/mena/mena_0293.jpg,0.0833873599767685
mena,mena_0295.jpg,/home/tempuser1/Desktop/AESTHETICS_RESEARCH/cultural-bias-data/mena/mena_0295.jpg,0.999180018901825
mena,mena_0297.jpg,/home/tempuser1/Desktop/AESTHETICS_RESEARCH/cultural-bias-data/mena/mena_0297.jpg,0.3599780797958374
mena,mena_0299.jpg,/home/tempuser1/Desktop/AESTHETICS_RESEARCH/cultural-bias-data/mena/mena_0299.jpg,0.3017743229866028
mena,mena_0300.jpg,/home/tempuser1/Desktop/AESTHETICS_RESEARCH/cultural-bias-data/mena/mena_0300.jpg,1.0081802606582642
mena,mena_0304.jpg,/home/tempuser1/Desktop/AESTHETICS_RESEARCH/cultural-bias-data/mena/mena_0304.jpg,0.6488268971443176
mena,mena_0305.jpg,/home/tempuser1/Desktop/AESTHETICS_RESEARCH/cultural-bias-data/mena/mena_0305.jpg,0.25027763843536377
mena,mena_0311.jpg,/home/tempuser1/Desktop/AESTHETICS_RESEARCH/cultural-bias-data/mena/mena_0311.jpg,0.8266100287437439
mena,mena_0313.jpg,/home/tempuser1/Desktop/AESTHETICS_RESEARCH/cultural-bias-data/mena/mena_0313.jpg,0.08054015040397644
mena,mena_0317.jpg,/home/tempuser1/Desktop/AESTHETICS_RESEARCH/cultural-bias-data/mena/mena_0317.jpg,0.2926514148712158
mena,mena_0318.jpg,/home/tempuser1/Desktop/AESTHETICS_RESEARCH/cultural-bias-data/mena/mena_0318.jpg,0.1710832417011261
mena,mena_0320.jpg,/home/tempuser1/Desktop/AESTHETICS_RESEARCH/cultural-bias-data/mena/mena_0320.jpg,0.4263031482696533
mena,mena_0321.jpg,/home/tempuser1/Desktop/AESTHETICS_RESEARCH/cultural-bias-data/mena/mena_0321.jpg,0.31097009778022766
mena,mena_0325.jpg,/home/tempuser1/Desktop/AESTHETICS_RESEARCH/cultural-bias-data/mena/mena_0325.jpg,0.05393397808074951
mena,mena_0328.jpg,/home/tempuser1/Desktop/AESTHETICS_RESEARCH/cultural-bias-data/mena/mena_0328.jpg,1.0464891195297241
mena,mena_0332.jpg,/home/tempuser1/Desktop/AESTHETICS_RESEARCH/cultural-bias-data/mena/mena_0332.jpg,0.4354017376899719
mena,mena_0333.jpg,/home/tempuser1/Desktop/AESTHETICS_RESEARCH/cultural-bias-data/mena/mena_0333.jpg,1.0759621858596802
mena,mena_0334.jpg,/home/tempuser1/Desktop/AESTHETICS_RESEARCH/cultural-bias-data/mena/mena_0334.jpg,0.2741163969039917
mena,mena_0337.jpg,/home/tempuser1/Desktop/AESTHETICS_RESEARCH/cultural-bias-data/mena/mena_0337.jpg,0.3653612434864044
mena,mena_0343.jpg,/home/tempuser1/Desktop/AESTHETICS_RESEARCH/cultural-bias-data/mena/mena_0343.jpg,0.48058149218559265
mena,mena_0347.jpg,/home/tempuser1/Desktop/AESTHETICS_RESEARCH/cultural-bias-data/mena/mena_0347.jpg,0.5229366421699524
mena,mena_0348.jpg,/home/tempuser1/Desktop/AESTHETICS_RESEARCH/cultural-bias-data/mena/mena_0348.jpg,0.4594273865222931
mena,mena_0352.jpg,/home/tempuser1/Desktop/AESTHETICS_RESEARCH/cultural-bias-data/mena/mena_0352.jpg,0.4615294635295868
mena,mena_0353.jpg,/home/tempuser1/Desktop/AESTHETICS_RESEARCH/cultural-bias-data/mena/mena_0353.jpg,0.39534321427345276
mena,mena_0354.jpg,/home/tempuser1/Desktop/AESTHETICS_RESEARCH/cultural-bias-data/mena/mena_0354.jpg,0.5629894733428955
mena,mena_0355.jpg,/home/tempuser1/Desktop/AESTHETICS_RESEARCH/cultural-bias-data/mena/mena_0355.jpg,0.8674602508544922
mena,mena_0356.jpg,/home/tempuser1/Desktop/AESTHETICS_RESEARCH/cultural-bias-data/mena/mena_0356.jpg,0.5670796036720276
mena,mena_0357.jpg,/home/tempuser1/Desktop/AESTHETICS_RESEARCH/cultural-bias-data/mena/mena_0357.jpg,1.2147578001022339
mena,mena_0359.jpg,/home/tempuser1/Desktop/AESTHETICS_RESEARCH/cultural-bias-data/mena/mena_0359.jpg,0.5502639412879944
mena,mena_0360.jpg,/home/tempuser1/Desktop/AESTHETICS_RESEARCH/cultural-bias-data/mena/mena_0360.jpg,0.5651649236679077
mena,mena_0361.jpg,/home/tempuser1/Desktop/AESTHETICS_RESEARCH/cultural-bias-data/mena/mena_0361.jpg,0.07138584554195404
mena,mena_0362.jpg,/home/tempuser1/Desktop/AESTHETICS_RESEARCH/cultural-bias-data/mena/mena_0362.jpg,0.18407398462295532
mena,mena_0366.jpg,/home/tempuser1/Desktop/AESTHETICS_RESEARCH/cultural-bias-data/mena/mena_0366.jpg,0.8505440354347229
mena,mena_0377.jpg,/home/tempuser1/Desktop/AESTHETICS_RESEARCH/cultural-bias-data/mena/mena_0377.jpg,0.22349315881729126
mena,mena_0380.jpg,/home/tempuser1/Desktop/AESTHETICS_RESEARCH/cultural-bias-data/mena/mena_0380.jpg,0.154632106423378
mena,mena_0382.jpg,/home/tempuser1/Desktop/AESTHETICS_RESEARCH/cultural-bias-data/mena/mena_0382.jpg,0.1371714025735855
mena,mena_0384.jpg,/home/tempuser1/Desktop/AESTHETICS_RESEARCH/cultural-bias-data/mena/mena_0384.jpg,0.09186651557683945
mena,mena_0385.jpg,/home/tempuser1/Desktop/AESTHETICS_RESEARCH/cultural-bias-data/mena/mena_0385.jpg,0.08800975233316422
mena,mena_0386.jpg,/home/tempuser1/Desktop/AESTHETICS_RESEARCH/cultural-bias-data/mena/mena_0386.jpg,1.401208519935608
mena,mena_0387.jpg,/home/tempuser1/Desktop/AESTHETICS_RESEARCH/cultural-bias-data/mena/mena_0387.jpg,0.05020029470324516
mena,mena_0388.jpg,/home/tempuser1/Desktop/AESTHETICS_RESEARCH/cultural-bias-data/mena/mena_0388.jpg,0.3438062369823456
mena,mena_0393.jpg,/home/tempuser1/Desktop/AESTHETICS_RESEARCH/cultural-bias-data/mena/mena_0393.jpg,0.969448983669281
mena,mena_0394.jpg,/home/tempuser1/Desktop/AESTHETICS_RESEARCH/cultural-bias-data/mena/mena_0394.jpg,0.3116665482521057
mena,mena_0396.jpg,/home/tempuser1/Desktop/AESTHETICS_RESEARCH/cultural-bias-data/mena/mena_0396.jpg,0.12771075963974
mena,mena_0399.jpg,/home/tempuser1/Desktop/AESTHETICS_RESEARCH/cultural-bias-data/mena/mena_0399.jpg,0.48625126481056213
mena,mena_0401.jpg,/home/tempuser1/Desktop/AESTHETICS_RESEARCH/cultural-bias-data/mena/mena_0401.jpg,0.2544812262058258
mena,mena_0402.jpg,/home/tempuser1/Desktop/AESTHETICS_RESEARCH/cultural-bias-data/mena/mena_0402.jpg,0.04486774653196335
mena,mena_0405.jpg,/home/tempuser1/Desktop/AESTHETICS_RESEARCH/cultural-bias-data/mena/mena_0405.jpg,0.7221807241439819
mena,mena_0408.jpg,/home/tempuser1/Desktop/AESTHETICS_RESEARCH/cultural-bias-data/mena/mena_0408.jpg,0.06309927254915237
mena,mena_0412.jpg,/home/tempuser1/Desktop/AESTHETICS_RESEARCH/cultural-bias-data/mena/mena_0412.jpg,0.07739992439746857
mena,mena_0413.jpg,/home/tempuser1/Desktop/AESTHETICS_RESEARCH/cultural-bias-data/mena/mena_0413.jpg,0.6425960659980774
mena,mena_0421.jpg,/home/tempuser1/Desktop/AESTHETICS_RESEARCH/cultural-bias-data/mena/mena_0421.jpg,0.1143798679113388
mena,mena_0422.jpg,/home/tempuser1/Desktop/AESTHETICS_RESEARCH/cultural-bias-data/mena/mena_0422.jpg,0.6833338141441345
mena,mena_0423.jpg,/home/tempuser1/Desktop/AESTHETICS_RESEARCH/cultural-bias-data/mena/mena_0423.jpg,1.0052791833877563
mena,mena_0424.jpg,/home/tempuser1/Desktop/AESTHETICS_RESEARCH/cultural-bias-data/mena/mena_0424.jpg,0.9849640130996704
mena,mena_0427.jpg,/home/tempuser1/Desktop/AESTHETICS_RESEARCH/cultural-bias-data/mena/mena_0427.jpg,0.09862904995679855
mena,mena_0435.jpg,/home/tempuser1/Desktop/AESTHETICS_RESEARCH/cultural-bias-data/mena/mena_0435.jpg,0.6857641935348511
mena,mena_0436.jpg,/home/tempuser1/Desktop/AESTHETICS_RESEARCH/cultural-bias-data/mena/mena_0436.jpg,0.19697842001914978
mena,mena_0440.jpg,/home/tempuser1/Desktop/AESTHETICS_RESEARCH/cultural-bias-data/mena/mena_0440.jpg,0.07023388147354126
mena,mena_0444.jpg,/home/tempuser1/Desktop/AESTHETICS_RESEARCH/cultural-bias-data/mena/mena_0444.jpg,0.11641525477170944
mena,mena_0446.jpg,/home/tempuser1/Desktop/AESTHETICS_RESEARCH/cultural-bias-data/mena/mena_0446.jpg,0.6843817830085754
mena,mena_0449.jpg,/home/tempuser1/Desktop/AESTHETICS_RESEARCH/cultural-bias-data/mena/mena_0449.jpg,0.7376998662948608
mena,mena_0450.jpg,/home/tempuser1/Desktop/AESTHETICS_RESEARCH/cultural-bias-data/mena/mena_0450.jpg,0.22404615581035614
mena,mena_0451.jpg,/home/tempuser1/Desktop/AESTHETICS_RESEARCH/cultural-bias-data/mena/mena_0451.jpg,0.24350446462631226
mena,mena_0456.jpg,/home/tempuser1/Desktop/AESTHETICS_RESEARCH/cultural-bias-data/mena/mena_0456.jpg,0.04041755199432373
mena,mena_0457.jpg,/home/tempuser1/Desktop/AESTHETICS_RESEARCH/cultural-bias-data/mena/mena_0457.jpg,0.26587775349617004
mena,mena_0458.jpg,/home/tempuser1/Desktop/AESTHETICS_RESEARCH/cultural-bias-data/mena/mena_0458.jpg,0.048286765813827515
mena,mena_0459.jpg,/home/tempuser1/Desktop/AESTHETICS_RESEARCH/cultural-bias-data/mena/mena_0459.jpg,0.1253236085176468
mena,mena_0460.jpg,/home/tempuser1/Desktop/AESTHETICS_RESEARCH/cultural-bias-data/mena/mena_0460.jpg,0.7471132278442383
mena,mena_0462.jpg,/home/tempuser1/Desktop/AESTHETICS_RESEARCH/cultural-bias-data/mena/mena_0462.jpg,0.16969364881515503
mena,mena_0463.jpg,/home/tempuser1/Desktop/AESTHETICS_RESEARCH/cultural-bias-data/mena/mena_0463.jpg,0.7533450722694397
mena,mena_0464.jpg,/home/tempuser1/Desktop/AESTHETICS_RESEARCH/cultural-bias-data/mena/mena_0464.jpg,1.3547565937042236
mena,mena_0465.jpg,/home/tempuser1/Desktop/AESTHETICS_RESEARCH/cultural-bias-data/mena/mena_0465.jpg,0.1528521329164505
mena,mena_0467.jpg,/home/tempuser1/Desktop/AESTHETICS_RESEARCH/cultural-bias-data/mena/mena_0467.jpg,0.2173534482717514
mena,mena_0468.jpg,/home/tempuser1/Desktop/AESTHETICS_RESEARCH/cultural-bias-data/mena/mena_0468.jpg,0.38004758954048157
mena,mena_0469.jpg,/home/tempuser1/Desktop/AESTHETICS_RESEARCH/cultural-bias-data/mena/mena_0469.jpg,0.274882435798645
mena,mena_0470.jpg,/home/tempuser1/Desktop/AESTHETICS_RESEARCH/cultural-bias-data/mena/mena_0470.jpg,0.870598554611206
mena,mena_0471.jpg,/home/tempuser1/Desktop/AESTHETICS_RESEARCH/cultural-bias-data/mena/mena_0471.jpg,0.5905808806419373
mena,mena_0472.jpg,/home/tempuser1/Desktop/AESTHETICS_RESEARCH/cultural-bias-data/mena/mena_0472.jpg,0.3231326639652252
mena,mena_0475.jpg,/home/tempuser1/Desktop/AESTHETICS_RESEARCH/cultural-bias-data/mena/mena_0475.jpg,0.37520721554756165
mena,mena_0476.jpg,/home/tempuser1/Desktop/AESTHETICS_RESEARCH/cultural-bias-data/mena/mena_0476.jpg,0.10867957025766373
mena,mena_0477.jpg,/home/tempuser1/Desktop/AESTHETICS_RESEARCH/cultural-bias-data/mena/mena_0477.jpg,0.839814305305481
mena,mena_0478.jpg,/home/tempuser1/Desktop/AESTHETICS_RESEARCH/cultural-bias-data/mena/mena_0478.jpg,0.18368041515350342
mena,mena_0479.jpg,/home/tempuser1/Desktop/AESTHETICS_RESEARCH/cultural-bias-data/mena/mena_0479.jpg,0.09190282225608826
mena,mena_0480.jpg,/home/tempuser1/Desktop/AESTHETICS_RESEARCH/cultural-bias-data/mena/mena_0480.jpg,0.49645063281059265
mena,mena_0481.jpg,/home/tempuser1/Desktop/AESTHETICS_RESEARCH/cultural-bias-data/mena/mena_0481.jpg,0.3391108810901642
mena,mena_0482.jpg,/home/tempuser1/Desktop/AESTHETICS_RESEARCH/cultural-bias-data/mena/mena_0482.jpg,0.21295396983623505
mena,mena_0483.jpg,/home/tempuser1/Desktop/AESTHETICS_RESEARCH/cultural-bias-data/mena/mena_0483.jpg,0.7778199315071106
mena,mena_0484.jpg,/home/tempuser1/Desktop/AESTHETICS_RESEARCH/cultural-bias-data/mena/mena_0484.jpg,0.04407815635204315
mena,mena_0487.jpg,/home/tempuser1/Desktop/AESTHETICS_RESEARCH/cultural-bias-data/mena/mena_0487.jpg,0.2579886019229889
mena,mena_0489.jpg,/home/tempuser1/Desktop/AESTHETICS_RESEARCH/cultural-bias-data/mena/mena_0489.jpg,0.8181536793708801
mena,mena_0490.jpg,/home/tempuser1/Desktop/AESTHETICS_RESEARCH/cultural-bias-data/mena/mena_0490.jpg,0.04243448004126549
mena,mena_0492.jpg,/home/tempuser1/Desktop/AESTHETICS_RESEARCH/cultural-bias-data/mena/mena_0492.jpg,0.2488701343536377
mena,mena_0495.jpg,/home/tempuser1/Desktop/AESTHETICS_RESEARCH/cultural-bias-data/mena/mena_0495.jpg,0.14788198471069336
mena,mena_0496.jpeg,/home/tempuser1/Desktop/AESTHETICS_RESEARCH/cultural-bias-data/mena/mena_0496.jpeg,0.2632223069667816
mena,mena_0499.jpg,/home/tempuser1/Desktop/AESTHETICS_RESEARCH/cultural-bias-data/mena/mena_0499.jpg,0.594924807548523
mena,mena_0500.jpg,/home/tempuser1/Desktop/AESTHETICS_RESEARCH/cultural-bias-data/mena/mena_0500.jpg,0.027625493705272675
