group,identifier,border_centre_ratio,attention_entropy
ava_test,324403,0.6250711679458618,0.9001077420972624
ava_test,408345,1.3274056911468506,0.8741102019452481
ava_test,355896,0.4976050555706024,0.9168285069136695
ava_test,457893,0.1461399346590042,0.8986016772140726
ava_test,82184,0.6556920409202576,0.9122334334917277
ava_test,676339,0.4721878468990326,0.9009880578342013
ava_test,669526,0.3351483643054962,0.9175909615305229
ava_test,322489,1.299053430557251,0.8666559564956463
ava_test,367789,2.760810613632202,0.8439492435161364
ava_test,517765,0.483175665140152,0.9199864288174613
ava_test,530818,0.0979517474770546,0.8917967344194598
ava_test,9363,0.23350466787815094,0.8853099455805978
ava_test,39160,0.2159423679113388,0.8994396472129248
ava_test,624875,0.2612217962741852,0.9375181786096426
ava_test,581707,0.3653091788291931,0.9074419085876025
ava_test,150363,0.058389998972415924,0.9184762767238223
ava_test,696959,0.19728893041610718,0.9244550718000714
ava_test,427599,0.1826980859041214,0.9219663515164944
ava_test,349239,0.3223494589328766,0.8900892038510784
ava_test,362367,0.511448323726654,0.9085414428582591
ava_test,121289,0.571483850479126,0.9215715155994424
ava_test,387944,1.9484342336654663,0.839980169008659
ava_test,619791,0.6944165229797363,0.8918118539430161
ava_test,840304,0.16278593242168427,0.9380042000023515
ava_test,228196,0.7663756608963013,0.8785133419589687
ava_test,422979,0.33385202288627625,0.929308228834064
ava_test,298732,0.7400228381156921,0.8978079011131247
ava_test,391166,0.3035992681980133,0.9062392342388597
ava_test,624747,0.35313624143600464,0.9226453169352387
ava_test,399886,0.0,0.0
ava_test,289210,0.4284934401512146,0.9312049117920319
ava_test,192868,0.2057158499956131,0.9067377111454511
ava_test,437879,0.5198572278022766,0.9035285475905941
ava_test,146425,0.18204447627067566,0.8866408925544147
ava_test,449667,0.1923474669456482,0.9265108197715622
ava_test,880260,0.19923017919063568,0.9204173052170913
ava_test,8886,0.6180697679519653,0.8798076327719535
ava_test,456019,0.203370600938797,0.924282215008006
ava_test,537827,0.34118568897247314,0.8917159949872604
ava_test,436012,0.29914048314094543,0.9238676181629567
ava_test,38754,1.0550166368484497,0.8656648678811026
ava_test,678474,0.5318077206611633,0.9267863353818644
ava_test,52839,0.39813029766082764,0.9221682663211744
ava_test,452474,0.6237462759017944,0.9122579029867625
ava_test,725291,0.33182504773139954,0.914703514828519
ava_test,795084,0.1658581644296646,0.9211365643156355
ava_test,642634,0.15054874122142792,0.91752435975915
ava_test,172880,0.0838949903845787,0.9199193356242855
ava_test,538709,0.5525184869766235,0.8918228964538178
ava_test,720200,0.133221834897995,0.9261263192301783
ava_test,824540,0.30409568548202515,0.9179975566273428
ava_test,283301,0.09767831116914749,0.9172952814629441
ava_test,558903,0.3845331370830536,0.9204623634551182
ava_test,86561,0.528941810131073,0.93116746734332
ava_test,857060,1.1031854152679443,0.9067399581172443
ava_test,933736,0.867656409740448,0.9072030386854033
ava_test,254027,0.2733829617500305,0.913553716689032
ava_test,864780,0.3656810522079468,0.905962351662078
ava_test,496980,0.38933390378952026,0.892286710674227
ava_test,13482,0.05301641300320625,0.9030790602993918
ava_test,228683,1.112673282623291,0.8757658983312748
ava_test,489538,0.06434126943349838,0.9000586390412918
ava_test,490550,0.35308411717414856,0.9188911177870238
ava_test,11211,0.5128305554389954,0.9170977618162519
ava_test,616901,1.3609187602996826,0.8522292710280389
ava_test,248309,1.3438968658447266,0.8421915123396357
ava_test,19943,1.2608760595321655,0.8864077946247628
ava_test,488100,0.5443203449249268,0.9048437902204691
ava_test,506185,0.19338887929916382,0.908010578719398
ava_test,116004,0.3062322735786438,0.886171066939211
ava_test,742085,0.4340830147266388,0.9149757831988491
ava_test,449761,0.09135191887617111,0.8984163829176613
ava_test,151370,0.23210358619689941,0.9152834522892216
ava_test,67154,0.05394728109240532,0.8981627275233677
ava_test,221430,0.7390572428703308,0.8670542241483733
ava_test,146420,0.3021836578845978,0.9089029532818158
ava_test,566885,0.72768235206604,0.8952050391859869
ava_test,596901,0.15318870544433594,0.9349968147511027
ava_test,131285,0.2015100121498108,0.9257518641850098
ava_test,297355,0.1012829914689064,0.9168905465128026
ava_test,171809,0.37727853655815125,0.8841390561446247
ava_test,606603,0.5576770901679993,0.9124673801688454
ava_test,953180,0.7777590751647949,0.9447777008701068
ava_test,74138,0.33897385001182556,0.923097199691842
ava_test,924452,0.7401732802391052,0.9074266495373885
ava_test,414177,1.536648154258728,0.834125159361497
ava_test,14905,0.8609644174575806,0.871141426815875
ava_test,276708,0.14999161660671234,0.9086105552560947
ava_test,524030,0.5729069113731384,0.9027237049490401
ava_test,84025,0.7941571474075317,0.9314518319873412
ava_test,456445,0.5982037782669067,0.9251764780887161
ava_test,209466,0.2819640636444092,0.912453848781435
ava_test,209052,0.38148921728134155,0.9122257972013551
ava_test,249676,0.21963222324848175,0.9271857073914433
ava_test,878470,0.6993495225906372,0.8893095664721007
ava_test,505953,0.7478223443031311,0.9026894664430113
ava_test,512353,0.10846732556819916,0.9115692255304794
ava_test,647992,0.8876490592956543,0.8843598626432949
ava_test,275752,0.9313086867332458,0.9152755389032954
ava_test,711881,0.3424437642097473,0.9088263054643125
ava_test,916246,0.33802667260169983,0.919646685123285
ava_test,874286,0.0,0.0
ava_test,150966,1.2448995113372803,0.9259885338444687
ava_test,95536,0.5107563734054565,0.9019480654314918
ava_test,268057,0.8616056442260742,0.8511784303107818
ava_test,500918,0.5698602199554443,0.903720333876082
ava_test,621731,0.3069268763065338,0.9118085883584247
ava_test,866449,0.5046392679214478,0.931002679132744
ava_test,84636,0.04882550612092018,0.8753349003691204
ava_test,795658,0.47106432914733887,0.9187801745741575
ava_test,661192,0.868918240070343,0.9211345637354547
ava_test,220298,0.1692534238100052,0.9184545973811028
ava_test,101289,0.6305417418479919,0.938888717809649
ava_test,463637,0.1836274266242981,0.8981326873434015
ava_test,717660,0.4441862106323242,0.8959883798392101
ava_test,739163,0.07208593934774399,0.918031941113441
ava_test,847914,0.1291848123073578,0.9044969130449959
ava_test,775255,0.1892865002155304,0.904889984057321
ava_test,910738,0.16507376730442047,0.9059206034477827
ava_test,495290,0.14807356894016266,0.9237323370555376
ava_test,7442,0.21587394177913666,0.902788447363059
ava_test,500840,0.41584286093711853,0.9097460960435857
ava_test,695242,0.0562267005443573,0.9040818267216943
ava_test,289672,0.36215004324913025,0.9079059482337898
ava_test,24639,0.4874075949192047,0.9210423467143405
ava_test,256613,0.4913243353366852,0.9124955289550353
ava_test,195116,0.101680226624012,0.9158916679602506
ava_test,801855,0.4455925524234772,0.898631421105484
ava_test,460796,0.08118053525686264,0.9152246445664176
ava_test,5942,0.0,0.0
ava_test,607063,0.1431119590997696,0.9162561775987456
ava_test,593657,0.37216511368751526,0.9123909010550092
ava_test,123063,0.3536785840988159,0.9075127780898065
ava_test,786285,0.04551755636930466,0.8841742996017083
ava_test,921524,0.6134402751922607,0.8039768427945991
ava_test,405516,0.4278809726238251,0.888004392236792
ava_test,144521,0.49076470732688904,0.9417949269347419
ava_test,624340,0.13850592076778412,0.9003754649400766
ava_test,21320,0.5366194248199463,0.8959104571287612
ava_test,739206,0.05871261656284332,0.8972465224192913
ava_test,125119,0.007573726586997509,0.8763455901371201
ava_test,763123,0.15779417753219604,0.9198650429677726
ava_test,277169,0.36756137013435364,0.913314711543586
ava_test,209205,0.25585514307022095,0.9437438284573493
ava_test,2526,0.5267543196678162,0.8879952010314485
ava_test,3343,0.023950926959514618,0.8866747263860963
ava_test,81902,0.41222313046455383,0.948030295465832
ava_test,910289,0.7618626952171326,0.8923417733250251
ava_test,607713,0.21498911082744598,0.9021148002614525
ava_test,272371,0.7845010757446289,0.9115892122995325
ava_test,296778,0.12679356336593628,0.9325301911242795
ava_test,581566,0.18393443524837494,0.9036238081334081
ava_test,380499,0.16109678149223328,0.9171823798634963
ava_test,502171,0.6310862898826599,0.9251859852759419
ava_test,592183,0.6888555884361267,0.8736341993367596
ava_test,566529,0.8233156800270081,0.8716510729637973
ava_test,230541,0.10465738922357559,0.9108512383244375
ava_test,803429,0.4702744483947754,0.9004733793097158
ava_test,549,0.07401251792907715,0.9081955719091246
ava_test,297283,0.7582511901855469,0.903661239414124
ava_test,275767,0.4857281446456909,0.9027448909372492
ava_test,957614,0.14957520365715027,0.9043787107867544
ava_test,426762,0.3325260281562805,0.9221481366598651
ava_test,299029,0.18398115038871765,0.905160375364878
ava_test,270332,0.04408040642738342,0.9152367461173824
ava_test,373531,0.8470252156257629,0.9162062938080827
ava_test,690518,0.5046833157539368,0.8899822364578587
ava_test,591736,0.29909762740135193,0.9252882313378545
ava_test,288475,3.9529120922088623,0.7720949261488632
ava_test,612416,1.2896976470947266,0.8673947347558488
ava_test,380556,0.6131249070167542,0.9132280671578654
ava_test,41958,0.16189084947109222,0.9087671041166714
ava_test,413092,0.5018333792686462,0.899969025650328
ava_test,906771,0.22714367508888245,0.9223740698252336
ava_test,14852,0.39894112944602966,0.9169567127152439
ava_test,41263,0.9351874589920044,0.9132478270867226
ava_test,248823,0.36204594373703003,0.9066867341997118
ava_test,458647,1.3025935888290405,0.8868934402096388
ava_test,624828,0.3944680094718933,0.9105629364461263
ava_test,497256,0.4972778260707855,0.9138546390429506
ava_test,65923,0.09592430293560028,0.9193375459493903
ava_test,824669,0.47245633602142334,0.881495608760113
ava_test,674176,0.4641852378845215,0.9021346452848492
ava_test,519727,0.21147000789642334,0.9066658702798353
ava_test,840531,0.8852012753486633,0.8849357527029964
ava_test,36202,0.3714753985404968,0.9341978453512337
ava_test,808949,0.6375939249992371,0.9141686132174799
ava_test,800995,0.1881449818611145,0.9042396013192837
ava_test,430337,0.2516035735607147,0.9054147524761538
ava_test,905273,0.37513479590415955,0.9302054452327916
ava_test,226777,1.16914701461792,0.9008683878511575
ava_test,18156,0.6132706999778748,0.8870913557352977
ava_test,398523,1.662737250328064,0.8860628426074076
ava_test,651711,0.7716854214668274,0.9268750867520257
ava_test,878313,0.8262888193130493,0.9106824695893125
ava_test,612573,0.18848255276679993,0.9141959949683421
ava_test,543331,0.03162013739347458,0.8998890759134525
ava_test,82723,0.25833970308303833,0.9203072444171477
ava_test,139992,0.7652895450592041,0.9367422138961967
ava_test,603787,0.03273073956370354,0.854784756648814
ava_test,338256,0.4349066913127899,0.9160184345594752
ava_test,696581,0.14154240489006042,0.9205528471979029
ava_test,673737,0.4889044761657715,0.8924896564258697
ava_test,771029,0.015140884555876255,0.8899127619031211
ava_test,560905,0.13292796909809113,0.9162821361613915
ava_test,308906,0.06355825811624527,0.9066501694271412
ava_test,50879,0.689530611038208,0.8748887127544606
ava_test,121129,0.23916178941726685,0.9030057997443571
ava_test,511358,0.157832533121109,0.9154258681342862
ava_test,411870,0.191710963845253,0.9142168650116511
ava_test,924219,0.2731137275695801,0.9341919091903814
ava_test,431788,0.4919394552707672,0.9446417810254698
ava_test,354598,0.2747044861316681,0.9257804859547707
ava_test,721062,0.5058717727661133,0.918661425936885
ava_test,34364,0.5023261904716492,0.93808462081459
ava_test,824903,0.14097268879413605,0.9036982402760617
ava_test,41859,0.11692851781845093,0.9166648303607968
ava_test,655340,1.017527461051941,0.8900905989594922
ava_test,642837,0.5625114440917969,0.9237202134333911
ava_test,778657,0.4237619638442993,0.9363624834346755
ava_test,892718,0.03280207887291908,0.9044089746005687
ava_test,12883,0.4610096514225006,0.9445483765791622
ava_test,33759,0.9540072679519653,0.8690733478553561
ava_test,940136,0.3331519365310669,0.8824864856899312
ava_test,159700,0.47056329250335693,0.9105538537413574
ava_test,647213,0.365757018327713,0.9326547827240269
ava_test,209811,0.705926239490509,0.900655804532869
ava_test,86847,0.48447543382644653,0.907599964417661
ava_test,733794,0.15991543233394623,0.9044491782594661
ava_test,524371,0.6511325240135193,0.8964642162083717
ava_test,41842,0.8150798082351685,0.8799881274275724
ava_test,874860,0.35906028747558594,0.8909012172924994
ava_test,657304,0.1523386389017105,0.8986024022170935
ava_test,326460,0.19459125399589539,0.9161259111710524
ava_test,900049,0.29783380031585693,0.9153229423247433
ava_test,833973,0.0578438863158226,0.9067230102834164
ava_test,720255,1.4026329517364502,0.9002364189838117
ava_test,20371,1.1732940673828125,0.8712519378220208
ava_test,772011,0.3495026230812073,0.9322800998665531
ava_test,652882,0.0,0.0
ava_test,270496,0.5217010378837585,0.9092192117431428
ava_test,571296,0.5554636716842651,0.9079905034185825
ava_test,701925,1.2612264156341553,0.9175689986865665
ava_test,417900,0.6178457736968994,0.9561079522601259
ava_test,240304,0.9822764992713928,0.8593919365543006
ava_test,865452,0.31313687562942505,0.9119415847691211
ava_test,395793,0.0933932289481163,0.8975572566034133
ava_test,327357,0.929474413394928,0.8912557415431107
ava_test,321273,0.16618521511554718,0.9063511185995093
ava_test,606137,0.23217302560806274,0.9182735498074602
ava_test,64452,0.38617047667503357,0.935391178671029
ava_test,605734,0.2145816832780838,0.9289861828741269
ava_test,381233,0.40147703886032104,0.9164470315749489
ava_test,646178,0.14648348093032837,0.8846433790669077
ava_test,758974,0.07473812997341156,0.8991181043157654
ava_test,588000,0.33551540970802307,0.9249581056661977
ava_test,76582,0.7731420993804932,0.9098971752684749
ava_test,925201,1.1553415060043335,0.9125296504890988
ava_test,692559,0.6316664814949036,0.9292940171379078
ava_test,730495,1.9170101881027222,0.7795137233239671
ava_test,697021,0.7306699752807617,0.9182301257544032
ava_test,767530,0.49879512190818787,0.9153378067382002
ava_test,609931,0.5215223431587219,0.8839492721362198
ava_test,303978,0.33259791135787964,0.9208314995184596
ava_test,83311,0.24856208264827728,0.9291778328903499
ava_test,251319,0.22778089344501495,0.9320782132004175
ava_test,255491,9.74064826965332,0.7663747206653463
ava_test,6160,0.48441362380981445,0.8930885250262792
ava_test,718927,0.8504642248153687,0.8966734149007328
ava_test,739497,0.6164154410362244,0.9071325605803949
ava_test,230847,0.04800548031926155,0.8922513098236138
ava_test,405846,0.536770224571228,0.9011617245975682
ava_test,619910,0.3648340106010437,0.9239686464185639
ava_test,901187,0.35832497477531433,0.8875766969926243
ava_test,86135,0.36351531744003296,0.9187827142761456
ava_test,395407,1.4960496425628662,0.8700043672286873
ava_test,634208,0.42617297172546387,0.8955179466562856
ava_test,427155,1.0929478406906128,0.8784525237272485
ava_test,190304,0.4269869327545166,0.8815426147946399
ava_test,234443,2.8572983741760254,0.8731435314896543
ava_test,458455,0.09169939905405045,0.9125245832131296
ava_test,247588,3.1229941844940186,0.8265159289018856
ava_test,85762,1.4723494052886963,0.9082684779261279
ava_test,772265,0.11899591237306595,0.9114480254318099
ava_test,19621,1.0641148090362549,0.9005567232542483
ava_test,624977,0.6610426306724548,0.9039778535931271
ava_test,785469,0.47297748923301697,0.8991086098392992
ava_test,861523,0.20966778695583344,0.9266552958969468
ava_test,556922,0.32475513219833374,0.9439942232815033
ava_test,882936,0.04202195629477501,0.8927511541745546
ava_test,60876,0.10269415378570557,0.9117421939229133
ava_test,493643,0.7193841934204102,0.9101793849593158
ava_test,765977,1.195649266242981,0.8746836237973094
ava_test,710114,0.0501822829246521,0.9126579154923489
ava_test,466480,0.6900823712348938,0.8899532695711477
ava_test,373715,0.6350237727165222,0.8706699028554743
ava_test,83866,0.3353745937347412,0.9464975860942252
ava_test,271287,0.9383008480072021,0.9124499953337468
ava_test,27707,0.021135617047548294,0.8921702416769628
ava_test,850733,0.2924686372280121,0.9037874064404753
ava_test,259530,0.1705676168203354,0.925144708727299
ava_test,448604,0.2944236993789673,0.9089329733361396
ava_test,832615,1.3633575439453125,0.8869536527308319
ava_test,93986,0.9456346035003662,0.8087823888927363
ava_test,124663,0.2100101113319397,0.9249044824106646
ava_test,112323,0.30399593710899353,0.9126763949293014
ava_test,541827,0.6108036041259766,0.887882909902301
ava_test,287280,0.41973376274108887,0.9110840264170323
ava_test,430354,2.1215837001800537,0.9131059582367458
ava_test,197253,0.5395874381065369,0.9239362285590046
ava_test,835829,0.10240286588668823,0.9052901828607846
ava_test,337392,0.9007608890533447,0.8780755100828255
ava_test,1037,0.11357097327709198,0.9079575324342773
ava_test,786589,0.6298587322235107,0.9211788643561359
ava_test,97408,0.10262055695056915,0.8612404444334547
ava_test,387867,0.643778383731842,0.8867183699196279
ava_test,225,0.44905179738998413,0.9069539979753102
ava_test,480203,0.36058491468429565,0.9170638675523768
ava_test,562909,0.1580854207277298,0.9040807667187176
ava_test,354294,0.6587076783180237,0.9164062325003138
ava_test,937675,0.07475049793720245,0.900777045452732
ava_test,130740,0.7327815294265747,0.9006186344213636
ava_test,282861,0.7584785223007202,0.8657065458987196
ava_test,23651,1.029751181602478,0.9107654736656962
ava_test,861044,0.1657245010137558,0.9352648062145315
ava_test,600421,0.11722110956907272,0.8901519018065492
ava_test,618946,0.3925876319408417,0.9080628418685517
ava_test,919116,0.806194007396698,0.892601955186762
ava_test,372060,1.1299513578414917,0.8757208060443757
ava_test,714229,0.23801301419734955,0.9165793741487089
ava_test,585351,0.868172287940979,0.9129371264685453
ava_test,15148,0.9786183834075928,0.9171694829646868
ava_test,54758,0.23375144600868225,0.7728545710617729
ava_test,429609,0.8451107144355774,0.9062085782788162
ava_test,115482,0.35385942459106445,0.9015261079249608
ava_test,232047,0.0,0.0
ava_test,676133,0.1358872652053833,0.937022696839516
ava_test,943035,0.1063113808631897,0.8652766840050583
ava_test,797430,0.04021796956658363,0.8973682357434231
ava_test,390430,0.6083952188491821,0.8927046885448973
ava_test,330163,0.5853044986724854,0.9348646805928817
ava_test,359312,0.5428805351257324,0.8963388810144948
ava_test,941726,0.20007985830307007,0.9087450234689277
ava_test,220843,0.12682516872882843,0.9167467450892292
ava_test,4562,0.3217613995075226,0.9227138962846517
ava_test,606677,0.5746861100196838,0.8904432751331501
ava_test,64384,0.847777247428894,0.9111758630076426
ava_test,70783,0.3504507541656494,0.9491650730076867
ava_test,855726,0.06276025623083115,0.8873850767777329
ava_test,538023,0.4941031336784363,0.9150752390840304
ava_test,696189,0.8832972645759583,0.9166177131926944
ava_test,558803,0.18434356153011322,0.9258121475163741
ava_test,600366,0.2559182345867157,0.9263357083303
ava_test,877133,0.5185727477073669,0.8768275474415697
ava_test,711354,0.841711699962616,0.894402272048849
ava_test,770606,0.3260875940322876,0.9223052896361141
ava_test,621051,0.43272852897644043,0.895578196688758
ava_test,168176,0.009831463918089867,0.884023982438786
ava_test,355759,0.9078839421272278,0.9043008092524398
ava_test,4723,0.11118597537279129,0.9089139366675189
ava_test,650540,0.030859947204589844,0.8983354114547408
ava_test,146507,0.2580603361129761,0.9292271957291748
ava_test,107902,0.038295987993478775,0.8883401112979445
ava_test,276987,1.0423287153244019,0.9186923424386219
ava_test,760284,0.19716805219650269,0.9085988290684485
ava_test,654980,0.19757819175720215,0.9358806572928124
ava_test,114244,0.05618518590927124,0.9053965817397006
ava_test,716749,0.0781455785036087,0.8749605391457681
ava_test,799806,0.9774510264396667,0.9044092883412419
ava_test,529231,0.19893138110637665,0.9060657023031781
ava_test,171447,0.7313233613967896,0.8970103558435958
ava_test,155648,0.2441178411245346,0.9223175941695402
ava_test,312907,0.4949609339237213,0.8546218549051174
ava_test,477002,0.2747696042060852,0.9344197741583776
ava_test,356461,0.6491016149520874,0.9023583322583758
ava_test,171312,0.5130699276924133,0.9110625767359294
ava_test,723604,0.33303600549697876,0.9129861047889808
ava_test,367417,0.47498956322669983,0.8949234612974077
ava_test,848916,0.33763596415519714,0.9399378951227118
ava_test,63030,0.79970782995224,0.8748137046298778
ava_test,244525,0.7180396914482117,0.8842664577349864
ava_test,129964,0.8380345106124878,0.8783767461683024
ava_test,64813,0.11497040092945099,0.8935620573421508
ava_test,465695,39.37982177734375,0.6954753599932872
ava_test,914291,0.26673704385757446,0.9023014676359428
ava_test,343789,0.2860812544822693,0.901110895625922
ava_test,604813,0.41646894812583923,0.8895277569684479
ava_test,616784,0.22568662464618683,0.9073156087622715
ava_test,13450,0.2494630217552185,0.8887387215883613
ava_test,234693,0.3499893844127655,0.9285856224744637
ava_test,376407,1.111746072769165,0.9216576634108914
ava_test,138757,0.0929928570985794,0.8951138571308245
ava_test,506915,1.0983973741531372,0.8515912272741967
ava_test,84205,0.9269868731498718,0.8933889691394149
ava_test,485111,0.17243097722530365,0.8837113001250568
ava_test,351020,0.9084988236427307,0.8739205284137708
ava_test,324360,0.9429286122322083,0.8984549591710308
ava_test,579694,4.338310241699219,0.7356929263802381
ava_test,144275,0.5064863562583923,0.8975428097408149
ava_test,904929,0.11357478052377701,0.8835356539138738
ava_test,373062,0.4146696925163269,0.9407436552110148
ava_test,804719,0.4348048269748688,0.8677016547466906
ava_test,243653,0.3155348300933838,0.9261623725686893
ava_test,152006,0.29761186242103577,0.9261918661470816
ava_test,118347,0.2354934811592102,0.9071665551026874
ava_test,400703,0.5984002947807312,0.9113916391964021
ava_test,251126,0.09708841145038605,0.9003931806578179
ava_test,59116,0.0684749037027359,0.9084253000412816
ava_test,140925,0.44326576590538025,0.9119189501856585
ava_test,240583,0.10612321645021439,0.9259582174138117
ava_test,612975,0.6204858422279358,0.9487145717746088
ava_test,803351,0.46551695466041565,0.8980148560173299
ava_test,223583,0.7701694369316101,0.9012923925534368
ava_test,106052,0.27432531118392944,0.9370292477553325
ava_test,81524,0.640275776386261,0.8745193693397683
ava_test,691544,1.0858170986175537,0.9089408715751471
ava_test,685351,1.398226022720337,0.8982867073023934
ava_test,25276,0.3917217552661896,0.8897999099425955
ava_test,678116,0.3513234257698059,0.8740888254130434
ava_test,567799,0.538884162902832,0.9201463295581621
ava_test,606874,0.35777366161346436,0.9126324252442254
ava_test,284809,0.7621971368789673,0.8951031450540906
ava_test,570345,0.28462567925453186,0.9266763160394106
ava_test,656483,0.2463134229183197,0.9417008823228884
ava_test,620538,0.08741070330142975,0.904228241345598
ava_test,731999,0.8740589618682861,0.9377976986822157
ava_test,628393,0.324919193983078,0.9365343323884204
ava_test,460789,0.9852209687232971,0.862014349653407
ava_test,743467,0.20191964507102966,0.9263728425621983
ava_test,814241,0.6056334972381592,0.8831304129258989
ava_test,661248,0.224054217338562,0.9186985327048733
ava_test,762354,0.10082784295082092,0.922790829363139
ava_test,955525,0.6546106934547424,0.9054448006909354
ava_test,585347,0.45783352851867676,0.9263835041021897
ava_test,348464,0.618131697177887,0.8833803198826375
ava_test,398401,0.0683063194155693,0.8977549707200231
ava_test,850100,0.08880589157342911,0.8947623037072775
ava_test,800945,0.6204835772514343,0.9444187548226446
ava_test,121111,0.8570540547370911,0.8790128231681794
ava_test,61717,0.4364859461784363,0.920128946812507
ava_test,41981,0.4150257110595703,0.9137239481584178
ava_test,434260,0.6110822558403015,0.9350211315624587
ava_test,301541,1.121990442276001,0.8716315759867179
ava_test,906642,0.6705764532089233,0.8839247827412917
ava_test,950134,0.7790696024894714,0.8852704896383548
ava_test,336726,0.45661211013793945,0.9024748462603336
ava_test,255529,0.04944496601819992,0.8778825826652161
ava_test,291425,0.36980143189430237,0.8756431748182875
ava_test,202939,0.6271645426750183,0.8907572535048532
ava_test,831441,0.414699524641037,0.9131569816730204
ava_test,439589,0.08098401129245758,0.8605726987801995
ava_test,441499,0.0862676203250885,0.8941805118819649
ava_test,215124,0.2302366942167282,0.9080603690375916
ava_test,429277,0.11151633411645889,0.9138852709987877
ava_test,301243,0.597273051738739,0.9193933020080962
ava_test,72627,0.16106441617012024,0.9029381452074842
ava_test,816095,0.02677515149116516,0.9004954068896099
ava_test,425531,0.5255764126777649,0.889510211411834
ava_test,200263,0.14666412770748138,0.9193084142944314
ava_test,729238,0.16160880029201508,0.924359171201518
ava_test,59423,0.365151971578598,0.91513819465105
ava_test,134627,0.19747474789619446,0.9195887216838788
ava_test,764588,1.0937392711639404,0.8835412243931585
ava_test,360819,0.09985772520303726,0.9097805562142177
ava_test,640812,0.47435906529426575,0.9316322119601115
ava_test,957086,1.2414004802703857,0.86634566400927
ava_test,90302,0.8036373257637024,0.8751394106580157
ava_test,338649,1.0040323734283447,0.8913326589234971
ava_test,356576,0.1365572214126587,0.9187888533641825
ava_test,141890,0.0,0.0
ava_test,311961,0.49231767654418945,0.8995550703156889
ava_test,509497,1.4369310140609741,0.8793800968228382
ava_test,89273,0.9301403164863586,0.8907010412780053
ava_test,265358,0.6997094750404358,0.9049359252522826
ava_test,284080,0.22136107087135315,0.9140287102824142
ava_test,887542,0.6695268750190735,0.8865262351274242
ava_test,808444,0.055836327373981476,0.9015099065869596
ava_test,104157,0.5437487363815308,0.9227152994758703
ava_test,737990,0.17822007834911346,0.9131767812621434
ava_test,174643,0.21221233904361725,0.9106284183950737
ava_test,684485,0.4202801585197449,0.8909496005165305
ava_test,642733,2.0288493633270264,0.915144743139699
ava_test,12854,0.04509732872247696,0.908383139939099
ava_test,890635,0.40677785873413086,0.8935404012281397
ava_test,6420,0.4968275725841522,0.9255558959530006
ava_test,3455,0.38124167919158936,0.9227227038205492
ava_test,880496,0.4482008218765259,0.9100722003708251
ava_test,837393,0.7753653526306152,0.9243741475458919
ava_test,917485,0.22338594496250153,0.9219098246863787
ava_test,55768,0.47973769903182983,0.9257765411489656
ava_test,471725,0.02776985988020897,0.8957273200828709
ava_test,196426,0.24698491394519806,0.9236945294978874
ava_test,851111,0.027720823884010315,0.897598461174907
ava_test,344678,0.0632447600364685,0.9071279273873875
ava_test,409794,0.8387633562088013,0.9074896250919655
ava_test,808493,0.20153643190860748,0.9334709745868219
ava_test,135639,0.18960946798324585,0.901059221084055
ava_test,909081,0.4944922626018524,0.9111357244245125
ava_test,220146,0.27422046661376953,0.9212837055025942
ava_test,874875,2.0418553352355957,0.8873205149434275
ava_test,343210,0.6718713641166687,0.8778979622023062
ava_test,85956,0.33456283807754517,0.903585627245097
ava_test,799263,0.08313797414302826,0.9099783982737751
ava_test,164730,0.03059043176472187,0.8958217716059882
ava_test,617233,0.28727591037750244,0.9296899060280476
ava_test,486578,0.35003945231437683,0.9412920340430585
ava_test,31240,0.7322204113006592,0.8752248818386085
ava_test,710101,0.05990961194038391,0.8968919159608404
ava_test,319600,0.0778663381934166,0.9294317164396576
ava_test,662800,0.7229318618774414,0.8933350758832849
ava_test,222748,0.4611445665359497,0.8985951461602614
ava_test,303344,0.039185695350170135,0.9099635979639467
ava_test,682047,0.20038999617099762,0.9268690390209217
ava_test,836163,0.33639875054359436,0.8871339017326911
ava_test,111317,0.7033606767654419,0.8869594988910187
ava_test,214824,1.0816954374313354,0.924910195742166
ava_test,136381,0.26968899369239807,0.8958788401564475
ava_test,684061,0.6280636191368103,0.8659211256003353
ava_test,729016,0.5725317001342773,0.8541539346317514
ava_test,22781,0.17741045355796814,0.9297111188598723
ava_test,734717,0.4336515963077545,0.8764759075661872
ava_test,753449,1.3024035692214966,0.8888853598892864
ava_test,795493,0.9648975729942322,0.9065960396483508
ava_test,13459,0.22873733937740326,0.9173395459738681
ava_test,203275,0.12949101626873016,0.9218435685124677
ava_test,694109,0.08763027936220169,0.9113740452099496
ava_test,102660,0.30148881673812866,0.8765747954792167
ava_test,476544,0.2571687698364258,0.8882412249469246
ava_test,374865,0.2570706605911255,0.8751806917625266
ava_test,79450,0.14002375304698944,0.8862568343099775
ava_test,111542,0.6015205383300781,0.8749675871744191
ava_test,547366,0.05540880560874939,0.8978933098244151
ava_test,651770,0.05732071399688721,0.8942667462269785
ava_test,468955,0.3030274510383606,0.9177781693873505
ava_test,9117,0.16488583385944366,0.9161679046680756
ava_test,118153,0.029017983004450798,0.8950722354066206
ava_test,14659,0.1398211270570755,0.9142159144251985
ava_test,230417,0.9874971508979797,0.8807781156694078
ava_test,778722,0.7777995467185974,0.9191320490837175
ava_test,5102,0.5395244359970093,0.9352151435066731
ava_test,812907,0.5118707418441772,0.9096795803273244
ava_test,94355,0.1723269522190094,0.8931450698076852
ava_test,614902,0.11974587291479111,0.9252141258198602
ava_test,35109,0.125377357006073,0.9031086004332436
ava_test,895206,0.0721035823225975,0.9298763546138383
ava_test,725293,0.29395586252212524,0.8850975062930242
ava_test,66073,1.4160324335098267,0.8692298508903176
ava_test,65931,0.30801302194595337,0.8504124283023792
ava_test,281268,0.8212853670120239,0.9256691835047365
ava_test,957982,0.8504366278648376,0.8648333664376225
ava_test,90840,0.26687395572662354,0.9379480704796858
ava_test,508286,0.6868416666984558,0.8438848257467408
ava_test,9663,0.8572530150413513,0.9260143428767981
ava_test,5415,0.5108957290649414,0.9115038443911335
ava_test,772844,0.4910688102245331,0.9080715307943291
ava_test,400906,0.339424192905426,0.9124432893602559
ava_test,21296,0.08240771293640137,0.9085391328369203
ava_test,1316,2.238950490951538,0.8650891201697587
ava_test,862600,0.9092146158218384,0.8907574252223507
ava_test,204930,0.24160057306289673,0.9244780191411957
ava_test,727028,0.8129635453224182,0.8709872007123637
ava_test,598028,0.7368837594985962,0.8691842598473976
ava_test,741676,0.09555493295192719,0.9157878524757036
ava_test,9240,0.29402273893356323,0.9273506686402538
ava_test,463704,0.4455656409263611,0.9014870653802257
ava_test,314448,0.3934997022151947,0.922213194780964
ava_test,480009,0.2541222870349884,0.9365656695980606
ava_test,628451,0.16564086079597473,0.9289337569401167
ava_test,110252,1.5026429891586304,0.9179131587013342
ava_test,246812,0.5563863515853882,0.9122938688075141
ava_test,366095,0.6534141302108765,0.9012127492378771
ava_test,935739,1.8664157390594482,0.8940156435113688
ava_test,71203,0.4153503179550171,0.9384626527670951
ava_test,725127,0.5452685952186584,0.8854353500909996
ava_test,732806,0.5444579124450684,0.9257652078670973
ava_test,155597,0.5381224155426025,0.8972354781917993
ava_test,590617,0.6736630797386169,0.9221835337838732
ava_test,735116,0.14131714403629303,0.910985260489951
ava_test,770768,0.23802989721298218,0.9312730228513684
ava_test,720963,0.1318134218454361,0.9138810932415652
ava_test,428789,0.12078846246004105,0.9259656644752501
ava_test,116799,1.4344978332519531,0.8572395408234358
ava_test,792278,0.06263604760169983,0.9079962441036511
ava_test,59216,0.04610714316368103,0.8946392690203648
ava_test,228068,0.9427753686904907,0.9108088378306978
ava_test,33449,0.9241375923156738,0.9172442518722963
ava_test,33107,1.577650785446167,0.8581044158609064
ava_test,490849,0.3210054934024811,0.885137081407429
ava_test,517079,0.6632749438285828,0.8926720896909277
ava_test,828448,0.10832470655441284,0.8981537205999691
ava_test,167100,0.3669053912162781,0.9022560078563747
ava_test,914871,0.8053665161132812,0.9217312173947999
ava_test,421390,0.6180868148803711,0.9416025161761072
ava_test,709735,0.5653316974639893,0.908699765766018
ava_test,232657,0.27101656794548035,0.9225352131237605
ava_test,250819,0.3218631148338318,0.9358794373781618
ava_test,857488,0.611437976360321,0.9202094914869254
ava_test,691521,0.6350825428962708,0.8920105810380696
ava_test,741956,13.119234085083008,0.8312863094188025
ava_test,912809,0.37498366832733154,0.9158309743948141
ava_test,743196,0.4249470829963684,0.9286551928970015
ava_test,483871,0.4650946855545044,0.8994383182628661
ava_test,594692,0.09650679677724838,0.8894833448070106
ava_test,232641,0.38670647144317627,0.8961541767316785
ava_test,188144,0.09377879649400711,0.885991013303949
ava_test,909282,1.2962086200714111,0.9071862538719553
ava_test,86129,0.14888234436511993,0.9085379316287209
ava_test,447634,7.960494518280029,0.7476212015638767
ava_test,446631,0.6209664344787598,0.8880199583747159
ava_test,719209,1.0509676933288574,0.9125618650689252
ava_test,24559,0.48151975870132446,0.9219167804289523
ava_test,698862,0.41431090235710144,0.8986980492503956
ava_test,867809,0.36374765634536743,0.9030283126356936
ava_test,31768,0.5073454976081848,0.9216471596161665
ava_test,436034,0.5731179714202881,0.9066784152288874
ava_test,688098,0.7696720957756042,0.933111144816844
ava_test,103621,0.6459617614746094,0.904873269452137
ava_test,24723,0.09747093170881271,0.8979877072768482
ava_test,19701,0.9550347328186035,0.8851715690445708
ava_test,615085,0.2602628469467163,0.9077533042371527
ava_test,22665,0.43955743312835693,0.87790026470623
ava_test,71959,0.3951491415500641,0.9277472560531286
ava_test,460063,0.8787328600883484,0.8675239826742486
ava_test,840665,0.12552110850811005,0.8909319665604712
ava_test,845660,0.5240272283554077,0.9259281656737945
ava_test,838157,0.08356672525405884,0.9238372446335618
ava_test,831804,0.14116959273815155,0.8916088641686591
ava_test,260637,0.2507595717906952,0.9263657690860583
ava_test,775403,0.8311359882354736,0.9061098218140501
ava_test,946959,0.6662262082099915,0.8875692856488313
ava_test,494302,0.5403234958648682,0.8825342017106849
ava_test,518659,0.12166240811347961,0.8766171104738278
ava_test,60469,1.240288496017456,0.8580862950281319
ava_test,756044,0.21135875582695007,0.8724840393264728
ava_test,743634,0.5529376268386841,0.9124463277202155
ava_test,3495,0.37389904260635376,0.9228365175024609
ava_test,891282,0.22783154249191284,0.8688334529285114
ava_test,92326,0.8076867461204529,0.8685676166326327
ava_test,316992,0.5378624200820923,0.9350931899962972
ava_test,33654,1.3609392642974854,0.9112191128470422
ava_test,257959,0.2880904972553253,0.9347326981628357
ava_test,201858,1.1608844995498657,0.9325655323745516
ava_test,188644,0.7008398771286011,0.9152525362459956
ava_test,652894,1.1813747882843018,0.8976682517859768
ava_test,11663,0.28007712960243225,0.9112536027495698
ava_test,36020,0.24599435925483704,0.9166610443792813
ava_test,619106,0.3600142300128937,0.9177001865028247
ava_test,895435,0.2356078326702118,0.8693075993761927
ava_test,829802,0.6726474165916443,0.8828961780443434
ava_test,256819,0.30518054962158203,0.8998295554414163
ava_test,703557,0.3221224248409271,0.93694850969734
ava_test,364813,0.09084170311689377,0.9055567216282054
ava_test,4691,0.02321547269821167,0.8295806617298991
ava_test,612340,0.4994833469390869,0.913643345701159
ava_test,776655,0.19112367928028107,0.9216085266197573
ava_test,893215,0.3517833352088928,0.9218081716379615
ava_test,951823,0.29939812421798706,0.8877814437963918
ava_test,46093,0.17360788583755493,0.9202998863084687
ava_test,5527,0.45463013648986816,0.883850470401625
ava_test,282886,0.03919357433915138,0.8692859727096898
ava_test,431322,0.33844369649887085,0.9266777782159556
ava_test,602381,0.1586761176586151,0.9103679544994154
ava_test,804698,0.2783353626728058,0.893549225894377
ava_test,282225,0.3945435881614685,0.9010348507605831
ava_test,9455,0.42327624559402466,0.9299673242101766
ava_test,24419,0.7449877858161926,0.901778509373602
ava_test,225904,0.5349725484848022,0.8854143628408544
ava_test,217140,1.5032750368118286,0.8849579090436158
ava_test,923894,0.483946293592453,0.9210882099699939
ava_test,687839,0.1310531049966812,0.9248639593420377
ava_test,415489,0.15913847088813782,0.8899229496977707
ava_test,10442,0.14309179782867432,0.9106447442903562
ava_test,954222,0.4698195457458496,0.9066018654989146
ava_test,44498,0.5094018578529358,0.9227123384532537
ava_test,338646,0.15745078027248383,0.9220987917523258
ava_test,328187,0.3751493990421295,0.9215836580951101
ava_test,925176,0.2823539972305298,0.8889680810064372
ava_test,285838,1.1617653369903564,0.8977899521718211
ava_test,368596,0.10181169211864471,0.9192890545971927
ava_test,673142,0.11733415722846985,0.922037778269808
ava_test,393175,0.5829977989196777,0.8997952501725928
ava_test,10903,0.26609155535697937,0.9360439380677251
ava_test,214860,0.2777947187423706,0.904737968061538
ava_test,348756,0.15969610214233398,0.9127284316981316
ava_test,258193,0.2932533919811249,0.9077990908634178
ava_test,9774,0.8784540891647339,0.8879193659370367
ava_test,932788,0.681159257888794,0.8904197644878944
ava_test,622426,1.3261483907699585,0.8703772475138651
ava_test,142422,0.24930721521377563,0.9099321450048423
ava_test,39421,0.25164103507995605,0.9098543177269185
ava_test,17427,0.14620482921600342,0.8980028081237084
ava_test,233091,0.31518855690956116,0.9110057749426566
ava_test,846673,0.8725504875183105,0.8841373548225651
ava_test,67796,0.279867947101593,0.9231408785143644
ava_test,906862,0.34920260310173035,0.9180692855021109
ava_test,356704,0.1908300817012787,0.9157351322653804
ava_test,418818,0.47881388664245605,0.924037836647937
ava_test,24491,0.12951235473155975,0.9368761773934859
ava_test,850090,0.23110143840312958,0.8788928967947385
ava_test,910316,0.18788225948810577,0.8767498885982946
ava_test,135919,0.646064817905426,0.9260829174131302
ava_test,36222,2.3491790294647217,0.905242284509443
ava_test,726878,0.68595290184021,0.8804345857294659
ava_test,230361,1.0831294059753418,0.926825802874593
ava_test,418822,1.3089232444763184,0.9143725983852492
ava_test,622236,0.20431441068649292,0.9228123553701494
ava_test,694159,0.16518989205360413,0.9167302797100599
ava_test,96580,0.0911729708313942,0.9182427929866915
ava_test,681990,0.4530700445175171,0.9058666938538363
ava_test,857330,0.08150880038738251,0.9020970862146391
ava_test,815392,0.2578485906124115,0.923036002407562
ava_test,638916,0.4845622479915619,0.8808079004571006
ava_test,304597,0.3103298842906952,0.8995192669865782
ava_test,124279,0.18815845251083374,0.887507384142177
ava_test,912963,0.21669402718544006,0.9033278724851859
ava_test,134161,0.613231897354126,0.9227112099708713
ava_test,849578,0.15556439757347107,0.9054504502308759
ava_test,424137,1.3326804637908936,0.8990923679600789
ava_test,778426,1.058705449104309,0.8829367135345679
ava_test,579811,0.052715759724378586,0.9030317656742598
ava_test,857929,0.3411577641963959,0.8988106251578457
ava_test,669881,0.9070824384689331,0.888304427743966
ava_test,766967,0.14643476903438568,0.9240642020888657
ava_test,656203,0.9727048873901367,0.8712262428505763
ava_test,734609,0.28021684288978577,0.9013356650653526
ava_test,111858,1.4056068658828735,0.8568239307376149
ava_test,10666,2.156876564025879,0.8850873489696253
ava_test,515811,0.3030306100845337,0.9176598191007331
ava_test,382726,0.612436056137085,0.9233834034374684
ava_test,33162,0.6024105548858643,0.8877332183197805
ava_test,250555,0.10744867473840714,0.9002661120933234
ava_test,163078,0.7550134062767029,0.8994409949856383
ava_test,516316,0.2520625591278076,0.9176350184048556
ava_test,236562,0.6488422751426697,0.8888311567260928
ava_test,456150,0.2259979397058487,0.9186672798693786
ava_test,837295,0.11487792432308197,0.9135225916218727
ava_test,3642,0.9364157915115356,0.8000895738150197
ava_test,206568,0.7583935856819153,0.9001686056946466
ava_test,788701,1.842136025428772,0.89232197688607
ava_test,139185,0.2016451507806778,0.9176553174972502
ava_test,29182,0.2934955656528473,0.895771599664199
ava_test,107387,0.17876146733760834,0.9010870290163894
ava_test,658827,0.4262809455394745,0.9136024082715931
ava_test,369124,0.6599423885345459,0.8947398869001899
ava_test,664799,0.052302733063697815,0.904894769125529
ava_test,696557,0.2895861864089966,0.9015477156018412
ava_test,44343,0.4012739658355713,0.8858283857767654
ava_test,434535,0.33241379261016846,0.9283886759742846
ava_test,485754,0.4282130300998688,0.9211759126908524
ava_test,532234,0.5805597305297852,0.8872762358200748
ava_test,420925,0.8060654401779175,0.9143371939278268
ava_test,350622,0.0384221151471138,0.8982663322845464
ava_test,16738,0.8209171295166016,0.8743736872436659
ava_test,521901,0.13167159259319305,0.8890572422871426
ava_test,121988,0.23587888479232788,0.912705978078415
ava_test,6158,0.4893885850906372,0.9012747195771139
ava_test,30613,0.6435972452163696,0.8357197018290742
ava_test,847135,1.1622865200042725,0.8979981750556677
ava_test,342798,0.1225552186369896,0.8961727201998433
ava_test,46722,0.9000847935676575,0.899671004361043
ava_test,103710,0.6143084764480591,0.8909815479702017
ava_test,557066,0.2833525836467743,0.9317922461044661
ava_test,274796,0.24964500963687897,0.9268093355406326
ava_test,805231,0.764410674571991,0.9366776448902281
ava_test,759756,0.044423237442970276,0.9103028468816418
ava_test,402355,0.036334890872240067,0.8646145100072576
ava_test,734788,0.08848544210195541,0.9015298106918141
ava_test,561647,0.5733168721199036,0.9222572124823523
ava_test,943765,0.3869677782058716,0.9210673575794321
ava_test,382581,1.6189464330673218,0.8606317177741033
ava_test,575469,0.7718928456306458,0.9016663629342732
ava_test,518002,0.17951823770999908,0.9128959872808263
ava_test,453539,1.4848471879959106,0.8747434370581312
ava_test,19150,0.6915097832679749,0.908016492362381
ava_test,927206,0.16775311529636383,0.8933393412554765
ava_test,180716,0.3485546112060547,0.9270475102308171
ava_test,795379,0.5841696262359619,0.9048973989417469
ava_test,689558,0.523701012134552,0.9180488702092588
ava_test,621008,0.2251495122909546,0.9354532574531604
ava_test,662424,0.36937007308006287,0.9502923138456302
ava_test,473952,1.0453459024429321,0.9269639658158543
ava_test,309746,1.5682508945465088,0.8342447860853246
ava_test,236287,0.8967993855476379,0.9162458642848313
ava_test,702220,0.3417336046695709,0.9120170436738045
ava_test,785408,0.6953879594802856,0.8834407745383518
ava_test,742075,0.17340849339962006,0.8887978175939211
ava_test,909602,0.0447523295879364,0.8761790267639537
ava_test,887080,0.14242710173130035,0.9198373711194845
ava_test,308740,0.07714131474494934,0.9219151656987441
ava_test,63844,0.3041382431983948,0.9158217351694302
ava_test,591615,0.7000190615653992,0.922119778676584
ava_test,459111,0.13563711941242218,0.9195917041689647
ava_test,780030,0.13080495595932007,0.8976280589079498
ava_test,268927,0.22061792016029358,0.8979929626643028
ava_test,480516,0.5945796966552734,0.8968727586500997
ava_test,832968,0.4151887893676758,0.9105606111139648
ava_test,298604,0.3487388491630554,0.9060257261818236
ava_test,349240,0.3042508661746979,0.8974107449927902
ava_test,597942,0.11031004041433334,0.918210503946074
ava_test,858917,0.6482436060905457,0.8889125894264974
ava_test,936907,0.6498681902885437,0.9166520213905816
ava_test,609504,0.10759636014699936,0.8828982146556186
ava_test,144941,0.1591912806034088,0.9183937826783786
ava_test,906610,0.20691169798374176,0.9232586095640716
ava_test,674179,2.295764923095703,0.8782954286335275
ava_test,4799,0.49303194880485535,0.9367219724915573
ava_test,315845,0.18822428584098816,0.9246678305783511
ava_test,322292,0.4115617573261261,0.9093538423044777
ava_test,226761,0.15112867951393127,0.8714350298248003
ava_test,681250,0.41915056109428406,0.8810928657743979
ava_test,463072,0.35122495889663696,0.9033260112502016
ava_test,74429,1.2149274349212646,0.9047391725608072
ava_test,57261,0.37935149669647217,0.9319931452234577
ava_test,714041,1.0825353860855103,0.9016147178611377
ava_test,425235,0.1326935887336731,0.930723409360795
ava_test,328518,0.14124909043312073,0.9076841131977286
ava_test,169969,0.6751314997673035,0.9106961748868846
ava_test,155534,0.2684904932975769,0.9146867809369864
ava_test,205386,0.19539257884025574,0.9249672670030784
ava_test,691148,0.7099214792251587,0.9303912940921766
ava_test,129909,1.581507921218872,0.9167875531533057
ava_test,215653,0.3903922140598297,0.911128866655816
ava_test,754363,0.44261544942855835,0.9081436824130737
ava_test,199882,0.2747451066970825,0.8886783046980296
ava_test,759603,0.9853019714355469,0.8943064267566352
ava_test,894222,0.13553486764431,0.893540563417199
ava_test,228131,0.07378731667995453,0.9038664868364134
ava_test,569845,0.42247113585472107,0.9262961897743699
ava_test,663572,0.818954586982727,0.8871934041391146
ava_test,611027,0.6706846952438354,0.9024091970218211
ava_test,80371,0.31929877400398254,0.9202020931703503
ava_test,318920,0.8192380666732788,0.8879636484683565
ava_test,646414,0.6211327314376831,0.871312029386674
ava_test,345390,0.08420684188604355,0.9086731633691288
ava_test,531887,0.06515916436910629,0.8951041083650477
ava_test,306934,0.04080779105424881,0.9004609860816916
ava_test,944059,0.04499022662639618,0.8939025934409162
ava_test,404142,0.4997967481613159,0.9178378855929153
ava_test,818342,0.27309635281562805,0.9279866245208119
ava_test,280620,0.5639569759368896,0.9048298790939757
ava_test,20546,0.8882966637611389,0.9136003074404097
ava_test,519029,0.6848580837249756,0.9063247871377526
ava_test,77353,0.6235762238502502,0.9239693610694963
ava_test,255590,0.03322063758969307,0.9051792783105252
ava_test,906444,1.257198691368103,0.9157023322979233
ava_test,65221,0.23990938067436218,0.8761157548269152
ava_test,749104,0.27487868070602417,0.9335785887495069
ava_test,387612,0.5627999305725098,0.9209495364803972
ava_test,838173,0.07717432081699371,0.9166101283665242
ava_test,759510,0.8620923757553101,0.876908097583846
ava_test,764466,0.1775885969400406,0.9124893955883555
ava_test,226930,0.24083665013313293,0.9105602164404489
ava_test,724443,0.41067028045654297,0.9236302638442199
ava_test,792879,0.553399384021759,0.93433928299501
ava_test,71202,0.5521423816680908,0.9304734659398239
ava_test,94879,1.4229298830032349,0.9042076435513646
ava_test,912645,0.35467129945755005,0.9244055123051987
ava_test,751700,0.3403174579143524,0.9196442368253938
ava_test,536691,0.0,0.0
ava_test,322169,0.05459996312856674,0.9003028125937551
ava_test,313170,1.2381535768508911,0.8610192270088423
ava_test,687730,0.029846472665667534,0.8943889183556509
ava_test,7950,0.8102519512176514,0.9087035104027341
ava_test,701242,0.22684334218502045,0.9285361720546755
ava_test,121502,0.09257253259420395,0.9191539563472664
ava_test,597892,1.0389474630355835,0.8712792193290553
ava_test,426744,0.37961867451667786,0.9220672005278818
ava_test,654483,0.2787756025791168,0.910487844682495
ava_test,669118,0.23096399009227753,0.9113386614500596
ava_test,632125,0.16093499958515167,0.8986319041702275
ava_test,917254,0.08598339557647705,0.9080942127424316
ava_test,209186,1.0193618535995483,0.9088466177882856
ava_test,50520,0.09401046484708786,0.9028642086601593
ava_test,160377,0.20227698981761932,0.8761050448253859
ava_test,187488,11.619327545166016,0.8383313032847735
ava_test,650610,0.5541060566902161,0.9130917433235599
ava_test,232558,0.5658299922943115,0.921604650404531
ava_test,292091,0.3963605463504791,0.9307420665847942
ava_test,493100,2.6056437492370605,0.8600517134189906
ava_test,681967,0.10096685588359833,0.9158287826123274
ava_test,60995,0.3325500786304474,0.922819413956792
ava_test,1677,0.32369092106819153,0.888689097260917
ava_test,69760,2.820964813232422,0.9273284753523495
ava_test,312208,0.0693466067314148,0.9218512150665348
ava_test,41863,0.5698219537734985,0.9182883502429908
ava_test,185184,0.5982644557952881,0.8918364329759728
ava_test,874246,0.6789796352386475,0.923110120455286
ava_test,212830,1.7326140403747559,0.7552868774302351
ava_test,36557,0.1238173171877861,0.9118236388087244
ava_test,89346,2.319377899169922,0.8493003482169253
ava_test,181240,0.360767662525177,0.9266724154421055
ava_test,197242,0.1483069211244583,0.9100758189192236
ava_test,63720,0.015738390386104584,0.8916218617419794
ava_test,237037,0.7794895768165588,0.9207204403587232
ava_test,239732,0.2303948700428009,0.9259776515692086
ava_test,110509,0.10431640595197678,0.9067675991425658
ava_test,621138,0.4195021092891693,0.9144936156019354
ava_test,848552,0.5373342633247375,0.8960915300744937
ava_test,375851,0.1163075640797615,0.9024924422543089
ava_test,354665,0.6167154908180237,0.8749442852153481
ava_test,633065,0.569458544254303,0.9182559257242571
ava_test,932764,1.5957943201065063,0.8807901515124933
ava_test,132082,0.14386577904224396,0.9148960818992877
ava_test,379876,0.13462869822978973,0.921257786462592
ava_test,384186,0.0646231472492218,0.912592750204021
ava_test,544150,0.4721683859825134,0.8912291117308027
ava_test,853678,0.6218584179878235,0.9210314968447323
ava_test,112468,0.21693138778209686,0.9123929650740922
ava_test,796166,0.8922389149665833,0.9122039711590373
ava_test,512330,0.8781179785728455,0.8862324641583813
ava_test,59460,0.0,0.0
ava_test,585407,0.15616652369499207,0.9131774184837856
ava_test,930853,0.6681041121482849,0.9223317712215924
ava_test,139822,0.2363916039466858,0.9216610548272668
ava_test,921239,1.4850165843963623,0.8508114612210392
ava_test,455773,0.42133209109306335,0.9202916352540778
ava_test,904583,0.0790625661611557,0.8891663789051613
ava_test,450495,2.379804849624634,0.9094463914232332
ava_test,260579,0.1203034296631813,0.9117223970983367
ava_test,479209,0.0,0.7329016763397969
ava_test,59032,0.002382902195677161,0.8701562568203562
ava_test,464941,0.2512083649635315,0.9424710579803344
ava_test,555771,0.5773413777351379,0.9229018719907001
ava_test,298162,0.26740190386772156,0.8976302131012218
ava_test,546685,0.37585392594337463,0.9433352874196491
ava_test,180857,0.5989584922790527,0.9176177807286344
ava_test,451933,0.0875895768404007,0.9041328411043597
ava_test,472444,0.8085055351257324,0.8883220034363687
ava_test,110368,0.6222901940345764,0.9157066882593945
ava_test,572774,0.06395714730024338,0.9047816524480022
ava_test,169135,0.5458263158798218,0.9066602902810939
ava_test,55127,0.09305795282125473,0.9144590295842395
ava_test,192770,0.20876994729042053,0.9015469469710173
ava_test,423551,0.1949671059846878,0.8912437872163048
ava_test,333663,0.17171220481395721,0.9084900040767628
ava_test,12106,0.093970887362957,0.9183726475159256
ava_test,127082,0.44490280747413635,0.9220820856122388
ava_test,244532,0.5968687534332275,0.9422220979141932
ava_test,339931,0.5856580138206482,0.9026553287828896
ava_test,162971,0.19313839077949524,0.8918177658463029
ava_test,15665,0.5925044417381287,0.8957109649277418
ava_test,51100,0.35567763447761536,0.9259839034440303
ava_test,814497,0.26225918531417847,0.9257427221342858
ava_test,300936,3.823587417602539,0.8088219854016914
ava_test,106307,0.3035547137260437,0.9158473219259963
ava_test,317456,0.3439120948314667,0.9102046680542076
ava_test,349156,0.7732670307159424,0.8926061760225528
ava_test,145395,0.21213890612125397,0.9136855953348169
ava_test,418335,0.23505190014839172,0.9239576032275661
ava_test,789506,0.3351951837539673,0.9239334446365726
ava_test,12168,0.07120179384946823,0.8973056874021329
ava_test,139213,0.32318246364593506,0.9145461988640882
ava_test,306613,0.5630747675895691,0.9285691550918972
ava_test,891753,0.2579212188720703,0.8929475002346204
ava_test,558898,0.27210187911987305,0.9147810976607187
ava_test,119025,0.36216047406196594,0.9011143408079924
ava_test,131351,0.10287013649940491,0.9139722540623464
ava_test,23028,0.7410233616828918,0.9002333487144007
ava_test,743404,0.4934910833835602,0.9037531870372117
ava_test,771836,1.1836626529693604,0.8994059234158421
ava_test,456897,0.4749249517917633,0.8568502127201008
ava_test,285524,1.3553295135498047,0.8615423949733879
ava_test,763576,0.7164901494979858,0.9125683541631513
ava_test,363890,0.29020369052886963,0.9155161542629418
ava_test,828397,0.19662588834762573,0.8965851121713502
ava_test,521024,0.47901055216789246,0.8764071845343395
ava_test,836651,0.36033540964126587,0.9325373213227572
ava_test,67682,0.13692206144332886,0.9092993188871294
ava_test,22017,0.38579681515693665,0.910642074928349
ava_test,322543,0.6953473687171936,0.9101041946014822
ava_test,951150,0.8767614364624023,0.9002657389956211
ava_test,1512,0.4352850019931793,0.8938162943771235
ava_test,704375,0.5891621708869934,0.913012958778937
ava_test,186925,0.08440391719341278,0.9039782096931076
ava_test,200202,0.8478176593780518,0.8691207299229617
ava_test,703886,0.8688048720359802,0.8745249948573854
ava_test,49133,0.538203239440918,0.8772482102942577
ava_test,105473,0.3197080194950104,0.9263125734012531
ava_test,21910,0.6466124057769775,0.9308437736318073
ava_test,96251,0.5603737831115723,0.8539036811584194
ava_test,284865,0.0972813293337822,0.8964174717982379
ava_test,56748,1.0282241106033325,0.7813367515067073
ava_test,17414,1.2658331394195557,0.8450990917147659
ava_test,324045,0.10907027870416641,0.9131907863453181
ava_test,373654,0.2519511282444,0.9025681054938837
ava_test,635673,0.5062289237976074,0.9104236742185049
ava_test,139960,0.32529664039611816,0.9081546984213867
ava_test,792674,0.04076014459133148,0.90370513367793
ava_test,391513,0.5542923212051392,0.9233561467655858
ava_test,811865,0.06429212540388107,0.894706638787254
ava_test,313062,1.234167456626892,0.8800910637561797
ava_test,687736,0.18991076946258545,0.9042429612272229
ava_test,5920,0.12406767159700394,0.9186515743368231
ava_test,131716,0.1286923885345459,0.8968307463067969
ava_test,352512,0.9756025075912476,0.8867272389292629
ava_test,679522,0.16972078382968903,0.9199463259610294
ava_test,322685,0.18990778923034668,0.9108998078553457
ava_test,262027,0.7081757187843323,0.8860608070609087
ava_test,678249,0.1836453527212143,0.8927281256784119
ava_test,939445,0.31316715478897095,0.9087267714212267
ava_test,878618,0.08961842209100723,0.9195017594248106
ava_test,757144,0.09509637206792831,0.9166695758113932
ava_test,823852,0.3175339698791504,0.8971805854111753
ava_test,896927,0.28341469168663025,0.9043547860574093
ava_test,443649,0.06749152392148972,0.9078394459149286
ava_test,940369,0.3516295254230499,0.9028616395305875
ava_test,724165,0.12286432087421417,0.8992591085978623
ava_test,78683,0.14708200097084045,0.9215881185608021
ava_test,489188,3.3573484420776367,0.9019329515713369
ava_test,202209,0.20596039295196533,0.9250715802304808
ava_test,316190,0.25848332047462463,0.9293032447848051
ava_test,845031,0.1590825617313385,0.8955000670553049
ava_test,335481,0.984180212020874,0.8999123006153525
ava_test,471338,1.367093801498413,0.9164775754191773
ava_test,510516,0.3455863296985626,0.9314841303108229
ava_test,802630,0.585577130317688,0.8797702183148137
ava_test,479454,0.08266957104206085,0.9013898210517317
ava_test,243153,1.696344256401062,0.8992815069899437
ava_test,20450,0.368634968996048,0.8938929784454462
ava_test,934873,0.39871713519096375,0.9006897132348954
ava_test,919956,0.7862930297851562,0.906024325241927
ava_test,247831,0.8761690855026245,0.8324521027163256
ava_test,586833,0.06362415850162506,0.9144846931082191
ava_test,831098,0.42765456438064575,0.8900373190719644
ava_test,937917,0.5181016325950623,0.8982558224602792
ava_test,648744,0.14257098734378815,0.93988536197829
ava_test,79156,0.4351455569267273,0.8925319589510671
ava_test,492880,0.3257938325405121,0.9178723450241217
ava_test,11189,1.0404484272003174,0.9248061048159052
ava_test,344373,0.7282096147537231,0.9467786675331535
ava_test,809771,0.33738479018211365,0.9177296360662948
ava_test,57792,1.374565839767456,0.9176750795171212
ava_test,719231,1.2576441764831543,0.9153237583811055
ava_test,258031,0.6652829051017761,0.9135675621882459
ava_test,281641,0.8308315873146057,0.9160242484088901
ava_test,757455,0.2332526445388794,0.94081270991713
ava_test,923049,1.0055627822875977,0.8876851106539284
ava_test,597164,2.25124192237854,0.8109317784875112
ava_test,626462,0.4062618911266327,0.9160675840737404
ava_test,157360,0.6513323187828064,0.8912706959833225
ava_test,5015,0.2419639676809311,0.9039563819635272
ava_test,806512,0.3959084451198578,0.8985400577017107
ava_test,950436,0.8820212483406067,0.8885908834050683
ava_test,276012,0.7214227318763733,0.8954003332096659
ava_test,636146,0.6388801336288452,0.9097651143698199
ava_test,121361,0.5627818703651428,0.917136022765299
ava_test,572647,0.8411188125610352,0.886762068872962
ava_test,790654,1.2432576417922974,0.8685614717265179
ava_test,409,0.7079246044158936,0.9036926794326415
ava_test,643626,0.6333485841751099,0.9173467421538759
ava_test,577,0.03498193621635437,0.9040197149383509
ava_test,572476,0.064846470952034,0.8967934099396042
ava_test,189462,0.5257863402366638,0.9139070845116845
ava_test,832849,0.17700226604938507,0.9319165194048745
ava_test,364801,0.3187192380428314,0.9409394795138583
ava_test,578674,0.4572411775588989,0.9150745548588173
ava_test,337977,0.48827698826789856,0.8931277373074535
ava_test,957640,0.4358018934726715,0.9216392119477339
ava_test,861086,0.21908602118492126,0.8794917708476715
ava_test,380059,0.8123451471328735,0.8712497883010745
ava_test,611452,0.4875214397907257,0.8907749040178897
ava_test,362524,0.2616467773914337,0.9215421712141725
ava_test,165516,0.37431877851486206,0.9360928039204998
ava_test,346147,1.3335680961608887,0.8852050607915837
ava_test,96556,0.16400788724422455,0.9263152361892883
ava_test,471325,1.0825968980789185,0.8691911301843253
ava_test,859432,0.16356293857097626,0.9110074391224963
ava_test,433199,0.1905527114868164,0.9308011832597683
ava_test,724797,0.5638930797576904,0.8885109044772979
ava_test,916397,0.3200608193874359,0.926248593362927
ava_test,618697,0.12286316603422165,0.9169585324268937
ava_test,709323,0.15908993780612946,0.9204663266824935
ava_test,483128,0.7388973832130432,0.8821601798516877
ava_test,136701,0.17031337320804596,0.9188558440900765
ava_test,4282,1.1043978929519653,0.8723890555095888
ava_test,668288,0.14775432646274567,0.9280169111054015
ava_test,717194,0.40349873900413513,0.9299628423158329
ava_test,24003,0.4876156151294708,0.915553751831006
ava_test,276460,0.1500183343887329,0.916996551341192
ava_test,234965,0.5573150515556335,0.917702830563429
ava_test,350300,0.6107035875320435,0.9083146688711716
ava_test,786039,0.6481255888938904,0.8958020684704274
ava_test,758099,0.07231760025024414,0.9048388882852857
ava_test,45374,1.2438236474990845,0.8446606089394422
ava_test,578656,0.2664368748664856,0.8759727167151756
ava_test,418252,0.25929704308509827,0.9099694020603242
ava_test,682335,0.7159088850021362,0.9034820333201609
ava_test,536231,0.6790117025375366,0.9126696601866617
ava_test,163505,0.25569388270378113,0.8592339903817439
ava_test,294589,0.8066743612289429,0.9024155095631834
ava_test,803641,0.12540024518966675,0.9145934797910026
ava_test,930240,0.2721100151538849,0.9126208579233206
ava_test,375435,0.4273023009300232,0.89533919629552
ava_test,942632,0.39291325211524963,0.8992665157933687
ava_test,76259,0.11490389704704285,0.9059240088145274
ava_test,285948,0.2814335823059082,0.9120108868739913
ava_test,501378,0.6414272785186768,0.8568508615893556
ava_test,739762,0.3268792927265167,0.9213986448580234
ava_test,916419,0.3209371268749237,0.9125881576896193
ava_test,910467,0.4612197279930115,0.8844471651545075
ava_test,414223,0.8625901937484741,0.8988049019464709
ava_test,693247,0.2284700572490692,0.9433550594959521
ava_test,253578,0.32930368185043335,0.9244189204521068
ava_test,804840,0.1931247115135193,0.9318923318137163
ava_test,195674,0.1657232940196991,0.9169407434345204
ava_test,743958,0.1438785344362259,0.8960350644585556
ava_test,99795,0.5556171536445618,0.8992888964701079
ava_test,942509,0.38859397172927856,0.9182722180777383
ava_test,346845,0.12222659587860107,0.9103685211881392
ava_test,813169,0.528435468673706,0.9167261558446573
ava_test,28283,0.9833124279975891,0.9132098888458039
ava_test,699355,0.13883595168590546,0.9151810656273195
ava_test,944562,0.5456392765045166,0.8983899737318636
ava_test,761735,0.10915251076221466,0.8971232896568314
ava_test,248393,0.15714982151985168,0.9187301635054662
ava_test,449980,0.4797462522983551,0.9087801386915246
ava_test,94886,0.36302363872528076,0.9166334727923495
ava_test,936004,0.6043828725814819,0.9027558664279784
ava_test,257179,0.47607460618019104,0.9153169333742771
ava_test,321556,0.044715218245983124,0.8991626828230422
ava_test,554271,0.3963613510131836,0.8883418425320477
ava_test,73479,0.25590938329696655,0.9218135132177563
ava_test,71829,0.6800768375396729,0.9209527211310577
ava_test,472549,1.4786651134490967,0.8822560958865565
ava_test,777475,0.8145029544830322,0.9044338081139576
ava_test,667837,0.6203513145446777,0.9041782350427595
ava_test,716400,1.0300019979476929,0.8772490914955845
ava_test,19940,0.1626817137002945,0.7329016765176107
ava_test,275667,0.3999243974685669,0.9193388672354916
ava_test,862185,1.6940741539001465,0.9099031802915151
ava_test,215033,0.2221740037202835,0.9322266715545527
ava_test,207650,0.05413473770022392,0.8635230216660662
ava_test,464252,0.49795740842819214,0.9071084956762161
ava_test,30634,0.35428401827812195,0.9223690208846717
ava_test,115469,0.37715330719947815,0.9119537490957959
ava_test,9482,0.28035932779312134,0.8822365263254441
ava_test,902909,0.07565753161907196,0.9007616414283568
ava_test,640287,0.20706570148468018,0.9164146494554747
ava_test,5692,0.2457563579082489,0.899669416328211
ava_test,141519,0.475111722946167,0.928648162682489
ava_test,350892,2.2630414962768555,0.879076926331357
ava_test,401017,0.7963466644287109,0.8824235710366796
ava_test,260329,1.3933526277542114,0.8547057002088427
ava_test,86956,0.0466008186340332,0.9115953710007063
ava_test,810355,0.3356763422489166,0.930527445723189
ava_test,445316,0.13834817707538605,0.85430462335202
ava_test,865456,0.41601595282554626,0.8698495485772202
ava_test,90001,0.31405308842658997,0.9020253998310578
ava_test,10050,0.6357060670852661,0.904689899977745
ava_test,533988,0.4722580015659332,0.9044431811799769
ava_test,946872,0.19451047480106354,0.9262896604679228
ava_test,793099,0.6929880380630493,0.8586248699656494
ava_test,72399,0.2192806899547577,0.9264827927355139
ava_test,483770,0.1267092525959015,0.9149181140425423
ava_test,225590,0.7383324503898621,0.9048198188497809
ava_test,490348,0.5746877193450928,0.8931037308857539
ava_test,416886,0.07534293085336685,0.9121542289482324
ava_test,367210,0.28069543838500977,0.8854878351887361
ava_test,17561,0.47361788153648376,0.9022651936259289
ava_test,19017,0.6617289781570435,0.9269390670742248
ava_test,745348,0.3352805972099304,0.8994688423003887
ava_test,745568,0.33915480971336365,0.899661904479829
ava_test,872994,0.4976787865161896,0.9296255413232775
ava_test,153257,0.31275707483291626,0.897641815478829
ava_test,171919,0.037397563457489014,0.8949811723600518
ava_test,476010,0.05441117286682129,0.8662561155999087
ava_test,779671,0.11719144135713577,0.9135872861207536
ava_test,164794,0.20448215305805206,0.9190041589940297
ava_test,735965,0.07251381129026413,0.9185059674153242
ava_test,366822,0.040326379239559174,0.8220353817616398
ava_test,499112,0.14081422984600067,0.9203007691640491
ava_test,840080,0.7532868981361389,0.8957404643371786
ava_test,851087,0.22109757363796234,0.9026006640958062
ava_test,212868,0.29401665925979614,0.8993745898131368
ava_test,106707,0.7442528009414673,0.931796938624469
ava_test,15360,0.38746869564056396,0.9175462324835657
ava_test,461458,0.05208355560898781,0.9067743412914623
ava_test,215201,0.6432148218154907,0.9199655105241368
ava_test,164250,0.02879190817475319,0.8975342596475764
ava_test,244895,2.4329833984375,0.832402070487318
ava_test,769770,0.32042258977890015,0.9142132151556159
ava_test,358144,0.9810869097709656,0.8841563029134627
ava_test,168318,0.7097485065460205,0.894040363846021
ava_test,113600,0.043096259236335754,0.8900521461003814
ava_test,537781,0.9431923627853394,0.853858397600524
ava_test,670917,0.06467755883932114,0.9295910589076591
ava_test,16288,0.563929557800293,0.8815571575016338
ava_test,905086,0.11661414057016373,0.9261104083632768
ava_test,6159,2.080160140991211,0.8845017333583431
ava_test,7876,0.4274961054325104,0.9604583753912672
ava_test,63732,1.4323517084121704,0.8922278227397215
ava_test,492194,1.1893571615219116,0.8496940384574034
ava_test,720015,0.8032646775245667,0.8909523420602747
ava_test,14699,0.15438567101955414,0.8725771448853861
ava_test,18838,0.6023886203765869,0.8629894705029202
ava_test,5800,0.3651041090488434,0.9357841808815919
ava_test,853595,0.17298981547355652,0.9136025815081072
ava_test,624789,0.12713001668453217,0.8854478562845298
ava_test,32801,0.009850775822997093,0.8812483389885513
ava_test,244085,0.2554103136062622,0.8844044556776824
ava_test,570094,0.7949985861778259,0.8845819723924779
ava_test,822283,0.12159506976604462,0.913070035841027
ava_test,78407,0.14019496738910675,0.9076228836766181
ava_test,55683,0.44104576110839844,0.933703995540049
ava_test,381559,0.07281341403722763,0.9134409372003875
ava_test,761509,0.447496235370636,0.9307127415329355
ava_test,405948,0.9728768467903137,0.9438907916329518
ava_test,471322,0.36957162618637085,0.8792022354044444
ava_test,308533,0.1310584545135498,0.9188020420297923
ava_test,426503,0.5620858073234558,0.8865109646908692
ava_test,682030,0.11328276246786118,0.920783992769732
ava_test,314875,0.30776891112327576,0.9212645148247398
ava_test,154043,0.03622140362858772,0.8991215046978757
ava_test,321328,0.03359097242355347,0.8978617708891903
ava_test,239819,0.401512086391449,0.9275044926930387
ava_test,780006,0.09854093194007874,0.9114607943156724
ava_test,822972,0.051889531314373016,0.8886154174745526
ava_test,564487,0.24246768653392792,0.9317098759341321
ava_test,178271,0.11898087710142136,0.9234147904599102
ava_test,69753,0.48615115880966187,0.9199021238409534
ava_test,139276,0.5917263627052307,0.9332288158554775
ava_test,1615,0.17116230726242065,0.9084680436283177
ava_test,108643,24.642759323120117,0.7310992532078299
ava_test,489306,0.2678201496601105,0.9026491101623327
ava_test,676127,0.5756548047065735,0.902237157591614
ava_test,483825,0.3893755078315735,0.8971828242280638
ava_test,847118,0.08469314128160477,0.871180953974536
ava_test,492697,0.379793643951416,0.9174576464425217
ava_test,704105,0.3137296140193939,0.9325996535166104
ava_test,3389,0.46965962648391724,0.9367392702215478
ava_test,207149,0.9023748636245728,0.8704729948447445
ava_test,387540,0.12316146492958069,0.8587689514118035
ava_test,18732,0.11741472780704498,0.9199982087624242
ava_test,920361,0.4140412211418152,0.8878393134685799
ava_test,914231,0.4285326898097992,0.8950256192062441
ava_test,5516,0.5866836905479431,0.8779478911905675
ava_test,351032,0.9481569528579712,0.8924804930618553
ava_test,42866,0.047774385660886765,0.9006857953231333
ava_test,164345,0.42101457715034485,0.9024421279339597
ava_test,228067,0.9532968997955322,0.884565908968056
ava_test,161142,1.3226596117019653,0.9250051821272842
ava_test,48889,0.9982826709747314,0.885924535398497
ava_test,313606,0.5767831802368164,0.9213149963349829
ava_test,651121,0.1831512749195099,0.9228050439533129
ava_test,115789,0.7342823147773743,0.9140945311093457
ava_test,412217,0.03547682240605354,0.9006865087579016
ava_test,92915,0.03216266632080078,0.8970125733933134
ava_test,275025,0.47606995701789856,0.8861595031360894
ava_test,45060,1.4461827278137207,0.8630459100668069
ava_test,473579,1.9357527494430542,0.8381270310713881
ava_test,551276,0.19720451533794403,0.9069638141496857
ava_test,941455,0.7488837242126465,0.8779268245630744
ava_test,18860,0.7237845063209534,0.8793856410120794
ava_test,66498,0.5128480792045593,0.8816212920928904
ava_test,516653,0.3403172492980957,0.9137988739323758
ava_test,446425,0.602756142616272,0.8886715935488418
ava_test,173399,0.04699070006608963,0.8867908258199274
ava_test,582425,0.5694665908813477,0.9092404871963643
ava_test,251562,1.361504316329956,0.8792651083509984
ava_test,371300,0.20361068844795227,0.9269326429515702
ava_test,875985,0.05346088483929634,0.9110474643711561
ava_test,10795,0.5584754347801208,0.8793020874037125
ava_test,869212,0.03414830565452576,0.8891928464865269
ava_test,901489,0.054711878299713135,0.9127072585923579
ava_test,460799,0.9698781967163086,0.8976141114821902
ava_test,83732,0.832477331161499,0.9392744294934439
ava_test,498329,0.01974921114742756,0.8917935746174717
ava_test,121227,0.2667607367038727,0.9172695141639252
ava_test,3655,1.0522501468658447,0.8713674740939391
ava_test,856969,0.8479318022727966,0.8904561854583257
ava_test,260013,0.5271851420402527,0.9002380744261347
ava_test,295189,1.3191895484924316,0.8680093859078685
ava_test,237288,0.8658593893051147,0.8873004310408198
ava_test,720290,0.09994156658649445,0.9075433195203074
ava_test,224588,0.19105173647403717,0.9231799954009726
ava_test,492585,0.7408691644668579,0.8886773415183105
ava_test,957256,0.05195983126759529,0.8874722019958663
ava_test,861399,0.39449477195739746,0.9348809454774224
ava_test,216104,0.2983320355415344,0.9223662217291433
ava_test,63959,1.4154300689697266,0.8883829220927986
ava_test,394099,0.5993709564208984,0.8879409821895292
ava_test,754846,1.1727489233016968,0.9015267583539383
ava_test,54576,0.14949092268943787,0.8859614358316088
ava_test,744290,0.6545884013175964,0.911016917619947
ava_test,394254,0.03348229080438614,0.9026226267430176
ava_test,763802,1.2798177003860474,0.8879721090113766
ava_test,25192,0.6615936160087585,0.9045810859573846
ava_test,349476,0.5012102127075195,0.9395787125460718
ava_test,386685,0.36958572268486023,0.9244250556344507
ava_test,885820,0.2721730172634125,0.9136213435048643
ava_test,912640,0.2732704281806946,0.9058436159444458
ava_test,37224,0.5323640704154968,0.8873262354092484
ava_test,757665,0.382172554731369,0.9043759014641549
ava_test,86517,0.6421587467193604,0.9067819485058658
ava_test,456366,0.2212042659521103,0.9257964022582054
ava_test,801820,0.3646194338798523,0.9307299548036952
ava_test,441219,0.21555103361606598,0.9126977501707294
ava_test,416737,0.2708500921726227,0.9243318926347563
ava_test,368888,0.09182778000831604,0.9154149913318992
ava_test,739841,0.6036198139190674,0.8997101408187919
ava_test,392473,1.52909517288208,0.9133002037472729
ava_test,227013,2.2290470600128174,0.8769528431376026
ava_test,140492,0.497200071811676,0.8997311937615391
ava_test,488900,0.2747659683227539,0.9179244525616844
ava_test,926810,0.578443706035614,0.9025405174247672
ava_test,750835,0.43793338537216187,0.9086144051331838
ava_test,830000,1.6024141311645508,0.8433468168772756
ava_test,215123,0.31577855348587036,0.9272648608397193
ava_test,29019,0.23243939876556396,0.9063454127748205
ava_test,85869,0.21019577980041504,0.910929493576647
ava_test,912790,1.4280253648757935,0.889396266729112
ava_test,165631,0.06352396309375763,0.8973156103401808
ava_test,954178,0.3578649163246155,0.930673585996674
ava_test,496046,0.10636726021766663,0.8955311399729998
ava_test,760173,2.6661155223846436,0.8168178185388997
ava_test,348000,0.11516676098108292,0.9154956517646043
ava_test,689702,0.23152115941047668,0.9065279920425424
ava_test,199781,0.09433351457118988,0.9196912430361706
ava_test,475042,0.08895773440599442,0.8913536754504504
ava_test,276525,0.3087012767791748,0.915782331126997
ava_test,89696,0.31716659665107727,0.8933627183247974
ava_test,662120,0.2931179404258728,0.9223318688042947
ava_test,37658,0.1765509843826294,0.904217500651915
ava_test,729060,0.057177118957042694,0.8995897804672706
ava_test,343513,0.2587926685810089,0.9251168671295416
ava_test,204139,0.18907950818538666,0.8954578686309137
ava_test,118074,0.7521266937255859,0.8934212173228976
ava_test,225239,0.2767363488674164,0.913468000833275
ava_test,846094,0.03886905312538147,0.9023758593132418
ava_test,378167,12.257179260253906,0.8133253303962731
ava_test,664159,0.21166129410266876,0.9193987975076936
ava_test,384131,0.25567254424095154,0.9058878581694169
ava_test,298103,0.1428537517786026,0.9218867268654732
ava_test,809489,0.6176685094833374,0.9190698414115942
ava_test,26151,0.6690140962600708,0.8783490291629199
ava_test,799989,0.3467382490634918,0.9243102869764435
ava_test,736694,0.2804565727710724,0.9301959371288805
ava_test,646054,0.20544102787971497,0.9091215313768853
ava_test,916303,0.3334865868091583,0.9077071960307782
ava_test,300457,0.10071245580911636,0.9084796299920045
ava_test,290065,0.4566170871257782,0.8818899713101352
ava_test,570979,0.5867984890937805,0.9203549209790157
ava_test,805520,0.08544197678565979,0.9077931926159961
ava_test,498595,1.1671967506408691,0.8868441012868619
ava_test,52238,0.16878041625022888,0.9295045107792967
ava_test,66100,0.6709682941436768,0.8344929842791899
ava_test,356605,2.798293352127075,0.852711056134738
ava_test,559120,0.4830079972743988,0.8869029193600467
ava_test,263468,0.5079631209373474,0.9114621694271215
ava_test,376,0.8923165798187256,0.8813148042159161
ava_test,40697,0.3818918764591217,0.9201494276023819
ava_test,851402,0.4674413800239563,0.9177989707910154
ava_test,780405,0.15765494108200073,0.8975269338926292
ava_test,734254,0.021059919148683548,0.8807644997596545
ava_test,120168,0.32824018597602844,0.885713524230914
ava_test,588574,0.14247813820838928,0.9332859164228586
ava_test,347813,0.16268174350261688,0.7724477035807992
ava_test,2030,0.09946006536483765,0.9030828580557888
ava_test,589702,0.4740335941314697,0.8803993653349329
ava_test,56276,0.34461739659309387,0.9315309813452793
ava_test,899032,0.20780834555625916,0.894600063103333
ava_test,17719,0.6666108965873718,0.9231964235628999
ava_test,764364,0.02118474803864956,0.8954356692014813
ava_test,393975,0.3438085913658142,0.9381655408689994
ava_test,570631,0.06861848384141922,0.8674667906466462
ava_test,853983,0.20225423574447632,0.9207373799941808
ava_test,654032,0.31033360958099365,0.9363067541034267
ava_test,74381,1.7238329648971558,0.9006100533779117
ava_test,938835,0.4798520505428314,0.9124667195752789
ava_test,488302,0.557874321937561,0.9070361802108351
ava_test,917309,0.19516721367835999,0.9195538540068892
ava_test,728972,0.5356420874595642,0.8747287148357816
ava_test,483984,0.25945404171943665,0.9400195245045493
ava_test,118240,0.2920381724834442,0.9307545162891859
ava_test,430323,0.1942850947380066,0.9098284923751588
ava_test,243148,1.6061331033706665,0.8635830575102931
ava_test,651952,0.3301130533218384,0.9239538719875994
ava_test,53744,0.5409279465675354,0.9016031029599859
ava_test,826631,0.17658647894859314,0.9248993761437988
ava_test,894592,0.02107381448149681,0.8917924831892569
ava_test,22248,1.4446511268615723,0.849661499905818
ava_test,18574,0.3331137001514435,0.9313904449448055
ava_test,108981,0.7250589728355408,0.9095109885515451
ava_test,387530,0.5364007949829102,0.9380244895101532
ava_test,943210,0.23186510801315308,0.9311980056361696
ava_test,793707,0.3066506087779999,0.8976030053173749
ava_test,90415,0.4871678352355957,0.9477446709265821
ava_test,337067,0.3194633722305298,0.897571730450535
ava_test,82138,1.1821708679199219,0.8097986479599482
ava_test,342837,0.5452033281326294,0.8886805315239243
ava_test,208405,0.0,0.0
ava_test,645487,0.349861204624176,0.9030862954883062
ava_test,401728,0.09226194769144058,0.8847181244134965
ava_test,767050,0.6622974872589111,0.8944998389390814
ava_test,590908,0.6560213565826416,0.9194513817373097
ava_test,3448,0.201994851231575,0.9183869483403279
ava_test,844962,0.38107043504714966,0.8880366341427333
ava_test,62152,0.985194981098175,0.8930087515729974
ava_test,63630,0.1825857162475586,0.9245124094267708
ava_test,726131,0.1648697853088379,0.9012661676776519
ava_test,891629,0.390067994594574,0.8834615609152763
ava_test,796993,0.08971706032752991,0.9299230328803847
ava_test,191964,0.18211273849010468,0.9203535566732901
ava_test,67738,0.32065844535827637,0.9261177287399843
ava_test,60325,0.5539412498474121,0.9207729552697895
ava_test,719485,0.9641413688659668,0.9172268750514704
ava_test,295709,0.994356095790863,0.8995278861459632
ava_test,927745,1.3138384819030762,0.8450061851900362
ava_test,814908,0.935780942440033,0.9034309409843081
ava_test,270638,0.3172735273838043,0.9268940481338164
ava_test,156784,0.24627262353897095,0.9136154850600935
ava_test,242369,0.5983121395111084,0.9295722335468354
ava_test,238889,0.6936732530593872,0.8933663917095023
ava_test,96408,0.27488845586776733,0.9285292449024292
ava_test,674702,0.9921419024467468,0.8622447780318647
ava_test,536677,0.7232503890991211,0.9016562392137297
ava_test,817541,0.7281863689422607,0.8545505259243158
ava_test,617293,0.8149868249893188,0.9184654123759783
ava_test,851736,0.3981017470359802,0.9155994003132012
ava_test,800507,0.05315779894590378,0.9034011746432498
ava_test,377188,0.9705008268356323,0.9091118133006288
ava_test,560044,0.33331671357154846,0.8888969230233955
ava_test,681238,0.15468111634254456,0.9072773511147597
ava_test,588679,0.39126870036125183,0.8694848209348048
ava_test,930653,0.1444420963525772,0.9139612416360089
ava_test,186987,81.0436782836914,0.6866617192324762
ava_test,732508,0.815919816493988,0.8773522316637731
ava_test,444880,0.0,0.0
ava_test,259737,0.9338718056678772,0.9104046458697425
ava_test,270887,0.20138230919837952,0.8978530425737102
ava_test,787657,0.3624327480792999,0.8919353770804793
ava_test,400755,0.6073046922683716,0.917796829006375
ava_test,514348,0.2555500268936157,0.9058647457337656
ava_test,880317,0.34009483456611633,0.8980948183457164
ava_test,979,0.35479193925857544,0.9126713222072252
ava_test,545042,0.17104487121105194,0.9042531547725082
ava_test,67250,0.16048327088356018,0.8743011377671532
ava_test,841679,0.4996897578239441,0.9229550271778395
ava_test,394347,0.9289954900741577,0.9189621729490813
ava_test,42308,0.5125703811645508,0.9363927824062352
ava_test,786027,0.3940792381763458,0.920870324361201
ava_test,207532,0.8830040097236633,0.9147048583268816
ava_test,64663,0.017176901921629906,0.8353679420169444
ava_test,167061,0.18828319013118744,0.895692231393675
ava_test,187922,0.1257721334695816,0.899309484929943
ava_test,504194,0.5454959273338318,0.9088635772932794
ava_test,705404,0.8036344647407532,0.8948367481843743
ava_test,438545,0.16844451427459717,0.8917405305845263
ava_test,155106,0.12066906690597534,0.9225138451641266
ava_test,448871,0.3717220425605774,0.929231180252808
ava_test,355177,1.0598952770233154,0.8903365749943616
ava_test,177261,0.5213552117347717,0.9330469118350939
ava_test,837101,0.6206132173538208,0.8937965264030632
ava_test,118866,0.3076055943965912,0.8910301679941512
ava_test,944429,0.35036545991897583,0.933572129054985
ava_test,50622,0.45257341861724854,0.8989376998687146
ava_test,867269,0.6570181250572205,0.9309331063325629
ava_test,264453,1.7130248546600342,0.8838976219550244
ava_test,450482,0.25295040011405945,0.9025934936478659
ava_test,276129,0.8330262899398804,0.8953260890476256
ava_test,877059,0.14442755281925201,0.8841033551747266
ava_test,343980,0.2397555410861969,0.9092134205777612
ava_test,362530,0.574822723865509,0.8990197149818957
ava_test,552273,0.9654203653335571,0.891556796635258
ava_test,956317,0.21769843995571136,0.8974956983804333
ava_test,222140,0.26052334904670715,0.9135863169891321
ava_test,31838,0.012869362719357014,0.8831771282981506
ava_test,370127,1.2229357957839966,0.8790002281432424
ava_test,538091,0.5046856999397278,0.9154745020449002
ava_test,243815,0.6878768801689148,0.9289324643195166
ava_test,728274,0.3819985091686249,0.9035516039590039
ava_test,31113,0.24227888882160187,0.899692197171138
ava_test,83474,0.2989232540130615,0.921968922812281
ava_test,913680,0.4983190894126892,0.903938380494895
ava_test,901688,0.34893396496772766,0.8961612453944418
ava_test,450770,0.7256081104278564,0.8868949221961615
ava_test,889428,0.4095185697078705,0.9084769181361947
ava_test,711361,0.47525206208229065,0.8971905893083912
ava_test,690703,0.16375061869621277,0.9150924924213708
ava_test,119416,1.482745885848999,0.8958257835138328
ava_test,922220,0.6396865248680115,0.88952663077516
ava_test,691379,0.09446389228105545,0.9093813544855127
ava_test,593892,0.5457708835601807,0.8999133951956642
ava_test,19541,0.042798902839422226,0.9006792045100466
ava_test,788458,0.07975170016288757,0.9073048641193711
ava_test,633288,0.5862937569618225,0.9275553895303241
ava_test,268208,0.15093964338302612,0.8973562106646503
ava_test,186942,0.3520982563495636,0.9030106289181078
ava_test,115319,0.8386443257331848,0.9199946910007025
ava_test,844052,0.6029213666915894,0.9252690445288962
ava_test,279427,0.2280247062444687,0.8866262369822935
ava_test,496781,0.2998265326023102,0.9218374254479195
ava_test,19851,0.08059150725603104,0.92450161712222
ava_test,52122,0.07227002829313278,0.9037836498767067
ava_test,9485,0.15981042385101318,0.8971486908867619
ava_test,619223,0.15113618969917297,0.9051001702370828
ava_test,814273,0.664219081401825,0.9028702121902944
ava_test,627914,0.14289814233779907,0.9048241837633091
ava_test,118272,0.9957829117774963,0.8842683598610495
ava_test,84910,1.1612204313278198,0.9031198652006535
ava_test,188587,0.042836472392082214,0.8976831140370946
ava_test,515573,0.05910763517022133,0.9099861139452147
ava_test,444731,0.13800360262393951,0.9269617970829562
ava_test,16641,0.15359951555728912,0.9390021274140272
ava_test,190137,0.643153190612793,0.8966089920093884
ava_test,14996,0.24665828049182892,0.9228579249214511
ava_test,192638,0.5978488922119141,0.919241552556721
ava_test,823053,0.30209818482398987,0.9343745844654738
ava_test,941448,0.2477436065673828,0.8854166974850547
ava_test,130370,0.4884188771247864,0.8990498600089627
ava_test,674750,0.3757578730583191,0.9199376790072259
ava_test,10017,1.132495403289795,0.890804259161561
ava_test,17804,0.31147390604019165,0.9053849754139012
ava_test,38765,0.3011643588542938,0.9282320655893767
ava_test,624698,0.6065221428871155,0.9188067135959385
ava_test,193137,0.9055961966514587,0.896379031435689
ava_test,78399,0.2854628562927246,0.9061685891452768
ava_test,738159,1.9751529693603516,0.8751383919437468
ava_test,348340,0.23746570944786072,0.9136124749791219
ava_test,830824,0.1872038096189499,0.9198717562127268
ava_test,848151,0.4153144061565399,0.9107933934206088
ava_test,62598,1.3275474309921265,0.8997866460980715
ava_test,136230,0.2395588457584381,0.9123288034019889
ava_test,338143,0.23827216029167175,0.9122560301820629
ava_test,30769,0.7616344094276428,0.8992715935660895
ava_test,25896,0.2823275327682495,0.9259881892250255
ava_test,3331,0.49783915281295776,0.874765432154265
ava_test,645594,0.1728242039680481,0.885634339923834
ava_test,158923,0.101005420088768,0.9064768562372133
ava_test,248255,0.6896687746047974,0.8796650570799316
ava_test,944115,0.021049119532108307,0.8977251457856286
ava_test,836954,0.15785516798496246,0.9060088669322663
ava_test,856393,0.10190803557634354,0.9145064241886876
ava_test,456823,0.7603885531425476,0.8876676294768565
ava_test,51761,0.2698808014392853,0.8988433012585897
ava_test,396054,0.04042910039424896,0.9040348111586247
ava_test,696833,0.45535293221473694,0.9233721722612537
ava_test,844742,0.1947980523109436,0.9213134335296457
ava_test,695624,0.26081520318984985,0.9172070000484424
ava_test,264135,0.33303302526474,0.9112890445594636
ava_test,429879,0.4450260400772095,0.8962892457011306
ava_test,15505,0.6117428541183472,0.8960485194480425
ava_test,35523,0.43005111813545227,0.8829070142053776
ava_test,45328,0.07916048914194107,0.9089969218363633
ava_test,711512,0.16811372339725494,0.9164242993777029
ava_test,142208,1.0522419214248657,0.8680867960787431
ava_test,1004,0.19872447848320007,0.9160838746681653
ava_test,157873,0.5127556920051575,0.9218572259649861
ava_test,340206,0.3259001672267914,0.9075358826822806
ava_test,783164,0.36069390177726746,0.9187934684272329
ava_test,132501,0.4191446900367737,0.9416786229862383
ava_test,556540,0.20897361636161804,0.9093614904358309
ava_test,13401,1.5536408424377441,0.9017043158688316
ava_test,527072,0.30134785175323486,0.9282470596827135
ava_test,401023,0.2908850908279419,0.9100025519391067
ava_test,739479,0.29418012499809265,0.9318758749186463
ava_test,6827,0.38036274909973145,0.9219490353770639
ava_test,577748,0.20884166657924652,0.9133127791218737
ava_test,460433,1.0289076566696167,0.8974569769604802
ava_test,652879,0.47884199023246765,0.9170568107688206
ava_test,7326,0.5675716996192932,0.9263182532737433
ava_test,197418,0.5295113921165466,0.9435502753959357
ava_test,863363,0.6641942858695984,0.8946799268379164
ava_test,103289,1.673993706703186,0.8438074104356494
ava_test,18968,0.8459753394126892,0.899271066305024
ava_test,802067,1.0845462083816528,0.8703764485436608
ava_test,736676,0.830101728439331,0.876199957469228
ava_test,552735,0.7558257579803467,0.9280558958642136
ava_test,724366,0.2039024531841278,0.9231777146863119
ava_test,467501,0.8720608353614807,0.9036316750421698
ava_test,664927,0.5539048910140991,0.8983774009114709
ava_test,397509,0.06358426809310913,0.8829457228725319
ava_test,741560,0.7350929379463196,0.914738159787665
ava_test,722342,0.33521997928619385,0.9098729700749051
ava_test,546871,0.32262226939201355,0.9133760450796192
ava_test,354640,0.10909369587898254,0.9150099007199654
ava_test,738538,0.1989557296037674,0.9208987598769837
ava_test,22743,0.5400902628898621,0.9034408989288062
ava_test,42909,0.6307623386383057,0.9064329587584705
ava_test,654453,0.1239544227719307,0.9137538555794115
ava_test,170570,81.0439682006836,0.7284495062726309
ava_test,76457,0.15704189240932465,0.9180834517206394
ava_test,519291,0.8770331740379333,0.9189167918748288
ava_test,669633,0.07082066684961319,0.9102086709012841
ava_test,834679,0.20165832340717316,0.9094522737592451
ava_test,357589,0.24728871881961823,0.920038949171428
ava_test,48442,0.9830852150917053,0.9355153699226741
ava_test,281192,0.20248737931251526,0.9214236528151878
ava_test,892848,0.2557598352432251,0.9009925500249784
ava_test,763133,0.4726768136024475,0.9164978415838918
ava_test,563448,0.5238308310508728,0.9098284347733764
ava_test,677666,0.8046266436576843,0.8842065323086041
ava_test,896206,0.6723583340644836,0.9339966423801417
ava_test,145779,0.11523865163326263,0.9167023853746342
ava_test,361037,0.3489410877227783,0.9047841326129625
ava_test,326116,0.31860020756721497,0.9341078033145425
ava_test,376696,0.6455078125,0.8689797846585158
ava_test,180961,0.46919721364974976,0.899160400347305
ava_test,356737,0.3957222104072571,0.8843842242910857
ava_test,356607,1.410752296447754,0.9084812213129669
ava_test,60664,0.10154157131910324,0.9063670278111882
ava_test,698514,0.3559032678604126,0.8844795627476001
ava_test,796165,0.45231711864471436,0.9272044467422494
ava_test,761657,0.382297545671463,0.897832025978099
ava_test,251690,0.6711306571960449,0.9320367256366641
ava_test,422408,1.0903834104537964,0.9017102902790901
ava_test,912650,0.3086804151535034,0.915919149203936
ava_test,153687,8.022506713867188,0.7097816977659597
ava_test,37807,0.20311316847801208,0.9095949505999102
ava_test,163107,0.6322031617164612,0.8907935235106152
ava_test,944336,0.4549773335456848,0.9139961241382587
ava_test,268891,0.19171489775180817,0.9224296681880401
ava_test,480266,0.07956860214471817,0.8840489014758794
ava_test,460235,0.9895029664039612,0.8972243221751469
ava_test,303434,0.23517294228076935,0.926286945525127
ava_test,338938,0.0,0.0
ava_test,369239,1.0472956895828247,0.9372983127694153
ava_test,464747,0.7392210960388184,0.9052384830027911
ava_test,762003,0.44801416993141174,0.9323727957291914
ava_test,469826,0.27365076541900635,0.8981848411718255
ava_test,646208,1.0822155475616455,0.9138201556406229
ava_test,400807,1.241419792175293,0.8685621141088301
ava_test,343603,0.03848767280578613,0.870232256676456
ava_test,794176,0.16809074580669403,0.9355373991008916
ava_test,141703,0.08771120756864548,0.8946484915533143
ava_test,161306,0.2665984630584717,0.9218931659448366
ava_test,45074,0.40202152729034424,0.8774505270044411
ava_test,206495,0.4345929026603699,0.92792400576783
ava_test,14619,0.5380553007125854,0.9158650937993505
ava_test,18360,0.4431626498699188,0.8892892361400421
ava_test,36627,0.09428108483552933,0.9183148851031645
ava_test,890106,0.03540252149105072,0.8813094220877609
ava_test,249139,0.057062506675720215,0.9175169681076369
ava_test,505656,0.2464657872915268,0.911763891581071
ava_test,828871,0.27612462639808655,0.9352446897449782
ava_test,34309,1.252605676651001,0.8900633150851068
ava_test,132364,1.319713830947876,0.915507314317217
ava_test,638039,0.21647056937217712,0.9231931079583752
ava_test,295794,0.1474701315164566,0.9132929575245349
ava_test,170722,0.2526628375053406,0.906366069700832
ava_test,43649,0.27693071961402893,0.883312092377231
ava_test,249203,0.14149899780750275,0.9086793917278745
ava_test,212815,0.05810056999325752,0.9155610163535437
ava_test,287565,0.8415109515190125,0.8949421768350524
ava_test,540133,0.16455058753490448,0.9314647354508433
ava_test,627257,0.26529660820961,0.9349663750817191
ava_test,419226,0.3901529908180237,0.9367459508722903
ava_test,313288,1.3126577138900757,0.8988797889473765
ava_test,208686,0.30964696407318115,0.9408401258966179
ava_test,948859,0.19737018644809723,0.8941539853896424
ava_test,415228,2.7162184715270996,0.8642868400871387
ava_test,347210,1.137117624282837,0.9073247236380799
ava_test,825923,0.4307190477848053,0.9063943481901874
ava_test,52524,0.8195708990097046,0.8884674092035058
ava_test,806864,0.7705653309822083,0.8573320665747225
ava_test,683341,0.3402564227581024,0.9070018510361779
ava_test,481899,0.7013298869132996,0.9232278307645415
ava_test,356830,0.0967116728425026,0.908551306652516
ava_test,133976,0.8533968925476074,0.8756611057181342
ava_test,744263,0.9045006036758423,0.8782960933572194
ava_test,737931,0.09870550036430359,0.918938131470955
ava_test,822154,0.1801440268754959,0.9104274511303414
ava_test,916960,0.026066003367304802,0.8973199616521341
ava_test,653731,0.1931077390909195,0.8951117402429262
ava_test,548073,0.5539642572402954,0.9054458422640512
ava_test,772255,0.9261125326156616,0.9119601952268307
ava_test,908117,0.5120015740394592,0.9460443436492658
ava_test,4475,0.6984004974365234,0.8861341206352109
ava_test,447867,0.7811964154243469,0.8870235910759322
ava_test,382950,0.07838638126850128,0.9043907208541943
ava_test,55625,0.11708730459213257,0.9232106028784618
ava_test,902388,0.2789284884929657,0.926364456109852
ava_test,355867,0.060845911502838135,0.9119956200573431
ava_test,279029,0.31736189126968384,0.924503372198941
ava_test,748681,0.15289756655693054,0.9374924193397847
ava_test,118003,0.0,0.0
ava_test,251056,0.2713726758956909,0.902337376484585
ava_test,96623,0.3106282651424408,0.931719757241488
ava_test,908917,0.05205858498811722,0.9032250551286091
ava_test,750376,0.4785712659358978,0.9246211449724959
ava_test,2600,0.8635396957397461,0.9131123724858613
ava_test,595124,0.11743855476379395,0.8994214436095013
ava_test,858021,0.3074897229671478,0.9330833365296876
ava_test,503265,0.539088249206543,0.9273967989681101
ava_test,679894,0.056882064789533615,0.9138424555396459
ava_test,475922,0.18283332884311676,0.928747072515934
ava_test,946030,0.09567882120609283,0.9052707834051186
ava_test,661723,0.17962932586669922,0.888756440938627
ava_test,743592,0.9084807634353638,0.8754887097892401
ava_test,855423,0.4917428493499756,0.9311732331779955
ava_test,776879,0.16875970363616943,0.9030594985168404
ava_test,99191,0.6395472884178162,0.9041199668968302
ava_test,829177,0.9260969758033752,0.8851441402940979
ava_test,570072,0.1707180142402649,0.9223009572275784
ava_test,13214,0.24214433133602142,0.9408178440737842
ava_test,644741,0.326906681060791,0.9195262121437967
ava_test,782420,0.04002673923969269,0.9060955603296895
ava_test,164780,0.7040926218032837,0.9033452148830972
ava_test,86497,1.2839652299880981,0.8749247114671018
ava_test,760357,0.5668195486068726,0.8962230185502927
ava_test,718032,0.46866849064826965,0.8911530187510769
ava_test,7237,0.14710602164268494,0.922674866957275
ava_test,238142,1.575636863708496,0.8499590490742233
ava_test,696673,0.026457898318767548,0.8903442297941494
ava_test,901662,0.9615233540534973,0.893085402783635
ava_test,822737,0.5018729567527771,0.9132251137823394
ava_test,920135,0.31566545367240906,0.9183901312570694
ava_test,442652,0.3497016131877899,0.9137151055655377
ava_test,509521,0.03810993954539299,0.901772529783046
ava_test,418521,0.25750115513801575,0.917234555989939
ava_test,504311,0.3426518440246582,0.9184739493119796
ava_test,528432,0.13457611203193665,0.9157022946115555
ava_test,98258,0.5995380878448486,0.8980722359397472
ava_test,71927,0.07807502895593643,0.9134636681264073
ava_test,571244,0.884925127029419,0.9083400362753167
ava_test,638209,0.3694339096546173,0.909868057844763
ava_test,491515,0.21953243017196655,0.9101377041736098
ava_test,596896,0.6798838376998901,0.9133500674203795
ava_test,124907,1.1504462957382202,0.8823799699316318
ava_test,578773,1.6380513906478882,0.917217138288782
ava_test,35795,0.380165696144104,0.8929335606934609
ava_test,873942,0.040341056883335114,0.8990472312265391
ava_test,845158,0.08119715005159378,0.9162236011732545
ava_test,163074,0.685202956199646,0.8995210655127021
ava_test,719950,0.15687182545661926,0.9125692103766148
ava_test,334108,0.1742163598537445,0.9106664705954601
ava_test,812718,0.10071959346532822,0.8970791446078779
ava_test,113628,0.10420680791139603,0.917876227021634
ava_test,51438,0.3286452293395996,0.938743095948829
ava_test,833422,0.3180830776691437,0.9320335568763699
ava_test,601147,0.6737001538276672,0.8937627975663832
ava_test,461094,0.7123156785964966,0.9074119620481403
ava_test,316337,0.6958919167518616,0.9091221447074621
ava_test,13087,0.46255648136138916,0.9175039907007159
ava_test,432077,0.031047020107507706,0.8066088152179338
ava_test,329047,0.314560204744339,0.9064924305508926
ava_test,642244,0.7237969636917114,0.9121117236244604
ava_test,105534,0.6571516394615173,0.9011941867390199
ava_test,911761,0.5949554443359375,0.8650324755392915
ava_test,796506,0.27633804082870483,0.9410405361718049
ava_test,9188,0.5460757613182068,0.9132840175345303
ava_test,121819,0.8150249719619751,0.864549264396608
ava_test,491495,0.6566024422645569,0.8896940036998994
ava_test,273295,1.8177093267440796,0.8290967943786043
ava_test,583259,0.38477426767349243,0.9250181786997443
ava_test,561144,0.8460084199905396,0.8910819978930631
ava_test,54717,0.4003567695617676,0.9295563971148071
ava_test,726426,0.1247495636343956,0.9197820591454837
ava_test,569960,0.5188239812850952,0.9157840001552011
ava_test,102740,0.9111687541007996,0.9080945318019881
ava_test,83746,0.4655846655368805,0.9097059647354746
ava_test,345927,0.221897155046463,0.9273217354472995
ava_test,816608,0.47093820571899414,0.9239930377666047
ava_test,445214,0.28416708111763,0.9141920233805289
ava_test,271086,0.3315104842185974,0.9172262136977265
ava_test,209557,0.11443508416414261,0.9299686636677873
ava_test,163097,0.3162687420845032,0.8893642581006359
ava_test,432503,0.22540804743766785,0.9307110243752496
ava_test,779098,0.4771673083305359,0.9112940461271581
ava_test,354075,0.5747321844100952,0.927415739078336
ava_test,842928,0.3243832588195801,0.9154647175107355
ava_test,666353,0.2672782838344574,0.9026907452133482
ava_test,711928,0.07630407810211182,0.8984121308045797
ava_test,825040,0.4416089653968811,0.913097820923509
ava_test,230319,0.32542818784713745,0.899188999254987
ava_test,25976,0.5806598663330078,0.9045478068259388
ava_test,285531,0.7035126686096191,0.8783138255244541
ava_test,15346,0.8542671203613281,0.8764198723189655
ava_test,52550,0.10553920269012451,0.9093503672676719
ava_test,453157,0.6697731614112854,0.9137230706685524
ava_test,784884,1.1456096172332764,0.9233147686557136
ava_test,13041,0.7842245101928711,0.9120443258591682
ava_test,60607,1.1087318658828735,0.8948984731206743
ava_test,840402,0.3280927240848541,0.9294955030643868
ava_test,720250,0.43472403287887573,0.9088244042384119
ava_test,953806,1.0080806016921997,0.8991640647679684
ava_test,862056,0.5512441992759705,0.9048413985250818
ava_test,282686,1.3257781267166138,0.8706739854499266
ava_test,896048,0.09529495239257812,0.9179851334901614
ava_test,505575,0.2875211238861084,0.8994528873198147
ava_test,527346,0.8419676423072815,0.9330817105762194
ava_test,824979,0.4722306430339813,0.8804356260364852
ava_test,827206,0.9089635610580444,0.897771064000932
ava_test,147515,0.3055935502052307,0.9014863536053197
ava_test,254109,1.3625775575637817,0.9107165119842046
ava_test,737819,0.27125078439712524,0.9032964306494488
ava_test,54208,1.2436481714248657,0.881726873039787
ava_test,232336,0.28432419896125793,0.9096231672670435
ava_test,206239,2.2896904945373535,0.8134184687495464
ava_test,446215,0.2085927128791809,0.9176890099092684
ava_test,19123,0.11282429844141006,0.8995549735490301
ava_test,17083,0.2560215890407562,0.907399132400512
ava_test,759573,0.6858787536621094,0.8816742553906535
ava_test,859345,0.3337961733341217,0.9237757953678313
ava_test,662712,0.15545548498630524,0.933819181461119
ava_test,456845,0.9660884737968445,0.9256910214639091
ava_test,552440,0.7942801117897034,0.8851257984704881
ava_test,62587,0.8946186900138855,0.9275035399526345
ava_test,723480,0.04475416988134384,0.8824940481970451
ava_test,415250,0.7788118720054626,0.9098659366791244
ava_test,912251,0.4538632035255432,0.9193549041219768
ava_test,279701,0.25427985191345215,0.9187893673193468
ava_test,877027,0.3491092622280121,0.8973586872172782
ava_test,5541,0.8217920660972595,0.886699276677463
ava_test,480526,0.6848971843719482,0.8747609031746083
ava_test,122143,0.2552390992641449,0.9344312623418101
ava_test,456992,0.2311919778585434,0.9550292008678885
ava_test,697396,0.47658979892730713,0.8824424132480665
ava_test,365297,0.7470802664756775,0.9125812769713179
ava_test,68007,0.8007845282554626,0.906737590075745
ava_test,126227,0.4988308548927307,0.8946440092871076
ava_test,1827,1.7895094156265259,0.8810116518148638
ava_test,55642,0.453466534614563,0.8920249753619612
ava_test,256760,0.8283095955848694,0.8860857688362284
ava_test,772197,0.4232981204986572,0.9107055391614687
ava_test,195501,0.10014652460813522,0.9142520410598685
ava_test,862334,0.8147298693656921,0.9061144903889884
ava_test,284620,0.7263681888580322,0.9043905338354039
ava_test,763346,0.06946088373661041,0.9067331938833668
ava_test,710712,0.35760268568992615,0.9480771097741298
ava_test,205756,0.2619068920612335,0.9273511543217443
ava_test,903690,0.5024709701538086,0.9243686397375507
ava_test,404834,0.07723868638277054,0.9208774272476768
ava_test,411792,0.031124023720622063,0.894197965671583
ava_test,11345,0.7522106170654297,0.877385648357668
ava_test,786799,0.33862048387527466,0.9291196734674512
ava_test,67805,0.3045477569103241,0.8770325416700169
ava_test,383719,1.0953729152679443,0.7735298347544451
ava_test,88580,0.1015423983335495,0.9179487968061558
ava_test,254673,0.5368061065673828,0.8676535444262441
ava_test,739165,0.2920975685119629,0.8928777268885381
ava_test,215904,0.3930957317352295,0.921267007142354
ava_test,202301,0.1599459946155548,0.914005992648901
ava_test,239809,0.7643876671791077,0.9340908652202045
ava_test,303,0.6067789793014526,0.9429777078568186
ava_test,483412,0.1338764876127243,0.9030375131826553
ava_test,292322,5.070570468902588,0.7989334304062983
ava_test,140812,0.46991249918937683,0.9008309694449889
ava_test,292314,0.008338498882949352,0.882785063064874
ava_test,778014,1.1256495714187622,0.9038017970016975
ava_test,252355,1.5451750755310059,0.8729318689427771
ava_test,4782,0.03511428087949753,0.880173555284988
ava_test,207254,1.2053309679031372,0.8996265539732268
ava_test,238777,0.5190147161483765,0.9307952842711186
ava_test,875841,0.2764679789543152,0.9043076887566395
ava_test,941636,0.112577885389328,0.8990816400373939
ava_test,604051,0.5717819929122925,0.930571236168667
ava_test,314046,0.09049549698829651,0.915483645417682
ava_test,707228,0.5731788873672485,0.9326658523810404
ava_test,931925,0.7336363196372986,0.8860188173282765
ava_test,17305,0.2988301217556,0.9356624442590777
ava_test,457378,0.47750306129455566,0.9123408555681758
ava_test,609687,0.05203013867139816,0.9028539025293323
ava_test,291436,1.7756909132003784,0.8212368639727943
ava_test,858742,0.2938779890537262,0.9049741959070318
ava_test,233106,1.540333867073059,0.8662601782209405
ava_test,315383,1.1412843465805054,0.9115573492157395
ava_test,944838,0.3223053812980652,0.9057811881256509
ava_test,316755,0.361358106136322,0.9314905105928467
ava_test,263623,0.6165300607681274,0.8900309436179217
ava_test,798024,0.7480353116989136,0.8713663631423919
ava_test,9911,1.0247465372085571,0.9091714435750279
ava_test,605555,0.9021499752998352,0.9122309075987253
ava_test,630528,0.18453463912010193,0.8874882714606523
ava_test,354956,0.3907213509082794,0.9076155373305307
ava_test,224700,0.04373687133193016,0.911973227058034
ava_test,713191,0.3499516546726227,0.9300893231282747
ava_test,499324,0.6147403120994568,0.9212637634122167
ava_test,770537,0.520449161529541,0.9095918858801935
ava_test,246370,0.33551526069641113,0.8997922948643468
ava_test,635470,0.3383074402809143,0.8822233025581847
ava_test,442457,0.5047611594200134,0.9037901516989625
ava_test,924074,0.47509872913360596,0.9082922327152338
ava_test,668294,0.8711618185043335,0.8764926064332565
ava_test,957649,0.11888296157121658,0.9293068687420282
ava_test,227095,0.20455403625965118,0.9146079417768269
ava_test,755947,0.9886382222175598,0.899245432105483
ava_test,105210,2.3544321060180664,0.8315174413283021
ava_test,547891,0.18901242315769196,0.9294488382396192
ava_test,121321,0.7176982164382935,0.9024688715191008
ava_test,231078,0.23506569862365723,0.9069999310445233
ava_test,930547,0.21519175171852112,0.9346818044728114
ava_test,270987,0.47129952907562256,0.8962311503364552
ava_test,147447,0.3942974805831909,0.913540175393252
ava_test,531309,0.0555545873939991,0.9001497680305638
ava_test,379778,1.9865050315856934,0.9043742849079773
ava_test,126771,0.3708082437515259,0.9087305878351264
ava_test,337064,0.3939671814441681,0.9332647054431878
ava_test,316307,0.9438862800598145,0.8645887503997145
ava_test,904795,0.041443563997745514,0.8799486988000467
ava_test,418916,0.28766223788261414,0.9331998831041819
ava_test,247487,0.05901489034295082,0.8998308633291004
ava_test,242689,1.581343173980713,0.8681618208826322
ava_test,802458,0.5691238641738892,0.9312561468693998
ava_test,40169,0.04965157434344292,0.9113048113766661
ava_test,470461,0.06145859509706497,0.9093100022281446
ava_test,944189,1.4898383617401123,0.8797545079889814
ava_test,235607,0.3261156976222992,0.907754552191686
ava_test,9659,0.692096471786499,0.9105824217348134
ava_test,530677,0.10941144078969955,0.9017817637072656
ava_test,661356,0.847577691078186,0.8812694452644482
ava_test,513354,0.09958738833665848,0.8922523159583566
ava_test,865084,0.46245986223220825,0.9182821322235083
ava_test,258104,0.3981746435165405,0.9143903855092307
ava_test,229120,0.49689698219299316,0.9078821088140333
ava_test,855633,0.1358814537525177,0.9010845599406773
ava_test,724344,0.3428846597671509,0.8859221768245593
ava_test,372328,0.5046122074127197,0.920570464678365
ava_test,13700,0.3643728792667389,0.9039667451459553
ava_test,105133,0.22730909287929535,0.8888803123539825
ava_test,829498,0.06370159238576889,0.8873563252889306
ava_test,173514,1.3424495458602905,0.8599779203678194
ava_test,23310,0.5472072958946228,0.9095637051651224
ava_test,15710,0.10754659026861191,0.9239015795151198
ava_test,830058,0.27056145668029785,0.9082056320722564
ava_test,880449,0.32651814818382263,0.908257944013904
ava_test,153666,0.902326762676239,0.8910476246270015
ava_test,661752,0.2548079192638397,0.8958159494831804
ava_test,7359,1.395662546157837,0.918265042502456
ava_test,655988,0.0233148280531168,0.8622855966371151
ava_test,9578,0.20358367264270782,0.9033600824981569
ava_test,289357,0.24395938217639923,0.9334616895164382
ava_test,805333,0.22044403851032257,0.9142404536190166
ava_test,456511,0.11728943884372711,0.9159219658475511
ava_test,319079,0.7737837433815002,0.8529281770186827
ava_test,442687,0.0,0.0
ava_test,444756,0.042163074016571045,0.9086024089352523
ava_test,42312,1.3026560544967651,0.9312124183655663
ava_test,598060,0.1381331831216812,0.9234305040515207
ava_test,928331,0.6919992566108704,0.912155926772362
ava_test,454122,0.9665554165840149,0.901245762603922
ava_test,249569,0.24453896284103394,0.9182435218691002
ava_test,220108,0.1876676231622696,0.9259731824422103
ava_test,621106,0.3952970802783966,0.9019349071422509
ava_test,869953,0.13190139830112457,0.8855076666088055
ava_test,180925,0.895466685295105,0.8713033331174332
ava_test,474787,0.04068470373749733,0.9144935440495235
ava_test,578665,0.6836310029029846,0.8989017891526297
ava_test,18126,0.5003865957260132,0.8959549684154394
ava_test,124778,0.748052716255188,0.8613750702389029
ava_test,523770,0.3014272451400757,0.9306647333484713
ava_test,108898,0.9867456555366516,0.8494854554784453
ava_test,288591,1.3796323537826538,0.9032931069643453
ava_test,56645,0.8583998084068298,0.9080464206328259
ava_test,758493,0.1179659366607666,0.9009018020184553
ava_test,160861,0.16143541038036346,0.9388375019867337
ava_test,361973,0.16963888704776764,0.9205684433971945
ava_test,361,0.05647007375955582,0.9070145739638973
ava_test,241775,0.44579777121543884,0.9208197366755775
ava_test,20227,0.7569752931594849,0.8614550382956606
ava_test,48077,0.47094669938087463,0.8908430281681724
ava_test,442865,0.5582250952720642,0.9016998516762819
ava_test,671615,0.7161643505096436,0.9125684620565944
ava_test,518457,0.5674034953117371,0.9204574283765125
ava_test,132162,0.5978637337684631,0.8973347641107619
ava_test,9162,0.6865193247795105,0.8770857655783779
ava_test,661368,0.43594327569007874,0.8814603105170176
ava_test,632094,0.225974902510643,0.7886712109682801
ava_test,99365,0.23372428119182587,0.9018654995238634
ava_test,942473,0.6976302266120911,0.9006210831994311
ava_test,61223,1.0617700815200806,0.9438555312087604
ava_test,143731,0.9373764991760254,0.88691038627089
ava_test,237043,0.35693156719207764,0.8829112658911712
ava_test,101325,0.11144260317087173,0.9139636182671365
ava_test,95203,0.9763179421424866,0.8815257860554105
ava_test,552669,0.28016147017478943,0.9240871544128617
ava_test,73342,0.08607891947031021,0.9202445567272944
ava_test,5139,0.08568008244037628,0.9038741849335482
ava_test,72488,0.622229814529419,0.8723697581757899
ava_test,738644,0.4302186369895935,0.9387683511685421
ava_test,735836,0.2567600607872009,0.9145165634504014
ava_test,62081,0.6511343121528625,0.8830072904597722
ava_test,503590,0.6627300977706909,0.9116897424484395
ava_test,168507,0.9673645496368408,0.8829863678880836
ava_test,377417,2.9884183406829834,0.8271422520865507
ava_test,831250,0.18033649027347565,0.8676069825974713
ava_test,46250,0.4999636113643646,0.9153515124098088
ava_test,911806,0.671059787273407,0.9026576320241189
ava_test,37072,0.539253830909729,0.8561985974577601
ava_test,47765,1.7577154636383057,0.8298029230972062
ava_test,630468,0.24252839386463165,0.9222134555214669
ava_test,39138,0.18060456216335297,0.8954713862318721
ava_test,782694,0.09252139925956726,0.9123115362187667
ava_test,48086,0.12824814021587372,0.9164643263922659
ava_test,45450,0.7427676916122437,0.8666967652631126
ava_test,426123,0.15505479276180267,0.8875727616521475
ava_test,9237,0.34098735451698303,0.9480502469349784
ava_test,754433,0.3600318431854248,0.9067782441270692
ava_test,86316,0.7317872047424316,0.9086697700752251
ava_test,806392,0.2468237578868866,0.8962754559129188
ava_test,35688,0.7755680680274963,0.9006434040451647
ava_test,45139,0.5554373264312744,0.9122757732804356
ava_test,633889,0.29605355858802795,0.8850713209347871
ava_test,772475,0.3405180275440216,0.9208232437113277
ava_test,6565,1.2709119319915771,0.8939652583707014
ava_test,132335,1.1206014156341553,0.8400173656928448
ava_test,868846,0.057133160531520844,0.8952024573342143
ava_test,13326,0.7177043557167053,0.8945027023811477
ava_test,627882,0.32196998596191406,0.906229248802469
ava_test,610878,0.0725148469209671,0.9029410153120446
ava_test,11381,0.03717932850122452,0.9020671741719293
ava_test,346748,0.2678314745426178,0.9089696967352189
ava_test,491133,1.3513578176498413,0.9233124017774468
ava_test,471848,0.9880816340446472,0.8869150991731821
ava_test,238459,0.5516768097877502,0.9040972154999015
ava_test,419338,0.5576125979423523,0.9106994203783836
ava_test,81785,0.8648026585578918,0.9009698961142246
ava_test,44428,0.6973304748535156,0.925245009394038
ava_test,409397,0.04576777294278145,0.909819801827133
ava_test,15905,0.1267399936914444,0.9124316145053258
ava_test,692574,0.022057391703128815,0.8940531464808201
ava_test,792108,1.1812864542007446,0.8637495386564223
ava_test,215306,0.08089199662208557,0.9018176807859482
ava_test,150128,0.02946721389889717,0.8924972866285423
ava_test,365512,1.3377845287322998,0.8710292534557688
ava_test,920176,0.9679718613624573,0.890336412335177
ava_test,125991,0.3690265715122223,0.8932260648558015
ava_test,40180,0.5962203145027161,0.9327482502656058
ava_test,869967,0.46609175205230713,0.953083212740844
ava_test,307687,1.4937760829925537,0.8633131476206752
ava_test,297067,0.03655995801091194,0.8834359565593148
ava_test,838351,0.22368124127388,0.9332004519474649
ava_test,446120,0.197172611951828,0.8787144246242007
ava_test,231360,1.0030540227890015,0.8691292809553753
ava_test,472191,0.415746808052063,0.9287192377803369
ava_test,12916,0.020268021151423454,0.8891426527724687
ava_test,869312,0.31226757168769836,0.917202971039114
ava_test,24910,0.23828504979610443,0.9146172490031915
ava_test,362382,8.504807472229004,0.7985804761620331
ava_test,339386,0.19319789111614227,0.9105031679363015
ava_test,92563,0.46688956022262573,0.9027496344343402
ava_test,897623,0.29504939913749695,0.9093119941502269
ava_test,733508,0.24366311728954315,0.9163217525418479
ava_test,204634,0.055571749806404114,0.8755950243330681
ava_test,724646,0.7071304321289062,0.8916302711076245
ava_test,10868,0.5240126848220825,0.937227856801981
ava_test,432202,0.06155746430158615,0.8920260761867226
ava_test,659238,0.4866817593574524,0.8897663022599108
ava_test,312526,1.8512320518493652,0.8381761056660919
ava_test,835124,0.07946853339672089,0.9165758964058157
ava_test,770170,0.1720496267080307,0.917705180009002
ava_test,254816,0.059489600360393524,0.8041106356445883
ava_test,190658,0.5377798676490784,0.9316225427531778
ava_test,423420,0.46207067370414734,0.9126424185716452
ava_test,423806,0.09126879274845123,0.9207585297771376
ava_test,584549,0.23967839777469635,0.9040232799789271
ava_test,482433,0.914516806602478,0.8872972223908385
ava_test,480083,0.16268174350261688,0.7721621934354833
ava_test,12074,0.4853433072566986,0.9346960911979713
ava_test,30954,0.03734762966632843,0.8848227658978673
ava_test,497290,0.2879563868045807,0.9036854962082228
ava_test,182219,0.438341349363327,0.9142182313238801
ava_test,773282,0.1487828642129898,0.8879893053094414
ava_test,13967,0.7574703693389893,0.9081928380142452
ava_test,64796,1.141620397567749,0.8910867382433655
ava_test,255395,0.21557892858982086,0.9138944979286445
ava_test,209423,0.5976142883300781,0.9111219864777516
ava_test,887281,0.34506550431251526,0.898263239876261
ava_test,793314,0.22419507801532745,0.9158471263101476
ava_test,759524,0.22325199842453003,0.9344261914822152
ava_test,63865,0.6355496048927307,0.8957740353474923
ava_test,260553,2.3475162982940674,0.8777903785722595
ava_test,615726,0.7868417501449585,0.9221780038659638
ava_test,250290,0.5858591794967651,0.9237762255261324
ava_test,146878,0.1845507174730301,0.8775058918032735
ava_test,932404,0.4048374891281128,0.898104930482175
ava_test,382878,0.2542198598384857,0.9321179745463485
ava_test,603997,0.06603317707777023,0.9108123947327704
ava_test,816680,0.5139084458351135,0.9169616592285299
ava_test,15891,0.45039254426956177,0.914733074087003
ava_test,842487,0.32618626952171326,0.9164067901463495
ava_test,200352,0.9466544985771179,0.8987625917891016
ava_test,642520,0.3861359655857086,0.9293919687579166
ava_test,861040,0.010363813489675522,0.8829902497247376
ava_test,106941,0.06435873359441757,0.9113701788860169
ava_test,771819,1.1867061853408813,0.90050456676638
ava_test,681754,0.5077136754989624,0.9095997183391196
ava_test,100988,0.40163013339042664,0.9006109674630103
ava_test,829795,0.0,0.0
ava_test,1624,0.7047351598739624,0.9158707842186193
ava_test,485242,0.46573883295059204,0.9344128201524013
ava_test,745620,0.21030326187610626,0.9420764490326983
ava_test,916794,0.5215745568275452,0.9208022007394671
ava_test,380015,0.11551409214735031,0.8690014885568548
ava_test,387366,0.5380598902702332,0.9036398498581202
ava_test,678671,0.48220720887184143,0.9264462688992414
ava_test,641891,1.5384608507156372,0.8314900895650331
ava_test,499812,0.4913311004638672,0.9214424066717177
ava_test,783907,0.1626817137002945,0.7329016765545926
ava_test,755847,0.7141004204750061,0.8880756984378874
ava_test,835745,0.7303803563117981,0.8652570236841128
ava_test,571916,1.20945143699646,0.8896581260088416
ava_test,134713,0.7255604267120361,0.8870253720257547
ava_test,722783,0.4015194773674011,0.9221475596233786
ava_test,143976,0.017173755913972855,0.8929460573650039
ava_test,471403,0.46228283643722534,0.8877937571603165
ava_test,550979,0.45522019267082214,0.9208404727863405
ava_test,382683,0.3454149067401886,0.9070490966122965
ava_test,925801,1.3917216062545776,0.9288363148582646
ava_test,745204,0.300851047039032,0.9174155280802516
ava_test,677871,0.40643131732940674,0.9060662138355724
ava_test,438923,0.19571706652641296,0.9254054832419446
ava_test,746206,0.20760577917099,0.9345292969678161
ava_test,111078,0.06932832300662994,0.915509980508139
ava_test,415084,0.25022274255752563,0.9003440388853441
ava_test,710931,0.16285598278045654,0.8981741619208069
ava_test,596551,0.5118958950042725,0.914217153986913
ava_test,124031,0.09369019418954849,0.8533744272749189
ava_test,48123,0.15450845658779144,0.9189840639385499
ava_test,764486,0.4457547068595886,0.9035185804751039
ava_test,891183,0.3216520845890045,0.9246839824855745
ava_test,383385,1.0347336530685425,0.9174362734559655
ava_test,235030,0.335793673992157,0.8140819405745348
ava_test,689967,0.3115867078304291,0.9204406971484975
ava_test,482507,0.1733039915561676,0.9069935596801056
ava_test,157584,0.15427879989147186,0.9132115479043649
ava_test,678424,0.3520916700363159,0.7329016764953546
ava_test,930476,0.04071639105677605,0.8977086505181258
ava_test,830156,0.9379396438598633,0.9139711801011523
ava_test,203613,0.24659420549869537,0.9222435139122005
ava_test,494671,0.37966129183769226,0.9244929908186273
ava_test,941220,0.384127140045166,0.9237271458306187
ava_test,450225,0.41994336247444153,0.912867798992017
ava_test,855202,1.7370878458023071,0.8758598751761582
ava_test,142982,0.04714703932404518,0.8946732492192323
ava_test,412517,0.4740273058414459,0.9160226799670169
ava_test,415508,0.3521038591861725,0.896377382873046
ava_test,8307,0.5168911814689636,0.9365225084857779
ava_test,827651,0.5879542827606201,0.8968133024392354
ava_test,640869,0.2856409549713135,0.9016126279853779
ava_test,128439,0.8529179096221924,0.8501151597833734
ava_test,42893,0.8491894602775574,0.8651626208362063
ava_test,524389,0.6447182893753052,0.8922287306345676
ava_test,743361,0.23807936906814575,0.8932712829003273
ava_test,91001,0.8051592707633972,0.9132662494956404
ava_test,738411,0.307869017124176,0.8890915354707203
ava_test,381279,0.1535082906484604,0.915288449217956
ava_test,571142,0.2649993598461151,0.8995449817252519
ava_test,165894,0.6653071641921997,0.8789670073722692
ava_test,839971,0.42753034830093384,0.9163270669001599
ava_test,760387,0.8350925445556641,0.9140824714355742
ava_test,150661,1.1034554243087769,0.9066924365339494
ava_test,45428,1.2219117879867554,0.8765227476930492
ava_test,79101,0.5874113440513611,0.8546129795381487
ava_test,868701,0.34306126832962036,0.9137783415391612
ava_test,775,0.49902287125587463,0.9316439405385675
ava_test,57881,0.10679318010807037,0.9129131640405888
ava_test,509818,0.6449808478355408,0.9374382862522259
ava_test,822641,0.26101040840148926,0.9075766896749969
ava_test,162986,0.7536874413490295,0.9000515679250988
ava_test,140622,0.4778064787387848,0.9086111808119932
ava_test,823096,0.08532850444316864,0.887753418966899
ava_test,211767,0.6744228601455688,0.9047614763559464
ava_test,737579,0.4788289964199066,0.859792332769627
ava_test,364718,0.36161816120147705,0.9080932930711472
ava_test,137813,0.3177768290042877,0.908444468580241
ava_test,114806,0.914029061794281,0.9077997066979235
ava_test,60599,0.9290874600410461,0.8329265243229995
ava_test,373396,0.15122148394584656,0.9113004425797822
ava_test,165012,1.0285073518753052,0.8972820289887807
ava_test,674173,0.26981115341186523,0.9173117615924673
ava_test,674569,0.4588007628917694,0.9195105368766082
ava_test,97651,0.24043036997318268,0.8948332334736036
ava_test,428959,0.1683824211359024,0.9162718694688521
ava_test,1195,0.7836530208587646,0.9390453656296817
ava_test,570109,0.2596023678779602,0.9277739611638167
ava_test,566802,0.30960145592689514,0.8976776485140422
ava_test,795638,0.0,0.0
ava_test,696906,1.0097764730453491,0.911783436916764
ava_test,264629,0.42412155866622925,0.9154830437467951
ava_test,628315,0.36888572573661804,0.9120908943193605
ava_test,630256,0.3247799277305603,0.9377161077844971
ava_test,578592,0.8701768517494202,0.8877566488321927
ava_test,627746,0.553316593170166,0.9241599813608018
ava_test,307448,0.8296560049057007,0.8667928142795487
ava_test,349399,0.394497275352478,0.9146341717743592
ava_test,894593,0.1274498850107193,0.9118611051347846
ava_test,928726,0.6829166412353516,0.9048534630942724
ava_test,87681,1.575533390045166,0.9062440185247322
ava_test,155640,2.1704723834991455,0.9045043043830636
ava_test,93963,0.6261928677558899,0.9302743699929098
ava_test,266869,0.09731870144605637,0.9087692189693939
ava_test,2820,0.15057674050331116,0.9204922704792601
ava_test,301304,0.046445973217487335,0.9045364798510134
ava_test,855667,0.16653545200824738,0.911081310344907
ava_test,909611,0.056720949709415436,0.9057418196760855
ava_test,329699,0.2798355221748352,0.8837405156053603
ava_test,115056,0.8755720257759094,0.8883762838808188
ava_test,342990,0.7885614037513733,0.8837088560555868
ava_test,202433,0.42003676295280457,0.8774886379123411
ava_test,696572,0.044112809002399445,0.9121346193916166
ava_test,728598,0.5606259107589722,0.8754648605652509
ava_test,13499,0.4082146883010864,0.8672082233517125
ava_test,11748,0.496015340089798,0.8956680125509775
ava_test,253272,0.031065095216035843,0.894088741560748
ava_test,176349,0.3332590162754059,0.9142217879991922
ava_test,408773,0.7458392381668091,0.8634904204343886
ava_test,148473,0.08175177872180939,0.9055139274850293
ava_test,468336,0.33067554235458374,0.9051800025594116
ava_test,937434,0.2934456467628479,0.9064655224188841
ava_test,288716,0.6721406579017639,0.905951864565469
ava_test,627973,0.603983998298645,0.9131457286171749
ava_test,747926,0.3191029131412506,0.9202243904937321
ava_test,51010,0.5206067562103271,0.9135464802191077
ava_test,380160,0.2032044231891632,0.8917047138643226
ava_test,146450,0.19651062786579132,0.9049806799000549
ava_test,537874,0.1981106847524643,0.9147172816175784
ava_test,308519,0.3054501712322235,0.905361970445074
ava_test,56076,1.0820311307907104,0.8979806487851001
ava_test,466542,0.04713885113596916,0.9112739292069434
ava_test,249160,0.16055317223072052,0.9240666868064228
ava_test,542621,0.06878795474767685,0.9091101921807929
ava_test,935531,0.39120790362358093,0.9407638426551779
ava_test,494276,0.3280208706855774,0.899398185465087
ava_test,450003,0.3033156096935272,0.9363330874465283
ava_test,52981,0.38471490144729614,0.9085649928910705
ava_test,940092,0.9633157253265381,0.8757324518825906
ava_test,684479,0.03635954484343529,0.8973730559634273
ava_test,679624,0.11593437194824219,0.9173993438074495
ava_test,383938,1.1267398595809937,0.9138683984546859
ava_test,18496,0.9370705485343933,0.9105589151251936
ava_test,39674,0.10411932319402695,0.9112590092091334
ava_test,107496,0.2310103476047516,0.8859396487501935
ava_test,380282,0.20456738770008087,0.9173622366499723
ava_test,527528,0.21350350975990295,0.9220458896141954
ava_test,216903,0.9231577515602112,0.8606132286946385
ava_test,151843,0.5254749059677124,0.8968233782107329
ava_test,17921,0.42263075709342957,0.907168362817516
ava_test,2489,0.14405454695224762,0.9277933718792523
ava_test,151873,0.05674264580011368,0.9076416725147267
ava_test,540932,0.3329438269138336,0.9089489121310707
ava_test,316807,1.1235727071762085,0.8989466238249479
ava_test,733049,0.23403941094875336,0.9387422228459747
ava_test,40501,0.34633350372314453,0.9111930618676454
ava_test,309743,0.030674785375595093,0.8874338588016046
ava_test,167069,1.2183871269226074,0.909838851495447
ava_test,676631,0.4228338301181793,0.8894871271838813
ava_test,338321,0.3040299415588379,0.9061528570692914
ava_test,579409,0.2662782073020935,0.9135103813195697
ava_test,514788,0.16092391312122345,0.8992894172955097
ava_test,357057,0.112578846514225,0.9132567463497622
ava_test,355022,0.04129350185394287,0.9127437790311469
ava_test,246140,0.2944938540458679,0.9482349568402875
ava_test,438703,0.44611871242523193,0.9202074783834504
ava_test,920363,5.532773494720459,0.8589628334366679
ava_test,56801,0.37617871165275574,0.9038439945293775
ava_test,162238,0.31669509410858154,0.8602861624549112
ava_test,913264,1.1651897430419922,0.8939767007836906
ava_test,110003,1.0723621845245361,0.8561004263793812
ava_test,334879,0.7057687044143677,0.9324049104170722
ava_test,315672,0.828158974647522,0.8748690648899894
ava_test,55068,1.1568567752838135,0.9127327865302153
ava_test,217973,0.28864678740501404,0.939524322764726
ava_test,404639,1.032099962234497,0.8644557805658117
ava_test,308752,0.5554313659667969,0.9304388208803195
ava_test,735130,0.3302323520183563,0.9260429996299312
ava_test,24816,0.3476105034351349,0.9029019692185101
ava_test,563990,0.6540424227714539,0.9091105673219386
ava_test,58102,0.1790405809879303,0.877032664605731
ava_test,330032,0.8761993646621704,0.86608398180143
ava_test,591913,0.5309582948684692,0.9135519175775675
ava_test,449123,0.46418824791908264,0.9357598750535285
ava_test,934303,0.6054204106330872,0.90152431293841
ava_test,45021,0.26821717619895935,0.9241532872892159
ava_test,849504,0.4555133581161499,0.9176495626816643
ava_test,125902,0.49723708629608154,0.9249356458111906
ava_test,18262,0.39803463220596313,0.8912705125125538
ava_test,793321,0.3661246597766876,0.9165504820786131
ava_test,864710,0.3897578716278076,0.917242083454727
ava_test,949628,0.752555251121521,0.9211071116264482
ava_test,422322,0.27468636631965637,0.8821019572309866
ava_test,32152,0.48267942667007446,0.839621682636828
ava_test,117884,0.01468477863818407,0.8871483074161011
ava_test,703923,0.5060876607894897,0.8862641844052022
ava_test,824203,0.3875909149646759,0.917080601617199
ava_test,353365,0.2909505069255829,0.9130913607853034
ava_test,69526,0.11512573808431625,0.8938691941331757
ava_test,315194,0.6563424468040466,0.9089004703796046
ava_test,949949,1.1017329692840576,0.8714060482039216
ava_test,479112,0.8606460094451904,0.8478531853250715
ava_test,882272,0.7616197466850281,0.9199282088104505
ava_test,547874,0.08939144760370255,0.894124256754632
ava_test,905076,0.622040331363678,0.925064370819625
ava_test,2998,0.4696797728538513,0.8320132600069832
ava_test,789656,0.3794560432434082,0.9220979593499922
ava_test,874906,0.5141696929931641,0.8829641433227554
ava_test,494049,0.08988089114427567,0.9151415495534133
ava_test,892954,0.11768204718828201,0.9215608289232124
ava_test,485147,0.6180254817008972,0.8979092671116917
ava_test,13235,1.5154696702957153,0.8752245512881228
ava_test,743190,0.08885172009468079,0.8857586553275083
ava_test,778515,0.1032068058848381,0.9078343189374418
ava_test,789416,0.24148356914520264,0.901427902208211
ava_test,763663,0.49147045612335205,0.9225498133367076
ava_test,1404,0.21228383481502533,0.8873802623436287
ava_test,211673,0.13117185235023499,0.9274320925337812
ava_test,895541,0.0564911849796772,0.9133010006346952
ava_test,485112,0.05707389861345291,0.9128600371887793
ava_test,817607,0.0356687493622303,0.9045856064013469
ava_test,114629,0.47100040316581726,0.891542844031599
ava_test,336393,0.2659999132156372,0.904538326073789
ava_test,146899,0.18854935467243195,0.894875408995146
ava_test,155554,0.6928781270980835,0.8852287155095878
ava_test,821686,0.16909605264663696,0.9149827138511136
ava_test,2598,0.24675944447517395,0.9139912152539807
ava_test,137972,2.20554518699646,0.7904610896521136
ava_test,569250,1.0231223106384277,0.8764878998967219
ava_test,917416,0.4640292227268219,0.8495470853399725
ava_test,134172,1.1757451295852661,0.9139756087917924
ava_test,363181,0.30624958872795105,0.9090900780503333
ava_test,913813,0.4722703993320465,0.903569084864118
ava_test,176000,0.445497065782547,0.9312835063946496
ava_test,332309,0.2766868472099304,0.9205355793079483
ava_test,485073,0.47890838980674744,0.8818642690916417
ava_test,684528,0.1965324878692627,0.9349329501833075
ava_test,8186,0.7071152329444885,0.9245117941384026
ava_test,900286,0.7202422022819519,0.8693360435982008
ava_test,696997,0.052173856645822525,0.8980505752080902
ava_test,925884,0.5616931319236755,0.92211791604265
ava_test,1837,1.0018647909164429,0.8969869875542033
ava_test,101746,0.08598906546831131,0.8995521911896958
east_asia,east_asia_0001.jpg,1.2931923866271973,0.8607593320128845
east_asia,east_asia_0002.jpg,0.7702706456184387,0.9141216399031594
east_asia,east_asia_0003.jpg,0.4688669443130493,0.9004509881339535
east_asia,east_asia_0004.jpg,0.2776792645454407,0.9086307496871792
east_asia,east_asia_0006.jpg,0.10620405524969101,0.9155657727591081
east_asia,east_asia_0007.jpg,0.8374350070953369,0.8749765571311965
east_asia,east_asia_0008.jpg,0.42035338282585144,0.9299307966591962
east_asia,east_asia_0009.jpg,0.6908466815948486,0.8969426002920678
east_asia,east_asia_0013.jpg,0.8510173559188843,0.8976111447339163
east_asia,east_asia_0014.jpg,0.7526397705078125,0.885331793839897
east_asia,east_asia_0019.jpg,0.13337960839271545,0.9045855892819564
east_asia,east_asia_0020.jpg,0.7567943930625916,0.8886114066279375
east_asia,east_asia_0021.jpg,0.6050190329551697,0.8700437016633956
east_asia,east_asia_0022.jpg,1.0582492351531982,0.9176579115311505
east_asia,east_asia_0026.jpg,0.05274413153529167,0.8912617502802779
east_asia,east_asia_0027.jpg,0.34141698479652405,0.9018977974696941
east_asia,east_asia_0028.jpg,0.05669352784752846,0.8690230214990361
east_asia,east_asia_0029.jpg,0.10782399028539658,0.921890086855853
east_asia,east_asia_0030.jpg,0.8887569308280945,0.9229789845858568
east_asia,east_asia_0036.jpeg,0.7790086269378662,0.8835026858483829
east_asia,east_asia_0038.jpg,0.66347336769104,0.8869923428340004
east_asia,east_asia_0041.jpg,0.22800272703170776,0.9398123962100142
east_asia,east_asia_0042.jpg,0.21737176179885864,0.9171174460572974
east_asia,east_asia_0043.jpg,0.1294359266757965,0.904841943701947
east_asia,east_asia_0044.jpg,1.2997550964355469,0.9240010543018847
east_asia,east_asia_0046.jpg,0.5119115114212036,0.9198834650202203
east_asia,east_asia_0048.jpg,0.6585579514503479,0.9081331599854409
east_asia,east_asia_0049.jpg,0.669264018535614,0.87896467872654
east_asia,east_asia_0052.jpg,0.5337262749671936,0.9285730894246808
east_asia,east_asia_0057.jpg,0.20285288989543915,0.9196797744044136
east_asia,east_asia_0058.jpg,0.5613968968391418,0.8815163904204113
east_asia,east_asia_0059.jpg,0.11491899937391281,0.8985656792725003
east_asia,east_asia_0061.jpg,0.0793960839509964,0.907033873812548
east_asia,east_asia_0062.jpg,0.5980220437049866,0.9318257023067705
east_asia,east_asia_0064.jpg,0.26241835951805115,0.9104512118837629
east_asia,east_asia_0066.jpg,0.275306761264801,0.886884983561285
east_asia,east_asia_0067.jpg,0.9274594187736511,0.9080963748843178
east_asia,east_asia_0068.jpg,0.10597871243953705,0.9184791121799514
east_asia,east_asia_0074.jpg,0.5100220441818237,0.9046726335862149
east_asia,east_asia_0078.jpg,0.24074235558509827,0.9151352827961674
east_asia,east_asia_0079.jpg,0.1595710664987564,0.9126330949539379
east_asia,east_asia_0083.jpg,0.15328429639339447,0.9250591924559816
east_asia,east_asia_0084.jpg,0.6813428401947021,0.8906123450981647
east_asia,east_asia_0085.jpg,1.1785038709640503,0.8860025769602403
east_asia,east_asia_0086.jpg,0.2852811813354492,0.9361352787137415
east_asia,east_asia_0087.jpg,0.5229659676551819,0.9204770390759774
east_asia,east_asia_0088.jpg,0.32503625750541687,0.8968285752736149
east_asia,east_asia_0091.jpg,1.1787554025650024,0.8919495349727585
east_asia,east_asia_0093.jpg,0.20716416835784912,0.9205037567645432
east_asia,east_asia_0094.jpg,0.7740057706832886,0.9359735846820512
east_asia,east_asia_0096.jpg,0.8344782590866089,0.9335212400168922
east_asia,east_asia_0097.jpg,1.2265815734863281,0.9333004930846918
east_asia,east_asia_0098.jpg,0.46065470576286316,0.9315055250256031
east_asia,east_asia_0099.jpg,0.46936506032943726,0.9261228172062372
east_asia,east_asia_0100.jpg,0.539342999458313,0.9245284661212695
east_asia,east_asia_0102.jpg,0.4030551612377167,0.9135837626653209
east_asia,east_asia_0103.jpg,0.46216297149658203,0.9346596607127335
east_asia,east_asia_0104.jpg,0.18400636315345764,0.8977453822551148
east_asia,east_asia_0106.jpg,0.4369783401489258,0.939776813749537
east_asia,east_asia_0107.jpg,1.125248908996582,0.8835088720082249
east_asia,east_asia_0110.jpg,0.04840146377682686,0.896570316941238
east_asia,east_asia_0111.jpg,0.2684153914451599,0.9404947052490072
east_asia,east_asia_0112.jpg,0.5299827456474304,0.9005768107789732
east_asia,east_asia_0113.jpg,0.2780906856060028,0.9200305277458327
east_asia,east_asia_0115.jpg,0.7934514880180359,0.9245076878000927
east_asia,east_asia_0121.jpg,0.24565279483795166,0.9056084933678697
east_asia,east_asia_0126.jpg,0.08789240568876266,0.8769773003300793
east_asia,east_asia_0128.jpg,0.3641217052936554,0.9383839552618876
east_asia,east_asia_0129.jpg,1.517714500427246,0.8759222006514018
east_asia,east_asia_0130.jpg,0.8218474984169006,0.8676279154183599
east_asia,east_asia_0131.jpg,0.5539494156837463,0.9145829477560024
east_asia,east_asia_0132.jpg,1.4608372449874878,0.8643543332320883
east_asia,east_asia_0134.jpg,0.39648035168647766,0.9318812426819535
east_asia,east_asia_0135.jpg,0.1206866204738617,0.9268398872228824
east_asia,east_asia_0136.jpg,0.3845071792602539,0.9091717079813637
east_asia,east_asia_0138.jpg,1.2470903396606445,0.9064290834284275
east_asia,east_asia_0143.jpg,0.7924659848213196,0.9033074602434862
east_asia,east_asia_0146.jpg,0.689617395401001,0.9393438159891916
east_asia,east_asia_0147.jpg,0.12691307067871094,0.9031752639687861
east_asia,east_asia_0148.jpg,0.284356951713562,0.9283014015574893
east_asia,east_asia_0153.jpg,0.3143731951713562,0.9315345139526606
east_asia,east_asia_0154.jpg,0.2105783075094223,0.8985434038021396
east_asia,east_asia_0155.jpg,0.35905393958091736,0.9126939972686237
east_asia,east_asia_0156.jpg,0.20089638233184814,0.9238473689061282
east_asia,east_asia_0157.jpg,0.3392450213432312,0.9098181529170251
east_asia,east_asia_0160.jpg,0.45625489950180054,0.9262867408595317
east_asia,east_asia_0161.jpg,0.5286139249801636,0.9049407072847253
east_asia,east_asia_0162.jpg,0.17231346666812897,0.9340579427279506
east_asia,east_asia_0165.jpg,0.3403654098510742,0.9080669495655872
east_asia,east_asia_0167.jpg,0.5537735819816589,0.9302762368859948
east_asia,east_asia_0171.jpg,0.29123109579086304,0.9189876546155059
east_asia,east_asia_0175.jpg,0.2007468193769455,0.9267473598514766
east_asia,east_asia_0181.jpg,0.4611983895301819,0.9105867456042723
east_asia,east_asia_0183.jpg,0.2582564651966095,0.9059473141928531
east_asia,east_asia_0186.jpg,0.5827376246452332,0.9033431431891387
east_asia,east_asia_0187.jpg,0.21590076386928558,0.867021296579097
east_asia,east_asia_0188.jpg,0.8726636171340942,0.8391416298954811
east_asia,east_asia_0193.jpg,0.20801271498203278,0.9303477533851557
east_asia,east_asia_0196.jpg,0.3930004835128784,0.8998083605042365
east_asia,east_asia_0201.jpg,0.07661878317594528,0.8970783753805239
east_asia,east_asia_0204.jpg,0.11972258239984512,0.9229022786591088
east_asia,east_asia_0207.jpg,0.4324738383293152,0.9024785418854164
east_asia,east_asia_0210.jpg,0.3479665219783783,0.9387584668933551
east_asia,east_asia_0211.jpg,0.3297664523124695,0.9077530715112336
east_asia,east_asia_0213.jpg,0.4359203577041626,0.9183916467603872
east_asia,east_asia_0214.jpg,0.2174551784992218,0.9073936618373322
east_asia,east_asia_0216.jpg,0.3549131453037262,0.9117482161330024
east_asia,east_asia_0217.jpg,0.20268267393112183,0.9091712055690992
east_asia,east_asia_0220.jpg,0.27058014273643494,0.9328582505192217
east_asia,east_asia_0222.jpg,0.07430806756019592,0.9149727450703795
east_asia,east_asia_0231.jpg,0.27639439702033997,0.8998774935354612
east_asia,east_asia_0232.jpg,1.4291027784347534,0.908096673588907
east_asia,east_asia_0236.jpg,0.47316575050354004,0.9297543475332574
east_asia,east_asia_0238.jpg,0.18638497591018677,0.9099444018300452
east_asia,east_asia_0239.jpg,0.7404883503913879,0.9145842120886353
east_asia,east_asia_0240.jpg,0.5103383660316467,0.8897739807341694
east_asia,east_asia_0245.jpg,0.6951108574867249,0.8875839090809359
east_asia,east_asia_0246.jpg,0.2552366554737091,0.9032084304146819
east_asia,east_asia_0248.jpg,0.20449914038181305,0.9018070201480058
east_asia,east_asia_0249.jpg,0.3804924786090851,0.9396786494996753
east_asia,east_asia_0258.jpg,0.25205251574516296,0.8960030676560382
east_asia,east_asia_0259.jpg,0.8566762208938599,0.94318067652396
east_asia,east_asia_0260.jpg,0.17623424530029297,0.9204484977619506
east_asia,east_asia_0262.jpg,0.5205724835395813,0.89504245527064
east_asia,east_asia_0263.jpg,0.6840463876724243,0.8885449849951796
east_asia,east_asia_0264.jpg,0.5896112322807312,0.9211190716046559
east_asia,east_asia_0271.jpg,0.43076959252357483,0.8976129238649478
east_asia,east_asia_0273.jpg,0.10745255649089813,0.916150053604449
east_asia,east_asia_0277.jpg,0.8065121173858643,0.8937547072348715
east_asia,east_asia_0285.jpg,0.16581402719020844,0.8949359289081371
east_asia,east_asia_0288.jpg,0.260863721370697,0.9083775417814457
east_asia,east_asia_0292.jpg,0.6059545278549194,0.9182404073137745
east_asia,east_asia_0300.jpg,0.5269173979759216,0.9065081876940526
east_asia,east_asia_0301.jpg,0.10865895450115204,0.9027650520124382
east_asia,east_asia_0302.jpg,0.9495601058006287,0.9236248538277994
east_asia,east_asia_0304.jpg,0.16344495117664337,0.9041246276421753
east_asia,east_asia_0312.jpg,0.39166581630706787,0.9195607764425798
east_asia,east_asia_0313.jpg,0.3680458962917328,0.9455538904043252
east_asia,east_asia_0314.jpg,0.44109857082366943,0.9282069489143248
east_asia,east_asia_0324.jpg,0.19675497710704803,0.9299364414990031
east_asia,east_asia_0327.jpg,0.734890878200531,0.9144708147600473
east_asia,east_asia_0328.jpg,0.32740268111228943,0.8995229385437269
east_asia,east_asia_0330.jpg,0.0861269161105156,0.9146403160035168
east_asia,east_asia_0333.jpg,0.20132006704807281,0.9121960315905093
east_asia,east_asia_0336.jpg,0.8573644161224365,0.8873300386415468
east_asia,east_asia_0337.jpg,0.6050950884819031,0.9121267090376343
east_asia,east_asia_0338.jpg,0.15464597940444946,0.9315056973254484
east_asia,east_asia_0351.jpg,0.06600148975849152,0.8977571326308185
east_asia,east_asia_0353.jpg,0.49415385723114014,0.9236632465253491
east_asia,east_asia_0355.jpg,0.15111809968948364,0.9147926602992146
east_asia,east_asia_0360.jpg,0.4401248097419739,0.8975295052427531
east_asia,east_asia_0368.jpg,0.2977359890937805,0.9362251457273277
east_asia,east_asia_0373.jpg,0.5732808113098145,0.9212344985385965
east_asia,east_asia_0374.jpg,0.29614385962486267,0.9292785003995153
east_asia,east_asia_0375.jpg,0.28805598616600037,0.8893551097717844
east_asia,east_asia_0376.jpg,1.140964150428772,0.9176164436287374
east_asia,east_asia_0377.jpg,0.36134815216064453,0.9297554096906041
east_asia,east_asia_0381.jpg,1.3067666292190552,0.8793893070068258
east_asia,east_asia_0392.jpg,0.3508944511413574,0.9034676678503799
east_asia,east_asia_0397.jpg,0.7106595635414124,0.9205978427745733
east_asia,east_asia_0398.jpg,0.10348585247993469,0.9122131777938507
east_asia,east_asia_0405.jpg,0.3482106924057007,0.9178276671869653
east_asia,east_asia_0406.jpg,0.1336919069290161,0.9040842899206912
east_asia,east_asia_0407.jpg,0.42857080698013306,0.9195270481707187
east_asia,east_asia_0413.png,0.2203027456998825,0.9115469440160904
east_asia,east_asia_0414.jpg,0.05895186588168144,0.9124595520723837
east_asia,east_asia_0415.jpg,0.14619915187358856,0.9040808586917561
east_asia,east_asia_0416.jpg,0.07603567093610764,0.9183413103010407
east_asia,east_asia_0422.jpg,0.3011762201786041,0.9212876994040379
east_asia,east_asia_0426.jpg,0.19929562509059906,0.9070205659743796
east_asia,east_asia_0427.jpg,1.146166205406189,0.8797498580882049
east_asia,east_asia_0433.jpg,0.10848800092935562,0.9331923795830671
east_asia,east_asia_0434.jpg,0.13696269690990448,0.9383095074109591
east_asia,east_asia_0444.jpg,0.11841192841529846,0.9304523949274092
east_asia,east_asia_0447.jpg,0.2735348045825958,0.9413217899249738
east_asia,east_asia_0455.jpg,0.551559567451477,0.9097872569171989
east_asia,east_asia_0458.jpg,0.41232290863990784,0.933113942872343
east_asia,east_asia_0459.jpg,0.49770766496658325,0.9123099498267472
east_asia,east_asia_0461.jpg,0.1400291919708252,0.919758794444839
east_asia,east_asia_0472.jpg,1.545648455619812,0.9039062867581629
east_asia,east_asia_0474.jpg,1.4924709796905518,0.8961699157767988
east_asia,east_asia_0478.jpg,0.8899882435798645,0.9166043040648654
east_asia,east_asia_0480.jpg,0.8006748557090759,0.9256730520207432
east_asia,east_asia_0493.jpg,0.6878505945205688,0.8881296099835413
east_asia,east_asia_0494.jpg,0.8832602500915527,0.8861641215273713
east_asia,east_asia_0497.jpg,1.9184833765029907,0.8414588395831843
south_asia,south_asia_0001.jpg,0.7937493920326233,0.9116934223341926
south_asia,south_asia_0003.jpg,0.24349290132522583,0.9386220535701123
south_asia,south_asia_0004.jpg,0.195882186293602,0.9317585466189052
south_asia,south_asia_0005.jpg,0.4815559387207031,0.9123180115225671
south_asia,south_asia_0011.jpg,0.22013665735721588,0.9118102337667244
south_asia,south_asia_0014.jpg,1.2771272659301758,0.9294875567934762
south_asia,south_asia_0015.jpg,0.24365735054016113,0.9120671698629391
south_asia,south_asia_0016.jpg,0.509262204170227,0.9380532419177696
south_asia,south_asia_0017.jpeg,0.1235465481877327,0.9146903130329722
south_asia,south_asia_0018.jpeg,0.13072507083415985,0.9236062301429963
south_asia,south_asia_0019.jpeg,0.03900165110826492,0.8949432733690234
south_asia,south_asia_0020.jpeg,0.19881893694400787,0.9052463669569435
south_asia,south_asia_0021.jpeg,0.14395533502101898,0.9049660714550488
south_asia,south_asia_0023.jpg,0.04245762526988983,0.9099806931297246
south_asia,south_asia_0027.jpg,0.12775078415870667,0.9220429232327481
south_asia,south_asia_0030.jpg,0.29235026240348816,0.9286615362357494
south_asia,south_asia_0031.jpg,0.1110394299030304,0.9053005838240288
south_asia,south_asia_0033.jpg,0.17405951023101807,0.892562743134006
south_asia,south_asia_0034.jpg,0.11498451977968216,0.9134678424077615
south_asia,south_asia_0035.jpg,0.09495875239372253,0.9107075916833653
south_asia,south_asia_0036.jpg,0.041299350559711456,0.9087735315468675
south_asia,south_asia_0037.jpg,0.21722722053527832,0.8885495159734826
south_asia,south_asia_0042.jpg,0.2704581022262573,0.8844075574574702
south_asia,south_asia_0045.jpg,0.16505591571331024,0.9070929715216719
south_asia,south_asia_0046.png,0.6532007455825806,0.8680315103414646
south_asia,south_asia_0047.jpg,0.2811945378780365,0.9026486007622951
south_asia,south_asia_0053.jpg,0.16640342772006989,0.8929040009510124
south_asia,south_asia_0055.jpg,0.2549460530281067,0.9305664225775456
south_asia,south_asia_0060.jpg,0.330757200717926,0.9397365749324992
south_asia,south_asia_0062.jpg,0.2780149579048157,0.9252334362574779
south_asia,south_asia_0064.jpg,0.4631519317626953,0.9062879315182076
south_asia,south_asia_0069.jpg,0.8818321228027344,0.8697902604094391
south_asia,south_asia_0071.jpg,0.7091286778450012,0.9274890396058454
south_asia,south_asia_0072.jpg,0.2963627874851227,0.9173342520931305
south_asia,south_asia_0073.jpg,0.2973167896270752,0.8885289510219414
south_asia,south_asia_0075.jpg,0.3660331964492798,0.9059055433732187
south_asia,south_asia_0076.jpg,0.1707153618335724,0.9292267615960643
south_asia,south_asia_0085.jpg,0.3570559620857239,0.9338241749541303
south_asia,south_asia_0086.jpg,0.10069683939218521,0.9157741032441696
south_asia,south_asia_0088.jpg,0.7033014893531799,0.9128623200077789
south_asia,south_asia_0090.jpg,1.0139437913894653,0.8862481860288518
south_asia,south_asia_0092.jpg,0.3723546266555786,0.9251380741968418
south_asia,south_asia_0094.jpg,0.10388471931219101,0.903706547724582
south_asia,south_asia_0097.jpg,0.5858086347579956,0.9092616078702409
south_asia,south_asia_0098.jpg,0.3631477355957031,0.9389146211873789
south_asia,south_asia_0099.jpg,0.16163097321987152,0.9040638035192206
south_asia,south_asia_0101.jpg,0.26684972643852234,0.9281999575447937
south_asia,south_asia_0102.jpg,0.16303488612174988,0.9213949633321757
south_asia,south_asia_0103.jpg,0.42449548840522766,0.8972563754116685
south_asia,south_asia_0104.jpeg,0.1419234722852707,0.8955770595399954
south_asia,south_asia_0105.jpg,0.4799932837486267,0.9404224162345758
south_asia,south_asia_0107.jpg,1.2786874771118164,0.9082095491183095
south_asia,south_asia_0110.jpeg,0.5334570407867432,0.9225783723247186
south_asia,south_asia_0115.jpg,1.2443879842758179,0.9289714449597182
south_asia,south_asia_0116.jpg,1.7341728210449219,0.8934098771867
south_asia,south_asia_0120.jpg,0.7734605669975281,0.8500113429098822
south_asia,south_asia_0121.jpg,0.2545066475868225,0.9319319522091042
south_asia,south_asia_0122.jpg,0.11068686842918396,0.9074750720866261
south_asia,south_asia_0123.jpg,0.8706872463226318,0.9125083780295604
south_asia,south_asia_0124.jpg,0.22238199412822723,0.8854734918102374
south_asia,south_asia_0125.jpg,0.24214783310890198,0.9421239681735366
south_asia,south_asia_0128.jpg,0.3588079512119293,0.900041534676771
south_asia,south_asia_0129.jpg,0.5569499135017395,0.9112539219195638
south_asia,south_asia_0131.jpg,0.19908957183361053,0.9234803205912776
south_asia,south_asia_0134.jpg,0.37292760610580444,0.9357019418920788
south_asia,south_asia_0135.jpg,0.04268667474389076,0.9050103062523619
south_asia,south_asia_0136.jpg,0.10953406244516373,0.9104918648923294
south_asia,south_asia_0138.jpg,0.3970331847667694,0.9402266169690864
south_asia,south_asia_0139.jpg,0.18823137879371643,0.9181239181246931
south_asia,south_asia_0140.jpg,0.29352253675460815,0.9204007937563871
south_asia,south_asia_0141.jpg,0.12232412397861481,0.9058710923132449
south_asia,south_asia_0142.jpg,0.6031786203384399,0.9271446253249145
south_asia,south_asia_0143.jpg,0.16370461881160736,0.9315106442190672
south_asia,south_asia_0144.jpg,0.4615141451358795,0.9266703010033999
south_asia,south_asia_0145.jpg,0.08907488733530045,0.9211960906645338
south_asia,south_asia_0146.jpg,0.34480908513069153,0.9375743426399047
south_asia,south_asia_0147.jpg,0.06391077488660812,0.9063566306332644
south_asia,south_asia_0148.jpg,0.5579372048377991,0.9060707570377385
south_asia,south_asia_0149.jpg,0.7091436982154846,0.8826192420141308
south_asia,south_asia_0150.jpg,0.5700565576553345,0.9274648749740626
south_asia,south_asia_0151.jpg,0.2739740014076233,0.9193148563690829
south_asia,south_asia_0152.jpg,0.30405518412590027,0.9290459400480137
south_asia,south_asia_0153.jpg,1.3693554401397705,0.8732792591634188
south_asia,south_asia_0154.jpg,0.4606887698173523,0.9313983534003291
south_asia,south_asia_0155.jpg,0.33257320523262024,0.9208566588005183
south_asia,south_asia_0158.jpg,0.03348343074321747,0.8950198398917569
south_asia,south_asia_0159.jpg,0.2597183883190155,0.9041249332768073
south_asia,south_asia_0160.jpg,1.7427451610565186,0.8859624578987298
south_asia,south_asia_0161.jpg,0.47424864768981934,0.9340615462735311
south_asia,south_asia_0163.jpg,0.8565592169761658,0.8828313104327465
south_asia,south_asia_0164.jpg,0.7596815228462219,0.937363722431788
south_asia,south_asia_0165.jpg,0.1887936294078827,0.9271039945784394
south_asia,south_asia_0166.jpg,0.6224299073219299,0.9218393028819606
south_asia,south_asia_0167.jpg,0.1339237093925476,0.9141325108907581
south_asia,south_asia_0168.jpg,1.3514256477355957,0.8811758978104343
south_asia,south_asia_0169.jpg,0.7340093851089478,0.9104276964856521
south_asia,south_asia_0170.jpg,0.23705118894577026,0.941948374373602
south_asia,south_asia_0175.jpg,0.5870538949966431,0.9307447234077384
south_asia,south_asia_0177.jpg,0.28130587935447693,0.9364416202129675
south_asia,south_asia_0178.jpg,0.5901410579681396,0.934832897776226
south_asia,south_asia_0180.jpg,0.5645873546600342,0.8939020580804359
south_asia,south_asia_0181.jpg,1.4457427263259888,0.8604133791845862
south_asia,south_asia_0183.jpg,0.4370902478694916,0.9247573843333764
south_asia,south_asia_0185.jpg,0.21458731591701508,0.908170006712406
south_asia,south_asia_0186.jpg,0.39292243123054504,0.9081632201133885
south_asia,south_asia_0187.jpg,0.8021104335784912,0.9048256277888798
south_asia,south_asia_0188.jpg,0.7729886174201965,0.9289396825356939
south_asia,south_asia_0189.jpg,0.46020743250846863,0.9143997171183399
south_asia,south_asia_0190.jpg,0.7038129568099976,0.9135084923554494
south_asia,south_asia_0191.jpg,0.20428231358528137,0.9252598830534632
south_asia,south_asia_0194.jpg,0.08027047663927078,0.8898313555269792
south_asia,south_asia_0196.jpg,0.9804417490959167,0.8691136900727404
south_asia,south_asia_0198.jpg,0.35136258602142334,0.9350237421141391
south_asia,south_asia_0199.jpg,0.13606864213943481,0.9236478481429202
south_asia,south_asia_0201.jpg,0.31073862314224243,0.9240725056899656
south_asia,south_asia_0202.jpg,0.1623617261648178,0.9315538428645994
south_asia,south_asia_0203.jpg,0.23197980225086212,0.8916887076816644
south_asia,south_asia_0204.jpg,0.34158188104629517,0.9012507690112256
south_asia,south_asia_0210.jpg,1.5437402725219727,0.9144240927723689
south_asia,south_asia_0213.jpg,0.67699134349823,0.92402644608069
south_asia,south_asia_0216.jpg,0.3352774381637573,0.8977196227692767
south_asia,south_asia_0219.jpg,0.08787650614976883,0.8829452553384056
south_asia,south_asia_0220.jpg,0.276221364736557,0.8906580798299942
south_asia,south_asia_0221.jpg,0.3959057629108429,0.8781852955270198
south_asia,south_asia_0230.jpg,0.15919198095798492,0.922577184004874
south_asia,south_asia_0235.jpg,0.11642733961343765,0.8855540747769837
south_asia,south_asia_0244.jpg,0.14003610610961914,0.918023804832469
south_asia,south_asia_0245.jpg,0.06914838403463364,0.8986194004855574
south_asia,south_asia_0246.jpg,0.05153753235936165,0.9091427476602331
south_asia,south_asia_0250.jpg,0.03047453984618187,0.907181937412643
south_asia,south_asia_0251.jpg,0.06195414438843727,0.8989293060240242
south_asia,south_asia_0252.jpg,0.1520698070526123,0.917844738343007
south_asia,south_asia_0253.jpg,0.737194836139679,0.8610436866937635
south_asia,south_asia_0255.jpg,0.7988916039466858,0.9311276777328049
south_asia,south_asia_0257.jpg,0.45125994086265564,0.8822853944460354
south_asia,south_asia_0259.jpg,0.2936307489871979,0.938107951038305
south_asia,south_asia_0260.jpg,1.7527614831924438,0.8434921482949188
south_asia,south_asia_0261.jpg,0.9111319780349731,0.8974476576181251
south_asia,south_asia_0262.jpg,0.8438838720321655,0.916805005091891
south_asia,south_asia_0263.jpg,1.4642671346664429,0.8901098767197494
south_asia,south_asia_0264.jpg,0.47730422019958496,0.8684710884560052
south_asia,south_asia_0265.jpg,0.23427662253379822,0.9274394981307399
south_asia,south_asia_0268.png,0.7772729396820068,0.8910104060585798
south_asia,south_asia_0269.jpg,0.2397356927394867,0.9162198628405538
south_asia,south_asia_0271.jpg,0.6694996953010559,0.8876408143171572
south_asia,south_asia_0272.jpg,0.8640893697738647,0.8893784954455247
south_asia,south_asia_0273.jpg,0.026904309168457985,0.9002717944817263
south_asia,south_asia_0274.jpg,0.5343428254127502,0.9208490569357789
south_asia,south_asia_0276.jpg,0.2626765966415405,0.9172157600191679
south_asia,south_asia_0282.jpg,0.2217688113451004,0.8944800677657674
south_asia,south_asia_0284.jpg,1.0805209875106812,0.8886073341742935
south_asia,south_asia_0285.jpg,0.7739241123199463,0.8723192673481895
south_asia,south_asia_0286.jpg,0.33772626519203186,0.9042495120172154
south_asia,south_asia_0287.jpg,0.42289838194847107,0.8872060943839049
south_asia,south_asia_0290.jpg,0.8027041554450989,0.9096057630423977
south_asia,south_asia_0293.jpg,0.1550135612487793,0.9032849973517578
south_asia,south_asia_0294.jpg,0.062469277530908585,0.8886529654566936
south_asia,south_asia_0295.jpg,0.12683500349521637,0.9275292046873298
south_asia,south_asia_0298.jpg,0.1496421843767166,0.9223324577459238
south_asia,south_asia_0299.jpg,0.40706077218055725,0.9165197144865247
south_asia,south_asia_0300.jpg,0.5345857739448547,0.9204266269212565
south_asia,south_asia_0301.jpg,0.8607445359230042,0.9055286357429512
south_asia,south_asia_0305.jpg,0.43399950861930847,0.9000729796149833
south_asia,south_asia_0307.jpg,0.39902710914611816,0.9150963401401608
south_asia,south_asia_0308.jpg,0.15012864768505096,0.8987936844374631
south_asia,south_asia_0309.jpg,0.8585731983184814,0.9070286984249925
south_asia,south_asia_0311.jpg,0.8364400863647461,0.8811879788710308
south_asia,south_asia_0312.jpg,0.07303131371736526,0.9058297437686675
south_asia,south_asia_0313.jpg,0.27031201124191284,0.9397429494614731
south_asia,south_asia_0315.jpg,0.2827358543872833,0.9230857748601365
south_asia,south_asia_0316.jpg,0.5016330480575562,0.9146130416824456
south_asia,south_asia_0319.jpg,0.3166791796684265,0.9392552219437077
south_asia,south_asia_0320.jpg,0.45596423745155334,0.9292798691867268
south_asia,south_asia_0323.jpg,0.18361420929431915,0.9264609616552504
south_asia,south_asia_0326.jpg,0.06839226186275482,0.9117062006946683
south_asia,south_asia_0330.jpg,0.37060558795928955,0.9271055174122395
south_asia,south_asia_0331.jpg,0.07068929821252823,0.902500060793236
south_asia,south_asia_0332.jpg,0.6869536638259888,0.9311565779716431
south_asia,south_asia_0334.jpg,0.12925197184085846,0.9280777604772793
south_asia,south_asia_0336.jpg,0.5099897980690002,0.9319926315030932
south_asia,south_asia_0337.jpg,5.593109607696533,0.8191074385133812
south_asia,south_asia_0339.jpg,0.28148114681243896,0.9242262634930624
south_asia,south_asia_0340.jpg,0.6650392413139343,0.9121444379756589
south_asia,south_asia_0341.jpg,0.21859601140022278,0.9004028616983553
south_asia,south_asia_0342.jpg,0.48541995882987976,0.9333700109412825
south_asia,south_asia_0343.jpg,0.11483418196439743,0.8925535784227407
south_asia,south_asia_0346.jpg,1.3414597511291504,0.9155301862535572
south_asia,south_asia_0347.jpg,0.09733720123767853,0.90511722841001
south_asia,south_asia_0348.jpeg,0.06991849094629288,0.9035161755582723
south_asia,south_asia_0350.jpg,0.05947297066450119,0.9076610279537308
south_asia,south_asia_0351.jpg,0.10903909802436829,0.9038289996280614
south_asia,south_asia_0352.jpg,0.675106942653656,0.9376424240399698
south_asia,south_asia_0353.jpg,0.25737354159355164,0.9024518222711002
south_asia,south_asia_0354.jpg,0.8737125992774963,0.9014081554428497
south_asia,south_asia_0355.jpg,0.07245068997144699,0.8846138970370312
south_asia,south_asia_0357.jpg,0.09110106527805328,0.9234359543907316
south_asia,south_asia_0358.jpg,0.7102314233779907,0.8910193406155738
south_asia,south_asia_0359.jpg,0.27393174171447754,0.9086964275845388
south_asia,south_asia_0360.jpg,0.5938428044319153,0.8855583192809013
south_asia,south_asia_0361.jpg,0.22793078422546387,0.9166363051819295
south_asia,south_asia_0362.jpg,0.29540926218032837,0.9109799197762929
south_asia,south_asia_0363.jpg,0.2778623104095459,0.9151672827368985
south_asia,south_asia_0364.jpg,0.07706869393587112,0.9183910074227882
south_asia,south_asia_0366.jpg,0.5361320376396179,0.8953274544119578
south_asia,south_asia_0367.jpg,0.40722978115081787,0.9226227284652248
south_asia,south_asia_0368.jpg,1.3901818990707397,0.8936466605435941
south_asia,south_asia_0369.jpg,0.34946131706237793,0.9160001697802672
south_asia,south_asia_0371.jpg,0.7632002830505371,0.909597004000236
south_asia,south_asia_0372.jpg,0.3148760199546814,0.9033706939790722
south_asia,south_asia_0373.jpeg,0.03293653950095177,0.8982902902129731
south_asia,south_asia_0374.jpg,0.563438892364502,0.9153380924952855
south_asia,south_asia_0378.jpg,0.7384686470031738,0.8863361662974666
south_asia,south_asia_0381.jpg,0.7074261903762817,0.9270133728345009
south_asia,south_asia_0382.jpg,0.6595398783683777,0.8982113496931796
south_asia,south_asia_0384.jpg,0.8936982750892639,0.9000443821360218
south_asia,south_asia_0385.jpg,0.27134108543395996,0.92078465040194
south_asia,south_asia_0386.jpg,0.5952577590942383,0.9069747882750995
south_asia,south_asia_0387.jpg,0.2613285779953003,0.9023655212465383
south_asia,south_asia_0388.jpg,0.17280034720897675,0.9161797966200564
south_asia,south_asia_0390.png,0.13946306705474854,0.9095351056303131
south_asia,south_asia_0391.jpg,0.040874239057302475,0.9080544438697937
south_asia,south_asia_0392.jpg,0.1059984564781189,0.9093648911115144
south_asia,south_asia_0394.jpg,0.2597537338733673,0.900242294253791
south_asia,south_asia_0396.jpg,0.07329630851745605,0.9123249774957992
south_asia,south_asia_0397.jpg,0.36289769411087036,0.9205219952076743
south_asia,south_asia_0398.jpg,0.057145506143569946,0.8911584634404043
south_asia,south_asia_0399.jpg,0.4566791355609894,0.9303362928184462
south_asia,south_asia_0400.jpg,0.14134915173053741,0.9101267239954761
south_asia,south_asia_0403.jpg,0.15424533188343048,0.9401089062319904
south_asia,south_asia_0407.jpg,0.1586565226316452,0.9142136329439094
south_asia,south_asia_0408.jpg,1.621187686920166,0.8794620858077663
south_asia,south_asia_0409.jpg,1.0907387733459473,0.8685907696676439
south_asia,south_asia_0410.jpg,0.26155993342399597,0.8997904022639109
south_asia,south_asia_0411.jpg,0.7205445766448975,0.868721659424235
south_asia,south_asia_0413.jpg,0.15643541514873505,0.9199337917805798
south_asia,south_asia_0414.jpg,0.10131897777318954,0.914879273074781
south_asia,south_asia_0416.jpg,0.6722250580787659,0.9048110046639748
south_asia,south_asia_0417.jpg,2.782297134399414,0.8746702485298637
south_asia,south_asia_0418.jpg,0.2502107620239258,0.8767995064399513
south_asia,south_asia_0419.jpg,1.287853479385376,0.9099300069823125
south_asia,south_asia_0422.jpg,0.86203932762146,0.9029017751467773
south_asia,south_asia_0423.jpg,0.13885453343391418,0.9187439247559215
south_asia,south_asia_0426.jpg,0.162336066365242,0.9124997378151425
south_asia,south_asia_0427.jpg,0.4860323667526245,0.9017625895230558
south_asia,south_asia_0428.jpg,0.6064673662185669,0.9119550480150033
south_asia,south_asia_0429.jpg,0.4771517515182495,0.9105802446431523
south_asia,south_asia_0430.jpg,0.36203673481941223,0.920988811590554
south_asia,south_asia_0431.jpg,1.3267149925231934,0.9106293655313207
south_asia,south_asia_0436.jpg,0.5591264963150024,0.93109051739702
south_asia,south_asia_0437.jpg,0.6624316573143005,0.8954780659273621
south_asia,south_asia_0438.jpg,0.08596892654895782,0.8962949841763534
south_asia,south_asia_0440.jpg,0.29586610198020935,0.9166688613962157
south_asia,south_asia_0445.jpg,1.665686845779419,0.8992026809598161
south_asia,south_asia_0446.jpg,0.09319323301315308,0.9174432030278764
south_asia,south_asia_0447.jpg,0.9265643358230591,0.9061257236747834
south_asia,south_asia_0449.jpg,0.038187455385923386,0.899306469800327
south_asia,south_asia_0450.jpg,0.6921308636665344,0.8764292497064902
south_asia,south_asia_0452.jpg,0.5648649334907532,0.8912843383118039
south_asia,south_asia_0453.jpg,1.3501265048980713,0.8484145027453053
south_asia,south_asia_0454.jpg,0.3130068778991699,0.8956230441473816
south_asia,south_asia_0455.jpg,0.6155826449394226,0.9239513184748006
south_asia,south_asia_0456.jpg,0.3081744313240051,0.9342334228206929
south_asia,south_asia_0460.png,0.4327835738658905,0.9059251056304883
south_asia,south_asia_0463.jpg,0.4579054117202759,0.8893012550181283
south_asia,south_asia_0464.jpg,0.18949346244335175,0.9313754996924493
south_asia,south_asia_0465.jpg,0.6870687007904053,0.9107320565404814
south_asia,south_asia_0466.jpg,0.622224748134613,0.9324574461208813
south_asia,south_asia_0467.jpg,0.6492088437080383,0.9254101360545945
south_asia,south_asia_0470.jpg,0.14352555572986603,0.9318529699884949
south_asia,south_asia_0472.jpg,0.5715506672859192,0.9213339815007889
south_asia,south_asia_0473.jpg,0.6244286894798279,0.9476156338678579
south_asia,south_asia_0474.jpg,0.2048274576663971,0.9259688772773661
south_asia,south_asia_0475.jpg,0.25718870759010315,0.8998718671940106
south_asia,south_asia_0476.jpg,0.5353558659553528,0.9075115465720214
south_asia,south_asia_0477.jpg,0.3409602642059326,0.9027292181495165
south_asia,south_asia_0478.jpg,0.10822983086109161,0.9144870243561043
south_asia,south_asia_0479.jpeg,0.22181043028831482,0.9034270359249349
south_asia,south_asia_0480.jpg,0.2642277777194977,0.9244526222121378
south_asia,south_asia_0481.jpg,0.590901255607605,0.876283561813792
south_asia,south_asia_0486.jpg,0.054414618760347366,0.9091495491840644
south_asia,south_asia_0487.jpg,1.3002246618270874,0.9363208587709654
south_asia,south_asia_0488.jpg,2.243516683578491,0.91813934206682
south_asia,south_asia_0490.jpg,0.43042004108428955,0.9330162828891007
south_asia,south_asia_0491.jpg,1.0727148056030273,0.9210449054990161
south_asia,south_asia_0492.jpg,0.5134753584861755,0.8933836765621642
south_asia,south_asia_0493.jpg,0.5347146987915039,0.9025952739393089
south_asia,south_asia_0494.jpg,0.08843115717172623,0.9106234545916627
south_asia,south_asia_0495.jpg,0.6832473874092102,0.9246949032967272
south_asia,south_asia_0497.jpg,0.05111962929368019,0.8962489857494236
mena,mena_0002.jpg,0.18478699028491974,0.8879799559529821
mena,mena_0005.jpg,0.6202194094657898,0.8996187027662281
mena,mena_0006.jpg,0.3037261366844177,0.882101207968002
mena,mena_0008.jpg,0.36678236722946167,0.9010537606726433
mena,mena_0009.jpg,0.06713218241930008,0.9035207504662707
mena,mena_0011.jpg,0.7362871170043945,0.8872355884011845
mena,mena_0012.jpg,0.22717039287090302,0.9350438510356051
mena,mena_0015.jpg,0.47693654894828796,0.9136789830586486
mena,mena_0018.jpg,0.04203721135854721,0.9022562196018015
mena,mena_0021.jpg,0.42643558979034424,0.8867703495630777
mena,mena_0026.jpg,0.28160491585731506,0.9330504220033802
mena,mena_0028.jpg,0.08571046590805054,0.9199741599493217
mena,mena_0029.jpg,0.08756073564291,0.9154085985406907
mena,mena_0037.jpg,0.523448646068573,0.8970438558529498
mena,mena_0047.jpg,0.6551267504692078,0.8957373878640621
mena,mena_0048.jpg,0.2370150089263916,0.9065277148137504
mena,mena_0049.jpg,0.5586920976638794,0.8800226550111655
mena,mena_0050.jpg,0.7045572996139526,0.9128370126139868
mena,mena_0072.jpg,0.6067694425582886,0.8861106753558706
mena,mena_0073.png,1.566657543182373,0.8731937937879795
mena,mena_0082.jpg,0.34898683428764343,0.9218581678959843
mena,mena_0084.jpg,0.2990894317626953,0.9158325977978776
mena,mena_0085.jpg,0.4179879426956177,0.8997959555551032
mena,mena_0086.jpeg,0.20164349675178528,0.9078215187902372
mena,mena_0087.jpg,1.2440357208251953,0.8720431529483488
mena,mena_0088.jpg,0.06728743761777878,0.9122865381242607
mena,mena_0089.jpg,0.041546571999788284,0.8881231357463591
mena,mena_0090.jpg,0.19346804916858673,0.9377468210835482
mena,mena_0094.jpg,0.8682478070259094,0.894648322534166
mena,mena_0095.jpg,0.0423315204679966,0.9117475214500966
mena,mena_0104.jpg,0.3910965025424957,0.9147629102226884
mena,mena_0108.jpg,0.6155918836593628,0.9241058709136231
mena,mena_0120.jpg,0.0612480528652668,0.9177178716855481
mena,mena_0121.jpg,0.3127760887145996,0.9176965201787113
mena,mena_0125.jpg,0.2580113410949707,0.9483588246114444
mena,mena_0128.jpg,1.140486240386963,0.8929972251888544
mena,mena_0132.jpg,0.0,0.8145822981971914
mena,mena_0136.jpg,0.13072127103805542,0.9214196345319247
mena,mena_0137.jpg,0.7393698692321777,0.8891409268137698
mena,mena_0138.jpg,0.2984153628349304,0.9195397088173467
mena,mena_0140.jpg,0.07212512940168381,0.9102914496168716
mena,mena_0141.jpg,0.3422493040561676,0.9368148389213679
mena,mena_0142.jpg,0.22838474810123444,0.9241233130972949
mena,mena_0143.jpg,0.44742724299430847,0.9283668155654293
mena,mena_0144.jpg,0.23313789069652557,0.9211555206879732
mena,mena_0145.jpg,0.448237806558609,0.8958344784879234
mena,mena_0146.jpg,0.2521575391292572,0.932464776097843
mena,mena_0149.jpg,0.3326680660247803,0.9222769964343068
mena,mena_0151.jpg,0.1253090500831604,0.8974165413923422
mena,mena_0152.jpg,0.37585151195526123,0.9178981560827957
mena,mena_0153.jpg,0.34707847237586975,0.9158409525192822
mena,mena_0154.jpg,0.4741041660308838,0.9291806825725512
mena,mena_0155.jpg,0.3416234254837036,0.9502460101306697
mena,mena_0156.jpg,0.25991469621658325,0.932855458081474
mena,mena_0158.jpg,0.018501246348023415,0.8899046523029891
mena,mena_0159.jpg,0.11290790140628815,0.9028536804753245
mena,mena_0161.jpg,0.33825036883354187,0.9408170092369107
mena,mena_0165.jpg,0.6280219554901123,0.91268120127896
mena,mena_0167.jpg,0.23980510234832764,0.933628419575293
mena,mena_0170.jpg,0.2883743643760681,0.8818279341221781
mena,mena_0171.jpg,0.3512798547744751,0.9273794499082336
mena,mena_0173.jpg,0.298468679189682,0.9118962373627467
mena,mena_0179.jpg,0.27764132618904114,0.9157224084337167
mena,mena_0183.jpg,0.8368019461631775,0.9296151138720212
mena,mena_0184.jpg,1.1992546319961548,0.9204366739783924
mena,mena_0187.jpg,0.3952673673629761,0.9326246692983442
mena,mena_0195.jpg,0.0631769448518753,0.9183997598518482
mena,mena_0196.jpg,0.11108019202947617,0.9166259209688938
mena,mena_0197.jpg,0.6139575839042664,0.8829959023083404
mena,mena_0198.jpg,0.36817488074302673,0.9246313777425308
mena,mena_0199.jpg,0.4690347909927368,0.8295162847066496
mena,mena_0205.jpg,0.6345899701118469,0.9313574675279753
mena,mena_0207.jpg,0.10197725147008896,0.9016315950083453
mena,mena_0208.jpg,0.22270841896533966,0.9233800518121218
mena,mena_0209.jpg,0.7068364024162292,0.8911772493841469
mena,mena_0210.jpg,0.3207240402698517,0.8418786657122694
mena,mena_0211.jpg,0.0869157686829567,0.9207222428897057
mena,mena_0212.jpg,0.3437967896461487,0.9084842763542145
mena,mena_0213.jpg,0.02661394327878952,0.8941889323331491
mena,mena_0214.jpg,0.24783708155155182,0.9447889346658342
mena,mena_0216.jpg,0.44612443447113037,0.9287830419706973
mena,mena_0217.jpg,0.5305336117744446,0.8853408774098666
mena,mena_0218.jpg,0.007812052965164185,0.8809342258523207
mena,mena_0219.jpg,0.2764875590801239,0.9301654457601058
mena,mena_0220.jpg,0.14591814577579498,0.8986149046464138
mena,mena_0224.jpg,0.11519186198711395,0.9133221490848931
mena,mena_0225.jpg,0.39344656467437744,0.9169995361867562
mena,mena_0227.jpg,0.481536865234375,0.9180502112363036
mena,mena_0229.jpg,0.14230215549468994,0.9078461537618256
mena,mena_0230.jpg,0.33485761284828186,0.9400612750701838
mena,mena_0233.jpg,0.06737121194601059,0.8928519354674481
mena,mena_0234.jpg,0.11539322882890701,0.9078370544530431
mena,mena_0237.jpg,0.31131985783576965,0.915970080463998
mena,mena_0241.jpg,0.6648054122924805,0.8841619158500695
mena,mena_0243.jpg,0.18026988208293915,0.9287396205998262
mena,mena_0246.jpg,0.5103771686553955,0.9224630464819985
mena,mena_0247.jpg,0.6371246576309204,0.9223807174411499
mena,mena_0250.jpg,0.7407609820365906,0.9009989238285293
mena,mena_0252.jpg,0.45419517159461975,0.9139498073868223
mena,mena_0253.jpg,0.07970383018255234,0.9169095441633389
mena,mena_0257.jpg,0.03316948190331459,0.9043599330534422
mena,mena_0258.jpg,0.6734657287597656,0.9160852006685776
mena,mena_0265.jpg,0.2802923023700714,0.9069641081926433
mena,mena_0267.jpg,0.5138435363769531,0.9084011840198308
mena,mena_0268.jpg,0.07832810282707214,0.9082187678805003
mena,mena_0276.jpg,0.37359631061553955,0.9109104922465674
mena,mena_0277.jpg,0.21615159511566162,0.9072224359383542
mena,mena_0278.jpg,0.36911141872406006,0.9053397118512628
mena,mena_0280.jpg,0.5642183423042297,0.9037150990419933
mena,mena_0281.jpg,0.7811896800994873,0.9251533408843722
mena,mena_0283.jpg,0.28624042868614197,0.9182292062717037
mena,mena_0284.jpg,0.9323168396949768,0.9384068553444013
mena,mena_0286.jpg,0.3919427990913391,0.9336752691655025
mena,mena_0287.jpg,0.3114880919456482,0.8774321033933293
mena,mena_0288.jpg,0.4319611191749573,0.9101358047301598
mena,mena_0293.jpg,0.0833873599767685,0.9072201609999848
mena,mena_0295.jpg,0.999180018901825,0.9147361098506439
mena,mena_0297.jpg,0.3599780797958374,0.8702785579291298
mena,mena_0299.jpg,0.3017743229866028,0.9202562719052583
mena,mena_0300.jpg,1.0081802606582642,0.8887252533330486
mena,mena_0304.jpg,0.6488268971443176,0.9038031872188562
mena,mena_0305.jpg,0.25027763843536377,0.9095049109501441
mena,mena_0311.jpg,0.8266100287437439,0.8997519777277834
mena,mena_0313.jpg,0.08054015040397644,0.9147507732631724
mena,mena_0317.jpg,0.2926514148712158,0.9236385392640606
mena,mena_0318.jpg,0.1710832417011261,0.9140389490675935
mena,mena_0320.jpg,0.4263031482696533,0.9164622574740464
mena,mena_0321.jpg,0.31097009778022766,0.9299087227758565
mena,mena_0325.jpg,0.05393397808074951,0.862883798945268
mena,mena_0328.jpg,1.0464891195297241,0.916760527487563
mena,mena_0332.jpg,0.4354017376899719,0.8866809511126235
mena,mena_0333.jpg,1.0759621858596802,0.874592479123744
mena,mena_0334.jpg,0.2741163969039917,0.9244457854553723
mena,mena_0337.jpg,0.3653612434864044,0.8917203860081265
mena,mena_0343.jpg,0.48058149218559265,0.9231974089327294
mena,mena_0347.jpg,0.5229366421699524,0.9069541268449821
mena,mena_0348.jpg,0.4594273865222931,0.9031294118736355
mena,mena_0352.jpg,0.4615294635295868,0.867931269804499
mena,mena_0353.jpg,0.39534321427345276,0.9067574212006532
mena,mena_0354.jpg,0.5629894733428955,0.9269815651701344
mena,mena_0355.jpg,0.8674602508544922,0.9171760880109431
mena,mena_0356.jpg,0.5670796036720276,0.9046811944823043
mena,mena_0357.jpg,1.2147578001022339,0.8624046527662691
mena,mena_0359.jpg,0.5502639412879944,0.9483856754719695
mena,mena_0360.jpg,0.5651649236679077,0.9438134457653976
mena,mena_0361.jpg,0.07138584554195404,0.9129257920497307
mena,mena_0362.jpg,0.18407398462295532,0.9283218886038519
mena,mena_0366.jpg,0.8505440354347229,0.9256367530152712
mena,mena_0377.jpg,0.22349315881729126,0.9011920567875973
mena,mena_0380.jpg,0.154632106423378,0.9025914765610535
mena,mena_0382.jpg,0.1371714025735855,0.8782466574252888
mena,mena_0384.jpg,0.09186651557683945,0.9059693660774671
mena,mena_0385.jpg,0.08800975233316422,0.9087205281603603
mena,mena_0386.jpg,1.401208519935608,0.8981707459585021
mena,mena_0387.jpg,0.05020029470324516,0.8982347035344637
mena,mena_0388.jpg,0.3438062369823456,0.9092035472498577
mena,mena_0393.jpg,0.969448983669281,0.8809433154314795
mena,mena_0394.jpg,0.3116665482521057,0.9115479415843664
mena,mena_0396.jpg,0.12771075963974,0.9037866655950884
mena,mena_0399.jpg,0.48625126481056213,0.9125783408988736
mena,mena_0401.jpg,0.2544812262058258,0.8998742723734241
mena,mena_0402.jpg,0.04486774653196335,0.9023613400176849
mena,mena_0405.jpg,0.7221807241439819,0.8739197889775753
mena,mena_0408.jpg,0.06309927254915237,0.8721634235907451
mena,mena_0412.jpg,0.07739992439746857,0.8948397313681139
mena,mena_0413.jpg,0.6425960659980774,0.9111989240806817
mena,mena_0421.jpg,0.1143798679113388,0.9342587641163581
mena,mena_0422.jpg,0.6833338141441345,0.8978896862512526
mena,mena_0423.jpg,1.0052791833877563,0.8917217769652289
mena,mena_0424.jpg,0.9849640130996704,0.8886055127176632
mena,mena_0427.jpg,0.09862904995679855,0.9116317399878012
mena,mena_0435.jpg,0.6857641935348511,0.8951402337224341
mena,mena_0436.jpg,0.19697842001914978,0.9147991067944536
mena,mena_0440.jpg,0.07023388147354126,0.9210986480049818
mena,mena_0444.jpg,0.11641525477170944,0.924474991036212
mena,mena_0446.jpg,0.6843817830085754,0.8911525299953609
mena,mena_0449.jpg,0.7376998662948608,0.9174545395957707
mena,mena_0450.jpg,0.22404615581035614,0.9288453740778156
mena,mena_0451.jpg,0.24350446462631226,0.9067586285523841
mena,mena_0456.jpg,0.04041755199432373,0.905709709925361
mena,mena_0457.jpg,0.26587775349617004,0.90982635555162
mena,mena_0458.jpg,0.048286765813827515,0.8954589490629039
mena,mena_0459.jpg,0.1253236085176468,0.899617504536483
mena,mena_0460.jpg,0.7471132278442383,0.9150072180549118
mena,mena_0462.jpg,0.16969364881515503,0.9198140608981467
mena,mena_0463.jpg,0.7533450722694397,0.9180264329320262
mena,mena_0464.jpg,1.3547565937042236,0.9155161243118541
mena,mena_0465.jpg,0.1528521329164505,0.9297516471586554
mena,mena_0467.jpg,0.2173534482717514,0.9138151713432737
mena,mena_0468.jpg,0.38004758954048157,0.922379959324057
mena,mena_0469.jpg,0.274882435798645,0.9181949456664014
mena,mena_0470.jpg,0.870598554611206,0.9016208993378357
mena,mena_0471.jpg,0.5905808806419373,0.9140247915045704
mena,mena_0472.jpg,0.3231326639652252,0.8898879172218164
mena,mena_0475.jpg,0.37520721554756165,0.9273031880559399
mena,mena_0476.jpg,0.10867957025766373,0.9231963352404682
mena,mena_0477.jpg,0.839814305305481,0.8815882167084579
mena,mena_0478.jpg,0.18368041515350342,0.9233184995712271
mena,mena_0479.jpg,0.09190282225608826,0.9090821826032249
mena,mena_0480.jpg,0.49645063281059265,0.9199773409862323
mena,mena_0481.jpg,0.3391108810901642,0.9079114376634219
mena,mena_0482.jpg,0.21295396983623505,0.9369836262670376
mena,mena_0483.jpg,0.7778199315071106,0.9058649462962215
mena,mena_0484.jpg,0.04407815635204315,0.8686915238264209
mena,mena_0487.jpg,0.2579886019229889,0.9245258895495285
mena,mena_0489.jpg,0.8181536793708801,0.9179334068785865
mena,mena_0490.jpg,0.04243448004126549,0.9135050743579562
mena,mena_0492.jpg,0.2488701343536377,0.9340752941585881
mena,mena_0495.jpg,0.14788198471069336,0.9209803556776777
mena,mena_0496.jpeg,0.2632223069667816,0.9012274445220487
mena,mena_0499.jpg,0.594924807548523,0.9077415552215856
mena,mena_0500.jpg,0.027625493705272675,0.8837962200291971
