filename,region,pred_mean,pred_std,pred_vote_1,pred_vote_2,pred_vote_3,pred_vote_4,pred_vote_5,pred_vote_6,pred_vote_7,pred_vote_8,pred_vote_9,pred_vote_10
east_asia_0001.jpg,east_asia,4.304029941558838,1.5040875673294067,0.03310504,0.08290159,0.12360219,0.36116466,0.21314873,0.11375654,0.050924774,0.012250233,0.004564186,0.0045820503
east_asia_0002.jpg,east_asia,4.568441867828369,1.4480541944503784,0.023231488,0.06740332,0.10010323,0.26066425,0.32440192,0.1640781,0.034124993,0.016942663,0.0039579775,0.00509208
east_asia_0003.jpg,east_asia,5.128603935241699,1.3519294261932373,0.0098476475,0.018130293,0.04189769,0.2227676,0.36088198,0.24514069,0.048412688,0.03497266,0.007678724,0.010269977
east_asia_0004.jpg,east_asia,5.4829511642456055,1.4191029071807861,0.008578449,0.011791375,0.02738232,0.14889733,0.36708766,0.23379129,0.1283575,0.044100013,0.01657581,0.013438256
east_asia_0006.jpg,east_asia,5.91092586517334,1.4069387912750244,0.002774703,0.005684988,0.014598871,0.092065185,0.30187017,0.3024603,0.14455627,0.09170627,0.027764732,0.016518475
east_asia_0007.jpg,east_asia,5.996891975402832,1.3736107349395752,0.001110623,0.0046079024,0.008880339,0.07342962,0.28591725,0.35031313,0.15975975,0.057019755,0.029351251,0.02961036
east_asia_0008.jpg,east_asia,5.427209377288818,1.4378176927566528,0.008315973,0.01858088,0.036673877,0.15478022,0.3257554,0.2791781,0.10391453,0.0466098,0.013448814,0.01274241
east_asia_0009.jpg,east_asia,4.829219818115234,1.397528886795044,0.015820427,0.038478356,0.055958346,0.28809187,0.3522888,0.14233755,0.07157181,0.024578046,0.0056443904,0.0052304137
east_asia_0013.jpg,east_asia,4.919858932495117,1.4244730472564697,0.01573051,0.04141403,0.067914434,0.20776604,0.37328798,0.19594204,0.058488756,0.025821501,0.007938816,0.005695822
east_asia_0014.jpg,east_asia,5.098301887512207,1.6059242486953735,0.014014507,0.037258353,0.062609635,0.26128978,0.23285028,0.2388382,0.09371324,0.027392218,0.015966041,0.01606771
east_asia_0019.jpg,east_asia,6.050538063049316,1.5776426792144775,0.005203646,0.010527063,0.014252437,0.093233004,0.25843212,0.29398808,0.14667611,0.10071051,0.049685206,0.027291795
east_asia_0020.jpg,east_asia,5.62415885925293,1.5222169160842896,0.009643722,0.013349814,0.032354604,0.14865954,0.27129892,0.29106125,0.12890562,0.06826099,0.019831158,0.016634407
east_asia_0021.jpg,east_asia,5.734948635101318,1.4657405614852905,0.0025805228,0.00657995,0.022461671,0.12753396,0.33469725,0.2601539,0.13602461,0.05919307,0.026189923,0.024585145
east_asia_0022.jpg,east_asia,5.968500137329102,1.5246539115905762,0.0022507324,0.0059560067,0.016408967,0.116005614,0.2739686,0.2676221,0.16944776,0.086799376,0.030424846,0.031115951
east_asia_0026.jpg,east_asia,5.9235944747924805,1.3786240816116333,0.0025563834,0.0038114418,0.017818619,0.07184643,0.3060504,0.33744615,0.13687421,0.07419951,0.028039465,0.021357356
east_asia_0027.jpg,east_asia,4.888769149780273,1.587717056274414,0.01808102,0.049083367,0.07433331,0.2843927,0.24756776,0.19242975,0.087074354,0.023527468,0.013309345,0.010200893
east_asia_0028.jpg,east_asia,6.3233747482299805,1.4368869066238403,0.0010272439,0.0022305986,0.0062102173,0.0547864,0.21710803,0.34491074,0.1897352,0.09139226,0.06017108,0.032428183
east_asia_0029.jpg,east_asia,5.579499244689941,1.5677043199539185,0.0071927025,0.020983694,0.036949113,0.16807902,0.25035292,0.2792889,0.1337428,0.06492692,0.020777237,0.017706748
east_asia_0030.jpg,east_asia,4.779104232788086,1.5083867311477661,0.03150694,0.041253626,0.07851533,0.23009427,0.35917208,0.16189153,0.059731305,0.02419262,0.006125819,0.007516513
east_asia_0036.jpeg,east_asia,4.928064346313477,1.4189724922180176,0.014423248,0.030788528,0.07498431,0.23029226,0.3623006,0.17970243,0.064074874,0.02922125,0.008194079,0.0060183792
east_asia_0038.jpg,east_asia,5.405272483825684,1.4110175371170044,0.0061129946,0.016144965,0.029007245,0.18585514,0.3217567,0.27253854,0.095857054,0.04440388,0.01705248,0.011271
east_asia_0041.jpg,east_asia,5.665152549743652,1.7567390203475952,0.018364197,0.029070476,0.04130361,0.12367159,0.25301528,0.26828334,0.10988843,0.10404027,0.029895492,0.02246735
east_asia_0042.jpg,east_asia,4.752657890319824,1.5286026000976562,0.017066779,0.06449,0.08025909,0.2774094,0.2683498,0.19066052,0.0650593,0.022593943,0.006793877,0.0073172934
east_asia_0043.jpg,east_asia,4.692078590393066,1.563294529914856,0.03600555,0.04327223,0.092415996,0.2599475,0.3178729,0.16314828,0.03982533,0.030131543,0.009399491,0.00798114
east_asia_0044.jpg,east_asia,4.34614896774292,1.6111907958984375,0.049041644,0.07890588,0.13253018,0.28554186,0.24519281,0.13554062,0.042942304,0.018934956,0.00544353,0.005926232
east_asia_0046.jpg,east_asia,5.258186340332031,1.5128172636032104,0.0044853343,0.031317353,0.06708035,0.17707872,0.32002246,0.23005378,0.09231689,0.055071127,0.011450907,0.011123014
east_asia_0048.jpg,east_asia,5.3509907722473145,1.3641337156295776,0.0075298264,0.017746748,0.03485158,0.15818952,0.35302123,0.28812754,0.08087424,0.03825829,0.009412292,0.0119886445
east_asia_0049.jpg,east_asia,4.740667343139648,1.3544903993606567,0.014685083,0.043031655,0.07291393,0.28474224,0.344809,0.15755704,0.057961997,0.014748859,0.0064054606,0.0031447206
east_asia_0052.jpg,east_asia,4.72910213470459,1.7690030336380005,0.03312321,0.10702751,0.07716434,0.1860137,0.29378596,0.17136385,0.072136104,0.038105972,0.013330812,0.00794854
east_asia_0057.jpg,east_asia,4.816278457641602,1.2972925901412964,0.014252595,0.024464479,0.060505833,0.29636952,0.3645407,0.15740065,0.05444936,0.017683592,0.0069529465,0.0033803326
east_asia_0058.jpg,east_asia,5.72744083404541,1.3918218612670898,0.0048773796,0.007839832,0.01762533,0.09625778,0.3483343,0.31042066,0.11667738,0.05468559,0.022262832,0.021018932
east_asia_0059.jpg,east_asia,6.108277797698975,1.4467923641204834,0.0027113957,0.0045274496,0.012575686,0.060992118,0.27629992,0.31801924,0.17055623,0.08736718,0.03713838,0.0298124
east_asia_0061.jpg,east_asia,5.627856254577637,1.5236109495162964,0.0065994356,0.009578708,0.02762908,0.15725718,0.31335464,0.252773,0.12464387,0.063475624,0.020424698,0.024263812
east_asia_0062.jpg,east_asia,4.964900970458984,1.3915834426879883,0.018611692,0.027298903,0.05953901,0.22099833,0.37373456,0.19275817,0.06866296,0.027245637,0.006253953,0.0048968145
east_asia_0064.jpg,east_asia,5.893243789672852,1.4497267007827759,0.0028101034,0.006084121,0.0146191185,0.09554415,0.3009817,0.33121,0.11536084,0.07536054,0.0306423,0.027387228
east_asia_0066.jpg,east_asia,4.515327453613281,1.327176809310913,0.016737381,0.050471272,0.09032693,0.36500826,0.29214895,0.12013209,0.04489008,0.014497378,0.0029898777,0.0027977796
east_asia_0067.jpg,east_asia,5.139402389526367,1.5145738124847412,0.012321253,0.024959594,0.05373056,0.23157862,0.3402515,0.17480472,0.09815236,0.03911864,0.0112735415,0.013809259
east_asia_0068.jpg,east_asia,5.170502185821533,1.320258378982544,0.0073965513,0.01914776,0.038228907,0.21615891,0.35918096,0.23372349,0.08284981,0.028506579,0.008828771,0.005978222
east_asia_0074.jpg,east_asia,5.339900016784668,1.5014355182647705,0.014386532,0.025528075,0.035938885,0.16707468,0.33097228,0.2435675,0.11618221,0.04216067,0.010377421,0.013811769
east_asia_0078.jpg,east_asia,5.183115005493164,1.5949283838272095,0.016168043,0.03549577,0.06568642,0.19174783,0.2889742,0.23310609,0.10084685,0.042162564,0.012953383,0.0128588565
east_asia_0079.jpg,east_asia,6.06220006942749,1.399406909942627,0.0021336721,0.004451299,0.01294963,0.07156025,0.2891727,0.26535982,0.21322261,0.09305913,0.029889071,0.018201813
east_asia_0083.jpg,east_asia,4.9881792068481445,1.487364649772644,0.02189699,0.038327347,0.058756966,0.19780406,0.35887712,0.21555465,0.061938636,0.02905842,0.009468498,0.00831725
east_asia_0084.jpg,east_asia,4.614194869995117,1.5246464014053345,0.029769666,0.037788894,0.121924505,0.2967976,0.28045404,0.14226605,0.04887859,0.025873804,0.01159269,0.004654233
east_asia_0085.jpg,east_asia,5.153635025024414,1.4159233570098877,0.012166678,0.020577816,0.03979087,0.21177247,0.37458733,0.22150259,0.06346156,0.031216962,0.011306034,0.013617719
east_asia_0086.jpg,east_asia,5.317917823791504,1.4651308059692383,0.012520798,0.022490306,0.041477244,0.1722545,0.3193094,0.26941118,0.10674656,0.028092327,0.014989091,0.012708659
east_asia_0087.jpg,east_asia,5.287066459655762,1.6758813858032227,0.014300553,0.038579836,0.06675771,0.18980393,0.24949254,0.23029265,0.12817717,0.048460897,0.019376677,0.0147581035
east_asia_0088.jpg,east_asia,4.598348140716553,1.6248809099197388,0.030677034,0.05508974,0.13829286,0.28155032,0.22491032,0.16152294,0.060889527,0.033016276,0.008144496,0.0059065
east_asia_0091.jpg,east_asia,4.778716087341309,1.5751622915267944,0.040350553,0.041367993,0.06517639,0.26909542,0.2943913,0.17647709,0.0717222,0.026826816,0.009692337,0.0048998604
east_asia_0093.jpg,east_asia,5.5979461669921875,1.5973517894744873,0.0053512035,0.023276512,0.03723551,0.16213904,0.2704732,0.26215163,0.12167396,0.06269358,0.04281598,0.012189363
east_asia_0094.jpg,east_asia,5.87840461730957,1.541446328163147,0.0068288995,0.014163323,0.02617785,0.09454664,0.2698649,0.2861497,0.17389788,0.0734176,0.033851847,0.02110136
east_asia_0096.jpg,east_asia,4.671878814697266,1.364548921585083,0.021297632,0.041749667,0.075451374,0.3057912,0.3173521,0.1738946,0.041102402,0.014122054,0.005647445,0.0035914879
east_asia_0097.jpg,east_asia,4.939424514770508,1.5662187337875366,0.01889548,0.042234782,0.08269169,0.24068245,0.27326214,0.2187163,0.07052303,0.03487736,0.0072008646,0.01091586
east_asia_0098.jpg,east_asia,4.720531463623047,1.5495237112045288,0.03179362,0.0461016,0.082144864,0.28089377,0.297263,0.15123515,0.073204,0.023650099,0.0059680133,0.007745843
east_asia_0099.jpg,east_asia,4.806626319885254,1.4632986783981323,0.017618027,0.04166412,0.0983975,0.2301255,0.32835442,0.19722159,0.05114775,0.020113051,0.007635918,0.0077221557
east_asia_0100.jpg,east_asia,4.827670097351074,1.3404322862625122,0.014962203,0.03161318,0.06436124,0.28149018,0.34087092,0.18281175,0.05526655,0.019585988,0.00472188,0.0043161474
east_asia_0102.jpg,east_asia,5.834965229034424,1.5806827545166016,0.0036492236,0.009689829,0.027096301,0.13285269,0.2688945,0.28456444,0.1365355,0.07007685,0.035392042,0.031248622
east_asia_0103.jpg,east_asia,4.980116844177246,1.4675977230072021,0.0086362455,0.034290697,0.08990389,0.21927856,0.3285338,0.20043682,0.06387605,0.038799573,0.009188748,0.0070555843
east_asia_0104.jpg,east_asia,5.104947090148926,1.3008904457092285,0.009155536,0.018585216,0.032175157,0.22930703,0.3977577,0.1996149,0.069526106,0.030284854,0.0065065273,0.0070869504
east_asia_0106.jpg,east_asia,5.207770347595215,1.360579013824463,0.011390914,0.025265679,0.03881824,0.15293057,0.4021322,0.25963607,0.057989236,0.032449696,0.010203274,0.009184194
east_asia_0107.jpg,east_asia,5.042625427246094,1.4229015111923218,0.013654512,0.02666254,0.047230355,0.24173675,0.35517654,0.19386196,0.07350987,0.029948238,0.008393837,0.009825377
east_asia_0110.jpg,east_asia,5.7826972007751465,1.3592753410339355,0.002110106,0.005141594,0.015327495,0.11736548,0.2950568,0.33303964,0.13429762,0.053996842,0.027364269,0.016300106
east_asia_0111.jpg,east_asia,5.056582450866699,1.6389291286468506,0.02723144,0.021276582,0.097848944,0.19727464,0.285356,0.22573517,0.08805452,0.027867008,0.009913269,0.019442437
east_asia_0112.jpg,east_asia,5.541388988494873,1.5193297863006592,0.008213364,0.018915098,0.039011944,0.14014485,0.3139762,0.25327438,0.13543569,0.05203694,0.026057443,0.012934059
east_asia_0113.jpg,east_asia,5.508450508117676,1.5244693756103516,0.004878899,0.021695547,0.03845054,0.16395107,0.2917041,0.27349594,0.11468007,0.051338203,0.021994201,0.01781145
east_asia_0115.jpg,east_asia,4.230437278747559,1.4655708074569702,0.04774736,0.076598704,0.12168925,0.33468488,0.26683405,0.104493715,0.028234176,0.013671918,0.0029211533,0.0031247719
east_asia_0121.jpg,east_asia,5.144317150115967,1.72317373752594,0.018120045,0.04999442,0.043980114,0.2589634,0.25519764,0.17798278,0.101114854,0.062234256,0.015273517,0.01713897
east_asia_0126.jpg,east_asia,4.2967329025268555,1.7022053003311157,0.04159034,0.10630842,0.15498024,0.2555192,0.2555192,0.098800465,0.040212445,0.030854542,0.005365644,0.010849488
east_asia_0128.jpg,east_asia,5.363193511962891,1.5649114847183228,0.016698634,0.021694215,0.042651866,0.17506905,0.28305727,0.2983847,0.09234504,0.02783213,0.022463612,0.019803511
east_asia_0129.jpg,east_asia,4.378891944885254,1.592220425605774,0.042394504,0.08771295,0.11540915,0.28424907,0.26340136,0.13492696,0.041110232,0.019057453,0.006335317,0.005403031
east_asia_0130.jpg,east_asia,4.040477752685547,1.4721044301986694,0.056632634,0.08694679,0.182991,0.2952884,0.24768835,0.09337143,0.024061866,0.0070160935,0.0034411447,0.0025622412
east_asia_0131.jpg,east_asia,4.584808349609375,1.4646750688552856,0.02815988,0.06589061,0.086442575,0.25984007,0.33889532,0.15576485,0.03875401,0.0158006,0.005090872,0.005361302
east_asia_0132.jpg,east_asia,4.329723358154297,1.389609694480896,0.029422762,0.06277652,0.14696096,0.3021339,0.30331638,0.103602104,0.03511142,0.011122724,0.003159214,0.0023940334
east_asia_0134.jpg,east_asia,6.027022361755371,1.4570010900497437,0.0020765539,0.005040113,0.011919148,0.08933814,0.2811569,0.29121712,0.17697743,0.071157046,0.05060594,0.020511648
east_asia_0135.jpg,east_asia,5.2601847648620605,1.5800992250442505,0.0145708015,0.034605406,0.054388802,0.17352377,0.31237525,0.23123255,0.106176585,0.043172397,0.01828927,0.011665171
east_asia_0136.jpg,east_asia,4.7175493240356445,1.60084068775177,0.035886046,0.04921835,0.10614661,0.22361779,0.31596816,0.1577964,0.06740503,0.030230148,0.007294253,0.006437156
east_asia_0138.jpg,east_asia,4.423264503479004,1.321164608001709,0.021379316,0.054647338,0.11147397,0.33672273,0.32067615,0.103500076,0.034533024,0.011419802,0.002668107,0.0029793964
east_asia_0143.jpg,east_asia,4.428635597229004,1.5258820056915283,0.035901245,0.07671133,0.10202374,0.3195159,0.2517725,0.14136955,0.046732686,0.016783496,0.0051948433,0.0039947107
east_asia_0146.jpg,east_asia,5.237797737121582,1.673155665397644,0.01890076,0.041373868,0.07428094,0.16576794,0.24332011,0.28614175,0.09344253,0.0422208,0.020594366,0.013956977
east_asia_0147.jpg,east_asia,4.956448554992676,1.5523172616958618,0.012534955,0.035430875,0.0878637,0.26958412,0.2597634,0.20309572,0.07199293,0.037367683,0.012825947,0.009540748
east_asia_0148.jpg,east_asia,4.876565456390381,1.6835048198699951,0.046065956,0.04221062,0.07617276,0.19961345,0.30289158,0.21667835,0.062688604,0.029014448,0.012999845,0.01166437
east_asia_0153.jpg,east_asia,4.351263046264648,1.401794195175171,0.029995682,0.07659666,0.12640992,0.27556592,0.330454,0.115773916,0.030872384,0.0078095733,0.0041354997,0.0023864417
east_asia_0154.jpg,east_asia,4.72039794921875,1.7143081426620483,0.038830355,0.06043601,0.117063664,0.23902905,0.20848486,0.21342893,0.08333546,0.017421214,0.01203202,0.009938433
east_asia_0155.jpg,east_asia,5.248319625854492,1.5469163656234741,0.010742844,0.024044445,0.046188742,0.23709911,0.28377047,0.22491978,0.09664237,0.04627904,0.015706297,0.014606855
east_asia_0156.jpg,east_asia,4.776092529296875,1.5163452625274658,0.023848206,0.049935024,0.07692658,0.2677147,0.29749298,0.1865303,0.05852266,0.024728682,0.006407697,0.007893156
east_asia_0157.jpg,east_asia,4.8496809005737305,1.5561143159866333,0.024953216,0.04458177,0.06738423,0.2752384,0.28564417,0.1858722,0.06972721,0.027375655,0.0103236195,0.008899516
east_asia_0160.jpg,east_asia,5.499277114868164,1.4738919734954834,0.0056213336,0.019217415,0.030731844,0.15969226,0.3270279,0.24541144,0.13342787,0.03982826,0.02638922,0.012652417
east_asia_0161.jpg,east_asia,5.339785575866699,1.4055248498916626,0.0075198296,0.017194161,0.041860405,0.16669676,0.36056083,0.23785117,0.10249851,0.044560168,0.010954652,0.010303513
east_asia_0162.jpg,east_asia,5.30972957611084,1.5908206701278687,0.018671235,0.026204005,0.053763848,0.15579891,0.3159542,0.26347452,0.0866305,0.047353853,0.01318827,0.018960634
east_asia_0165.jpg,east_asia,4.265655517578125,1.384848952293396,0.041334566,0.071002476,0.12608212,0.2966053,0.3283121,0.09809701,0.026949499,0.0076125986,0.0020842194,0.0019200728
east_asia_0167.jpg,east_asia,4.32470703125,1.4677354097366333,0.04653613,0.06373171,0.12023495,0.30763096,0.29526857,0.112509936,0.03493915,0.012199095,0.0035849786,0.0033644882
east_asia_0171.jpg,east_asia,4.58438777923584,1.406842589378357,0.025156153,0.04069314,0.1132386,0.28081614,0.3341294,0.13685887,0.044955317,0.013628832,0.0058882223,0.004635279
east_asia_0175.jpg,east_asia,6.050750732421875,1.4801878929138184,0.0033686976,0.004217049,0.013830547,0.08193551,0.2761036,0.29679504,0.18178187,0.07316017,0.037403066,0.031404402
east_asia_0181.jpg,east_asia,5.330051422119141,1.4938929080963135,0.007524105,0.02499799,0.031569574,0.18507265,0.36094198,0.22324023,0.09676748,0.036071192,0.010709585,0.023105253
east_asia_0183.jpg,east_asia,4.884406566619873,1.4995619058609009,0.018215029,0.034317993,0.07105491,0.27079,0.3240932,0.17381373,0.054906983,0.032011323,0.010525333,0.0102714775
east_asia_0186.jpg,east_asia,4.928196907043457,1.6297882795333862,0.024526801,0.035606872,0.089887954,0.23844771,0.2979144,0.18353973,0.06361573,0.038247254,0.01523229,0.012981242
east_asia_0187.jpg,east_asia,5.118742942810059,1.5520561933517456,0.009422667,0.022329556,0.08758506,0.19892402,0.36874688,0.15162927,0.08171801,0.047156405,0.021458402,0.011029671
east_asia_0188.jpg,east_asia,5.034884452819824,1.3930710554122925,0.003907398,0.0121895885,0.06726061,0.2804258,0.3531094,0.16103499,0.059010502,0.03877569,0.014782411,0.009503552
east_asia_0193.jpg,east_asia,5.5429487228393555,1.434632420539856,0.007837927,0.011683111,0.032124497,0.14552692,0.3062806,0.30153218,0.115346335,0.048366074,0.0147094615,0.016592892
east_asia_0196.jpg,east_asia,5.120853424072266,1.4804577827453613,0.007077521,0.02260241,0.059317254,0.24371175,0.33902177,0.19017397,0.06289671,0.050391085,0.011861301,0.012946241
east_asia_0201.jpg,east_asia,4.749251842498779,1.5667599439620972,0.02392315,0.06356224,0.083387956,0.22956795,0.34597114,0.14735427,0.059188683,0.03012747,0.008724888,0.008192273
east_asia_0204.jpg,east_asia,5.070007801055908,1.4018839597702026,0.01050605,0.02069578,0.056656677,0.25516048,0.31201914,0.21739943,0.07927694,0.032742374,0.009303302,0.006239844
east_asia_0207.jpg,east_asia,4.7942891120910645,1.4291918277740479,0.012587292,0.043326817,0.07312784,0.2963743,0.32108355,0.14585878,0.069574945,0.025846368,0.0063992064,0.0058208564
east_asia_0210.jpg,east_asia,4.94473123550415,1.4592844247817993,0.019593477,0.034674257,0.06680375,0.22011322,0.34561104,0.21168083,0.061063576,0.024786625,0.0056853467,0.009987843
east_asia_0211.jpg,east_asia,5.409440517425537,1.6316545009613037,0.01869122,0.02550658,0.04035344,0.16587773,0.30213088,0.23714523,0.12278928,0.037284404,0.038374137,0.011847191
east_asia_0213.jpg,east_asia,4.7311835289001465,1.634486198425293,0.030420974,0.07130304,0.100651644,0.20154275,0.30255148,0.18458514,0.06360431,0.029273426,0.010327499,0.0057397042
east_asia_0214.jpg,east_asia,5.895956993103027,1.6966552734375,0.010365742,0.013559144,0.034145985,0.11481149,0.24400721,0.2669447,0.16574974,0.077837214,0.03364945,0.038929354
east_asia_0216.jpg,east_asia,5.687253952026367,1.7811728715896606,0.0130273495,0.021694545,0.043324195,0.16672863,0.23466626,0.23420839,0.14108679,0.067463204,0.049951132,0.027849544
east_asia_0217.jpg,east_asia,4.224489688873291,1.6296250820159912,0.05255925,0.10842538,0.13414924,0.28178385,0.21478896,0.14294063,0.042522233,0.01330854,0.0054352097,0.0040867166
east_asia_0220.jpg,east_asia,4.494833946228027,1.3774662017822266,0.03094223,0.050915565,0.0931919,0.30856317,0.33691046,0.12012913,0.040395703,0.0134473,0.0024883356,0.0030161971
east_asia_0222.jpg,east_asia,5.306460380554199,1.6972150802612305,0.019346662,0.021820517,0.07133089,0.18232779,0.28740263,0.22869025,0.08868607,0.055606823,0.02252589,0.022262437
east_asia_0231.jpg,east_asia,3.661292314529419,1.2381819486618042,0.052842684,0.11230581,0.23269793,0.39583254,0.15806755,0.03458746,0.007873563,0.003941716,0.0006056635,0.0012451705
east_asia_0232.jpg,east_asia,4.357170104980469,1.6445022821426392,0.04465728,0.057565514,0.18976657,0.2632076,0.2501753,0.1037806,0.051425315,0.0201237,0.012256404,0.0070416983
east_asia_0236.jpg,east_asia,5.3332929611206055,1.3672293424606323,0.007439318,0.01250575,0.047040906,0.1583622,0.36676762,0.25355682,0.09255244,0.04243571,0.009653083,0.009686133
east_asia_0238.jpg,east_asia,4.969118118286133,1.4283795356750488,0.010489215,0.0371512,0.07019144,0.2181135,0.36598548,0.18474932,0.06441129,0.034426413,0.0082371,0.0062450734
east_asia_0239.jpg,east_asia,5.242347240447998,1.4245038032531738,0.010540187,0.021951556,0.05417168,0.17762211,0.33640984,0.24136226,0.10180077,0.03971033,0.009923371,0.006507905
east_asia_0240.jpg,east_asia,5.0629706382751465,1.5017105340957642,0.01664262,0.030335197,0.06124887,0.21440679,0.34262106,0.20102352,0.07445969,0.03960321,0.0095968,0.010062273
east_asia_0245.jpg,east_asia,5.409915924072266,1.4374840259552002,0.00586294,0.016123017,0.035914864,0.1968266,0.29604936,0.25521052,0.12078859,0.049330078,0.013854866,0.010039156
east_asia_0246.jpg,east_asia,5.766278266906738,1.474143624305725,0.0063104187,0.0072137658,0.017092882,0.14236769,0.2691131,0.30435008,0.14292489,0.0622566,0.02910793,0.019262666
east_asia_0248.jpg,east_asia,4.461472988128662,1.4580186605453491,0.030330809,0.048753325,0.10965293,0.36306643,0.26048744,0.109545894,0.047577467,0.020693917,0.0048131114,0.005078696
east_asia_0249.jpg,east_asia,6.607114791870117,1.401453971862793,0.0005233772,0.0025436545,0.005027879,0.040219177,0.14597079,0.32385033,0.22345002,0.16932908,0.057051443,0.032034226
east_asia_0258.jpg,east_asia,4.381862163543701,1.44467294216156,0.0306766,0.07852693,0.09426016,0.345801,0.26826018,0.121624894,0.0406796,0.012229149,0.0049085603,0.0030329486
east_asia_0259.jpg,east_asia,4.041508674621582,1.441264033317566,0.052016776,0.08304143,0.19459142,0.29325965,0.24888624,0.095300496,0.019865425,0.007841863,0.0033975365,0.0017991392
east_asia_0260.jpg,east_asia,4.983014106750488,1.43766188621521,0.015968308,0.030791935,0.07379392,0.19883735,0.36358127,0.22009288,0.05356864,0.023672486,0.011024866,0.008668317
east_asia_0262.jpg,east_asia,5.22772216796875,1.4208061695098877,0.008487104,0.020855041,0.04680862,0.2011549,0.33752963,0.24406502,0.08159202,0.036277022,0.013225562,0.010005137
east_asia_0263.jpg,east_asia,6.104740142822266,1.498679518699646,0.0030786179,0.0070229815,0.017501276,0.091119885,0.19065344,0.3747423,0.15867588,0.08909606,0.035683062,0.032426406
east_asia_0264.jpg,east_asia,5.707902431488037,1.5860962867736816,0.0116998,0.013509197,0.043576293,0.13344027,0.23557122,0.29089162,0.13370115,0.1045341,0.021456275,0.011620094
east_asia_0271.jpg,east_asia,6.0762763023376465,1.5017385482788086,0.0023821043,0.011281452,0.017791599,0.10338832,0.18162943,0.34265846,0.19372153,0.084054105,0.03910788,0.023985092
east_asia_0273.jpg,east_asia,6.551888942718506,1.4713540077209473,0.00042660767,0.0016955248,0.0071036555,0.046096023,0.14894517,0.36792353,0.20003656,0.10256855,0.08273872,0.042465646
east_asia_0277.jpg,east_asia,4.336844444274902,1.40395188331604,0.034929477,0.06500245,0.11758933,0.34225556,0.26088336,0.13324618,0.029745758,0.011335789,0.002800768,0.002211267
east_asia_0285.jpg,east_asia,4.835339546203613,1.5313210487365723,0.019051816,0.049846806,0.08462682,0.26016036,0.27639887,0.18885615,0.08027971,0.027893342,0.007025046,0.0058610537
east_asia_0288.jpg,east_asia,5.734948635101318,1.5481876134872437,0.0042709475,0.016063388,0.03517143,0.14923865,0.20963971,0.33174768,0.14578153,0.056313664,0.03131268,0.020460293
east_asia_0292.jpg,east_asia,6.58144474029541,1.4721587896347046,0.0007937417,0.0031981023,0.0053375387,0.04968592,0.17615189,0.26703033,0.23796602,0.1645126,0.058544323,0.036779486
east_asia_0300.jpg,east_asia,6.256402492523193,1.40724515914917,0.0014275056,0.0021241878,0.0055231918,0.055105466,0.2520826,0.30946186,0.19214925,0.11814873,0.03345581,0.030521417
east_asia_0301.jpg,east_asia,6.207108497619629,1.517080307006836,0.003102534,0.005712009,0.013358865,0.06711704,0.23494883,0.31247482,0.19439934,0.080879584,0.05345814,0.03454889
east_asia_0302.jpg,east_asia,5.376233100891113,1.7166473865509033,0.011085819,0.03918767,0.070270106,0.18173358,0.22441103,0.24454926,0.12699445,0.060754348,0.02545636,0.015557363
east_asia_0304.jpg,east_asia,5.4098052978515625,1.5729405879974365,0.014759049,0.020087222,0.04179898,0.16998395,0.3144856,0.23462054,0.116714105,0.052890487,0.017335301,0.017324723
east_asia_0312.jpg,east_asia,5.895568370819092,1.4948935508728027,0.0037457605,0.010420948,0.022120474,0.12223878,0.24452943,0.28532603,0.16806245,0.10213432,0.026669357,0.014752511
east_asia_0313.jpg,east_asia,4.913812160491943,1.680659294128418,0.020894604,0.06562929,0.10663094,0.1887952,0.25060198,0.22202104,0.08935489,0.03665327,0.011449297,0.007969515
east_asia_0314.jpg,east_asia,4.821555137634277,1.1837186813354492,0.008484721,0.02285646,0.046374667,0.30063412,0.40139922,0.15535888,0.043906655,0.012836973,0.0049769627,0.0031712828
east_asia_0324.jpg,east_asia,4.539443016052246,1.4817249774932861,0.020589707,0.08189243,0.10014092,0.26930276,0.30219445,0.15165642,0.05154813,0.013068457,0.004927638,0.0046790815
east_asia_0327.jpg,east_asia,5.218437671661377,1.5590507984161377,0.018395998,0.037741523,0.05151104,0.1692284,0.29354486,0.2779227,0.09455844,0.030370623,0.0142866485,0.012439758
east_asia_0328.jpg,east_asia,5.689599514007568,1.4849672317504883,0.004611248,0.010837266,0.017230393,0.12959784,0.3407786,0.27976987,0.10495153,0.060622767,0.024928173,0.0266723
east_asia_0330.jpg,east_asia,5.4251627922058105,1.5678825378417969,0.011852032,0.025796525,0.047730267,0.14940773,0.30477372,0.264792,0.10888288,0.050709467,0.020133931,0.01592142
east_asia_0333.jpg,east_asia,4.721819877624512,1.5306588411331177,0.019896725,0.056102265,0.086048454,0.28352305,0.29424205,0.16505483,0.0527032,0.024093963,0.009087172,0.009248319
east_asia_0336.jpg,east_asia,4.5704145431518555,1.3993088006973267,0.027860777,0.04720801,0.097624265,0.28665358,0.3312276,0.14698136,0.04028069,0.014703569,0.0035698812,0.0038902361
east_asia_0337.jpg,east_asia,5.642514228820801,1.4828836917877197,0.005754276,0.0147659825,0.046720427,0.10773028,0.28052476,0.329894,0.11959642,0.05348683,0.026182204,0.015344824
east_asia_0338.jpg,east_asia,4.665205955505371,1.5348587036132812,0.030199137,0.05747603,0.0887602,0.2652479,0.29764435,0.17634845,0.04839967,0.021598164,0.008373722,0.0059523727
east_asia_0351.jpg,east_asia,5.02125883102417,1.8594995737075806,0.028615532,0.05378323,0.10550832,0.2118875,0.2233611,0.18919423,0.09457705,0.050846405,0.022045666,0.02018091
east_asia_0353.jpg,east_asia,4.888326644897461,1.787663221359253,0.031183038,0.0717631,0.105285026,0.17122857,0.2741574,0.19308229,0.08476429,0.040899362,0.013346331,0.014290583
east_asia_0355.jpg,east_asia,4.937103271484375,1.3533754348754883,0.014933545,0.026292505,0.060878705,0.22707713,0.39235407,0.18788622,0.058489338,0.016086515,0.008583992,0.0074179517
east_asia_0360.jpg,east_asia,4.65179443359375,1.3283928632736206,0.016190378,0.035268195,0.10106016,0.2850958,0.35550112,0.14307547,0.035475448,0.020911025,0.0042952634,0.003127175
east_asia_0368.jpg,east_asia,5.418014049530029,1.54092276096344,0.009757406,0.02780899,0.060122613,0.13106363,0.2848749,0.31104597,0.086712405,0.059917465,0.015927019,0.012769628
east_asia_0373.jpg,east_asia,5.210012435913086,1.4940468072891235,0.016925905,0.018367851,0.042473875,0.21485923,0.32890344,0.2318649,0.07616284,0.045902792,0.011968614,0.01257059
east_asia_0374.jpg,east_asia,5.885928153991699,1.5372570753097534,0.0063776886,0.016868735,0.021427475,0.092537165,0.25675392,0.33291388,0.13398497,0.08039769,0.038331144,0.020407278
east_asia_0375.jpg,east_asia,6.119899272918701,1.4019601345062256,0.00334487,0.0042781536,0.009563605,0.059988115,0.2510839,0.34927696,0.1812025,0.07931627,0.034130163,0.027815452
east_asia_0376.jpg,east_asia,5.720034122467041,1.5088987350463867,0.004609777,0.009417173,0.038091682,0.13133994,0.2705468,0.29196006,0.14853725,0.05496492,0.03234378,0.018188674
east_asia_0377.jpg,east_asia,5.618278980255127,1.7070508003234863,0.008377761,0.034341253,0.055898067,0.13415799,0.23683827,0.25359458,0.15039662,0.075366125,0.034865014,0.016164334
east_asia_0381.jpg,east_asia,5.15191125869751,1.5341545343399048,0.013883127,0.030572563,0.06245576,0.1980967,0.32724476,0.21714212,0.08169666,0.045515466,0.011876318,0.011516543
east_asia_0392.jpg,east_asia,5.323367118835449,1.408926248550415,0.0067265644,0.020035287,0.03993745,0.16489077,0.38188785,0.21801853,0.10099276,0.044509955,0.013393711,0.009607171
east_asia_0397.jpg,east_asia,5.0545759201049805,1.3726252317428589,0.0100141335,0.023489103,0.045564745,0.25167,0.34669006,0.20823465,0.06833402,0.02652582,0.013968743,0.0055087693
east_asia_0398.jpg,east_asia,5.3664655685424805,1.594217300415039,0.013208643,0.03136264,0.050117355,0.13425206,0.36564836,0.20490994,0.10776925,0.059661314,0.016910616,0.016159877
east_asia_0405.jpg,east_asia,4.504496097564697,1.4041576385498047,0.02633701,0.04699667,0.12001021,0.31556785,0.2741701,0.15805885,0.039343957,0.012504671,0.0028921228,0.004118572
east_asia_0406.jpg,east_asia,5.371272087097168,1.403718113899231,0.0053855972,0.019070305,0.030392533,0.16206947,0.3827569,0.23999141,0.093432926,0.038457297,0.011566726,0.016876804
east_asia_0407.jpg,east_asia,4.3882622718811035,1.4360005855560303,0.03598245,0.06275156,0.12491833,0.28538296,0.32086468,0.113406695,0.03761733,0.012601765,0.0031517965,0.0033224649
east_asia_0413.png,east_asia,6.072103500366211,1.477414846420288,0.0025717097,0.004439179,0.015190861,0.06255069,0.30222523,0.2934994,0.16463825,0.09030246,0.027953915,0.03662829
east_asia_0414.jpg,east_asia,5.874953746795654,1.4664808511734009,0.005367551,0.007718754,0.020360425,0.087307304,0.29942262,0.31440568,0.14102347,0.070496775,0.029821077,0.024076259
east_asia_0415.jpg,east_asia,4.426676273345947,1.556024193763733,0.038959842,0.075871065,0.12255104,0.27083135,0.27888325,0.14341666,0.04169589,0.017509205,0.0046827197,0.005599011
east_asia_0416.jpg,east_asia,4.77420711517334,1.4206255674362183,0.022790935,0.03920653,0.08091933,0.23853293,0.37161812,0.15766065,0.057661258,0.019958846,0.007754225,0.0038971656
east_asia_0422.jpg,east_asia,5.2000932693481445,1.5399000644683838,0.015373345,0.026221266,0.055105336,0.20454133,0.31127968,0.22729272,0.09094211,0.042895135,0.014605026,0.011744066
east_asia_0426.jpg,east_asia,6.068365573883057,1.5808311700820923,0.00588949,0.011821817,0.015795762,0.09626596,0.24272265,0.27130607,0.17757969,0.10603767,0.05223677,0.020344151
east_asia_0427.jpg,east_asia,4.214104175567627,1.4330828189849854,0.047186427,0.050970893,0.18975009,0.27988526,0.28652257,0.09950422,0.030184511,0.010477431,0.0037504646,0.0017681374
east_asia_0433.jpg,east_asia,6.01235294342041,1.5706210136413574,0.0056772097,0.014199516,0.029688412,0.09216397,0.21851408,0.29867336,0.15525264,0.13943964,0.030251797,0.01613934
east_asia_0434.jpg,east_asia,6.449963092803955,1.5517919063568115,0.0036876139,0.004409188,0.014087834,0.05751524,0.16970831,0.31705686,0.19043589,0.14487597,0.060040455,0.03818268
east_asia_0444.jpg,east_asia,5.100661277770996,1.5074089765548706,0.0144002205,0.034183584,0.061446775,0.1983526,0.33872974,0.21784773,0.06814835,0.04818305,0.01017396,0.008533932
east_asia_0447.jpg,east_asia,5.694334506988525,1.5746887922286987,0.007946922,0.015767729,0.040893383,0.12857033,0.2517285,0.30423614,0.14856274,0.053075235,0.02289994,0.026319088
east_asia_0455.jpg,east_asia,4.283834934234619,1.4027584791183472,0.03453633,0.08292929,0.10700453,0.33939618,0.27809125,0.113240264,0.029182078,0.01178451,0.0019617712,0.0018737642
east_asia_0458.jpg,east_asia,4.329850196838379,1.2808531522750854,0.02478983,0.059583973,0.12107026,0.3323327,0.3323327,0.09633728,0.020672264,0.008897544,0.00205685,0.0019265792
east_asia_0459.jpg,east_asia,5.123604774475098,1.6179150342941284,0.023741918,0.037681013,0.049289495,0.20751654,0.30017078,0.23885004,0.07709023,0.03655737,0.010504592,0.018598033
east_asia_0461.jpg,east_asia,5.340234279632568,1.5292607545852661,0.0095786145,0.02399847,0.041811265,0.1914545,0.31076133,0.25068104,0.088169366,0.05329495,0.012535643,0.017714813
east_asia_0472.jpg,east_asia,4.81154727935791,1.5199278593063354,0.021013971,0.038239975,0.088954024,0.26273015,0.32127562,0.16060373,0.061436404,0.023991387,0.013263866,0.008490931
east_asia_0474.jpg,east_asia,5.290400505065918,1.6741409301757812,0.023783777,0.025441624,0.05528544,0.19118321,0.28532326,0.21876495,0.10455535,0.059923932,0.022725133,0.013013358
east_asia_0478.jpg,east_asia,4.173490047454834,1.421323537826538,0.036817305,0.08192241,0.17140922,0.29965976,0.2634178,0.10560217,0.025980212,0.011461296,0.0015910058,0.0021388428
east_asia_0480.jpg,east_asia,5.427692413330078,1.5314891338348389,0.009903279,0.0226799,0.040629193,0.17164098,0.2971488,0.25416484,0.12643659,0.04440509,0.01696574,0.016025627
east_asia_0493.jpg,east_asia,5.2659993171691895,1.3090797662734985,0.0047042775,0.014848312,0.033071354,0.19349836,0.38182276,0.23477519,0.08354834,0.03561925,0.010287637,0.00782451
east_asia_0494.jpg,east_asia,5.256864547729492,1.3843275308609009,0.0041994792,0.016601155,0.04384513,0.22050005,0.32334197,0.2398185,0.094189815,0.036118887,0.011823827,0.009561211
east_asia_0497.jpg,east_asia,3.686842203140259,1.4645676612854004,0.09178182,0.105537094,0.2212508,0.31692716,0.1719741,0.069415994,0.014263947,0.0054931184,0.0011932022,0.0021627212
south_asia_0001.jpg,south_asia,5.739299774169922,1.7163790464401245,0.015607203,0.016452327,0.04509484,0.10988043,0.2620495,0.28279018,0.14247383,0.057033055,0.03077454,0.037844088
south_asia_0003.jpg,south_asia,4.999355792999268,1.571597695350647,0.020421801,0.039974187,0.07920756,0.1896383,0.3501634,0.1841631,0.077979565,0.034912955,0.013537589,0.010001508
south_asia_0004.jpg,south_asia,6.032342910766602,1.5345125198364258,0.004321166,0.01041922,0.0280266,0.080191985,0.22600485,0.32059088,0.1944482,0.05901449,0.05431363,0.022668945
south_asia_0005.jpg,south_asia,4.226088523864746,1.3748488426208496,0.039260533,0.06724252,0.15437126,0.29930702,0.2963983,0.11053985,0.02175596,0.0071150484,0.0025369485,0.0014725811
south_asia_0011.jpg,south_asia,5.604848861694336,1.2765722274780273,0.0019255611,0.0035175208,0.027079366,0.123513475,0.3364008,0.32036954,0.1218363,0.035009097,0.020035436,0.010312886
south_asia_0014.jpg,south_asia,4.705260276794434,1.6108444929122925,0.041151427,0.03965231,0.09713922,0.2584393,0.29862604,0.16156933,0.059728965,0.024082655,0.009788647,0.009822162
south_asia_0015.jpg,south_asia,5.876927375793457,1.5694644451141357,0.0070039895,0.011197808,0.030357165,0.109667875,0.25448787,0.27355942,0.1928494,0.056950524,0.040820118,0.023105793
south_asia_0016.jpg,south_asia,5.249209403991699,1.5308837890625,0.018728383,0.025997022,0.048497736,0.16608076,0.34614202,0.22968133,0.095372155,0.043985534,0.014767522,0.010747586
south_asia_0017.jpeg,south_asia,4.922863960266113,1.6309787034988403,0.02430885,0.03818255,0.12031144,0.19662428,0.2671834,0.21764323,0.085064,0.027111037,0.015066097,0.008505131
south_asia_0018.jpeg,south_asia,5.261272430419922,1.3709852695465088,0.011849871,0.0130718555,0.048025444,0.16294467,0.3766443,0.24943338,0.08679317,0.029472265,0.013378578,0.008386421
south_asia_0019.jpeg,south_asia,5.0372209548950195,1.5802851915359497,0.026440574,0.02651491,0.06522571,0.22989422,0.31361502,0.19133495,0.08173151,0.04006684,0.018006708,0.0071695717
south_asia_0020.jpeg,south_asia,5.4972429275512695,1.3856420516967773,0.0042175907,0.00989276,0.039529886,0.14325908,0.334391,0.28826305,0.107716046,0.04154851,0.018140126,0.0130419405
south_asia_0021.jpeg,south_asia,5.660353660583496,1.1838902235031128,0.0037279238,0.004265746,0.0178589,0.09246119,0.31647927,0.39928666,0.11306477,0.031938136,0.009576699,0.011340726
south_asia_0023.jpg,south_asia,5.6918721199035645,1.348005771636963,0.0028912679,0.0067487103,0.033939708,0.095465556,0.28977853,0.39608032,0.09234784,0.045404054,0.01668055,0.020663522
south_asia_0027.jpg,south_asia,5.124823093414307,1.8536853790283203,0.025506696,0.04719977,0.0946966,0.20008153,0.25640848,0.15843217,0.12496352,0.044906583,0.024178015,0.023626585
south_asia_0030.jpg,south_asia,5.227473258972168,1.4580886363983154,0.011031488,0.02126894,0.04647833,0.19895679,0.34918004,0.21936652,0.08657893,0.044458333,0.011983341,0.010697306
south_asia_0031.jpg,south_asia,4.708619117736816,1.7449966669082642,0.030438961,0.07782356,0.10825854,0.2323382,0.2684663,0.15044895,0.0761694,0.026941104,0.016484857,0.012630124
south_asia_0033.jpg,south_asia,4.750541687011719,1.7088994979858398,0.023979554,0.07334113,0.109241284,0.23444733,0.27090338,0.1482979,0.08794945,0.023584744,0.016814157,0.011441092
south_asia_0034.jpg,south_asia,5.3229594230651855,1.6992170810699463,0.012800779,0.031351373,0.08355312,0.14198992,0.32123157,0.20902936,0.10572424,0.035708364,0.043346792,0.015264524
south_asia_0035.jpg,south_asia,5.537840843200684,1.344997763633728,0.0033063402,0.008432736,0.01649438,0.14994897,0.35970888,0.29244125,0.09624872,0.037617996,0.017493993,0.018306712
south_asia_0036.jpg,south_asia,5.729984760284424,1.6010812520980835,0.010031684,0.018303035,0.045068786,0.10216092,0.2779735,0.26318005,0.15792121,0.07817666,0.03215421,0.0150299575
south_asia_0037.jpg,south_asia,4.459724426269531,1.5586035251617432,0.040001415,0.07931959,0.10841703,0.2652085,0.27902395,0.1533411,0.049806874,0.016217368,0.0051960517,0.0034680841
south_asia_0042.jpg,south_asia,5.194925308227539,1.7700135707855225,0.020721627,0.032098204,0.09505859,0.19715409,0.25713742,0.19296354,0.11037763,0.04975109,0.025283515,0.01945429
south_asia_0045.jpg,south_asia,5.209461688995361,1.5416133403778076,0.016089397,0.026673049,0.06350288,0.17245024,0.3285339,0.23989151,0.08570319,0.03946836,0.014845788,0.012841686
south_asia_0046.png,south_asia,4.79465913772583,1.4544559717178345,0.020616293,0.04652196,0.059969172,0.28001586,0.3229264,0.18043905,0.05644596,0.017207168,0.00759821,0.008259869
south_asia_0047.jpg,south_asia,4.914947509765625,1.454087495803833,0.015219042,0.028771581,0.07673402,0.25908133,0.33201793,0.1735996,0.06614886,0.03219119,0.008965399,0.007271044
south_asia_0053.jpg,south_asia,5.853592395782471,1.6853137016296387,0.008866015,0.021836713,0.029920204,0.097483814,0.2712725,0.28152838,0.15336357,0.060116712,0.034775898,0.04083621
south_asia_0055.jpg,south_asia,4.129668235778809,1.4140375852584839,0.034288637,0.099265926,0.17201936,0.27704212,0.28527865,0.09830125,0.020504696,0.008997291,0.0021111153,0.0021909291
south_asia_0060.jpg,south_asia,5.310022354125977,1.6428004503250122,0.017663525,0.02692051,0.06502192,0.18093935,0.26121646,0.2601981,0.10657671,0.040058844,0.02812992,0.013274663
south_asia_0062.jpg,south_asia,5.512311935424805,1.552757740020752,0.014714706,0.014718298,0.030593297,0.17197402,0.27642867,0.2791414,0.12930672,0.040391244,0.024101054,0.018630672
south_asia_0064.jpg,south_asia,6.051682472229004,1.5864605903625488,0.006548508,0.0060033826,0.0253246,0.09363399,0.22374056,0.32174796,0.16790156,0.067113526,0.058651898,0.02933405
south_asia_0069.jpg,south_asia,4.722622871398926,1.4214107990264893,0.018466251,0.04542075,0.09148403,0.24602231,0.37956125,0.12541072,0.05837838,0.025590947,0.005526329,0.0041390294
south_asia_0071.jpg,south_asia,5.072147369384766,1.5863529443740845,0.027684132,0.031926535,0.058492944,0.1869826,0.35275763,0.20576172,0.06987029,0.040774886,0.013940861,0.011808368
south_asia_0072.jpg,south_asia,6.0260009765625,1.3790127038955688,0.0040338943,0.004956932,0.015015433,0.0649133,0.26879555,0.3242293,0.19023266,0.083106495,0.02564482,0.019071577
south_asia_0073.jpg,south_asia,5.3169121742248535,1.3922054767608643,0.010403672,0.010467366,0.033452537,0.19968653,0.3363772,0.26299614,0.08227193,0.039243884,0.014254894,0.010845875
south_asia_0075.jpg,south_asia,6.284168243408203,1.5023937225341797,0.002392689,0.004413741,0.012303319,0.054033563,0.23910677,0.30344227,0.19515327,0.09860954,0.056682013,0.033862907
south_asia_0076.jpg,south_asia,5.244266510009766,1.202332854270935,0.007353622,0.0141675575,0.03551304,0.15638514,0.38254762,0.309192,0.068788245,0.01347265,0.0064927177,0.0060874433
south_asia_0085.jpg,south_asia,5.973879337310791,1.4765870571136475,0.0035999254,0.007587625,0.018223999,0.07174374,0.30770925,0.298242,0.13548253,0.1080161,0.020996187,0.028398685
south_asia_0086.jpg,south_asia,5.887638092041016,1.6654419898986816,0.0065103667,0.010720684,0.034078583,0.10798469,0.2878554,0.26158392,0.13050905,0.076872304,0.050660852,0.0332242
south_asia_0088.jpg,south_asia,5.677926063537598,1.5513321161270142,0.008568692,0.015439848,0.036234424,0.109397724,0.3005855,0.30651402,0.11364459,0.053892013,0.033708293,0.022014879
south_asia_0090.jpg,south_asia,5.112967491149902,1.5740927457809448,0.013874692,0.024437198,0.07314326,0.23086521,0.30764404,0.20334029,0.07243244,0.040413268,0.01976329,0.014086307
south_asia_0092.jpg,south_asia,5.01779842376709,1.5757694244384766,0.02147177,0.023956416,0.10242358,0.20995441,0.27383217,0.23513778,0.07976756,0.029166283,0.013265566,0.011024423
south_asia_0094.jpg,south_asia,4.6704301834106445,1.610835075378418,0.036155455,0.05307027,0.09939067,0.2613486,0.28872207,0.15774383,0.06087508,0.023459408,0.0116523,0.0075822966
south_asia_0097.jpg,south_asia,5.418108940124512,1.6048544645309448,0.015795704,0.020339109,0.05322785,0.16899264,0.260466,0.29057083,0.100713216,0.052659124,0.018395051,0.018840475
south_asia_0098.jpg,south_asia,5.081642150878906,1.5052310228347778,0.014677601,0.025416404,0.08991121,0.18757413,0.30625206,0.25688466,0.06457116,0.02946196,0.016668487,0.008582296
south_asia_0099.jpg,south_asia,5.281463146209717,1.630049228668213,0.01611506,0.028823039,0.06841246,0.17675662,0.2767227,0.25048688,0.10773306,0.03300949,0.028710669,0.013230021
south_asia_0101.jpg,south_asia,5.751832008361816,1.465968370437622,0.0051044063,0.008585921,0.027648106,0.103227995,0.31983313,0.2987001,0.11777499,0.07686251,0.019619808,0.022642987
south_asia_0102.jpg,south_asia,5.173976898193359,1.5853817462921143,0.018187176,0.021354005,0.066193804,0.22458777,0.28005043,0.22502685,0.098403,0.031543765,0.0219674,0.012685851
south_asia_0103.jpg,south_asia,5.157341003417969,1.5925509929656982,0.01966172,0.025025234,0.07312354,0.19397634,0.30696094,0.22501647,0.08709112,0.037695944,0.018241923,0.013206703
south_asia_0104.jpeg,south_asia,6.014651775360107,1.468422770500183,0.0027829115,0.005550719,0.017629383,0.06882077,0.28721082,0.32800505,0.15768623,0.05562401,0.047184438,0.02950565
south_asia_0105.jpg,south_asia,5.819965839385986,1.5677670240402222,0.007281853,0.009914309,0.026178183,0.11480073,0.2943013,0.26901317,0.14683238,0.06618254,0.042709798,0.022785684
south_asia_0107.jpg,south_asia,4.917111396789551,1.6085286140441895,0.023973357,0.050123602,0.06851084,0.22321698,0.327966,0.18650477,0.06293051,0.029154867,0.014311652,0.013307396
south_asia_0110.jpeg,south_asia,4.720523357391357,1.4088666439056396,0.015356647,0.027533699,0.09016939,0.35007074,0.27210343,0.15056355,0.058445588,0.020995172,0.009288163,0.005473576
south_asia_0115.jpg,south_asia,4.936586380004883,1.4737179279327393,0.019186415,0.022012778,0.09784189,0.20875584,0.3509685,0.18822718,0.07414399,0.018725952,0.00957012,0.010567326
south_asia_0116.jpg,south_asia,5.485339164733887,1.46445894241333,0.006387934,0.015589893,0.041552987,0.14898193,0.30869094,0.29977843,0.10390462,0.03495697,0.023491928,0.016664373
south_asia_0120.jpg,south_asia,5.773664474487305,1.2563831806182861,0.0010969593,0.001829899,0.01299689,0.08868761,0.3535174,0.31937635,0.1362931,0.052751325,0.01924571,0.014204762
south_asia_0121.jpg,south_asia,4.6248884201049805,1.3483432531356812,0.023667507,0.0524062,0.082044944,0.2539532,0.37531847,0.15493557,0.04029912,0.012034073,0.0035212978,0.0018197033
south_asia_0122.jpg,south_asia,5.647563934326172,1.3199758529663086,0.0040042438,0.006634196,0.032148395,0.102968685,0.32090455,0.32090455,0.15040495,0.03155739,0.018002821,0.0124701895
south_asia_0123.jpg,south_asia,5.3182501792907715,1.5363925695419312,0.014620689,0.030846385,0.047974512,0.15157197,0.32466027,0.25482875,0.10215888,0.045621406,0.017802466,0.009914613
south_asia_0124.jpg,south_asia,5.679745674133301,1.4365230798721313,0.0047819405,0.008591591,0.028156992,0.101744376,0.36283493,0.26493773,0.13691203,0.045082707,0.026091872,0.020865833
south_asia_0125.jpg,south_asia,5.747150897979736,1.7806085348129272,0.015040649,0.0242915,0.04724221,0.10989507,0.26829955,0.23863058,0.1539211,0.0635403,0.048221044,0.030917969
south_asia_0128.jpg,south_asia,5.841545104980469,1.5853420495986938,0.0055472017,0.01848177,0.024493331,0.11196389,0.27361748,0.28065374,0.13051613,0.101150945,0.03288704,0.020688497
south_asia_0129.jpg,south_asia,5.370307445526123,1.665542721748352,0.012669823,0.02976184,0.06224138,0.13930754,0.3546936,0.20249343,0.09897696,0.044243626,0.037175097,0.018436734
south_asia_0131.jpg,south_asia,5.830124855041504,1.5231444835662842,0.003913304,0.008460244,0.031189,0.11030499,0.2748801,0.30845296,0.13821839,0.06749397,0.028965076,0.028121935
south_asia_0134.jpg,south_asia,5.01597785949707,1.6144376993179321,0.027795212,0.027795212,0.081118315,0.2211494,0.294122,0.1986246,0.08770981,0.035715908,0.017109508,0.008860058
south_asia_0135.jpg,south_asia,5.422917366027832,1.6337916851043701,0.014680634,0.02078404,0.06959423,0.130528,0.30230352,0.27310848,0.09255822,0.051718038,0.023294078,0.021430714
south_asia_0136.jpg,south_asia,5.036491870880127,1.5406912565231323,0.027670303,0.027448269,0.060099084,0.20976642,0.33586112,0.20133676,0.0823063,0.03650537,0.011014552,0.007991804
south_asia_0138.jpg,south_asia,5.645892143249512,1.6132091283798218,0.015250582,0.021843452,0.03699742,0.109113775,0.27673358,0.29515725,0.14511803,0.05537723,0.018035505,0.02637317
south_asia_0139.jpg,south_asia,5.035667896270752,1.567183494567871,0.01819533,0.046770692,0.06805095,0.18697949,0.35069087,0.17024675,0.09930406,0.04348877,0.008843913,0.0074291606
south_asia_0140.jpg,south_asia,6.004665374755859,1.524799108505249,0.0043966966,0.0050704605,0.021165801,0.0941893,0.26057345,0.30883485,0.14905138,0.08271689,0.051109917,0.022891276
south_asia_0141.jpg,south_asia,5.408116340637207,1.3925082683563232,0.0053716153,0.009976868,0.041011125,0.15636958,0.37001756,0.25430912,0.090146944,0.040316205,0.020031193,0.012449803
south_asia_0142.jpg,south_asia,4.951393127441406,1.695246696472168,0.03383439,0.042220812,0.08423303,0.21488662,0.281912,0.190565,0.08853446,0.03631673,0.017323155,0.010173818
south_asia_0143.jpg,south_asia,5.427195072174072,1.516339659690857,0.010239521,0.022709051,0.048850022,0.14421055,0.3104044,0.2777018,0.100478746,0.053337812,0.020822152,0.011245915
south_asia_0144.jpg,south_asia,5.728181838989258,1.5380347967147827,0.006171582,0.008992762,0.031082792,0.1115515,0.33303127,0.2691707,0.1201457,0.06532208,0.024522567,0.030009024
south_asia_0145.jpg,south_asia,5.659294128417969,1.5124175548553467,0.0066819107,0.010798254,0.036016397,0.112795435,0.3185125,0.31235194,0.100322336,0.042833224,0.036690906,0.02299705
south_asia_0146.jpg,south_asia,5.40749454498291,1.5785636901855469,0.017409092,0.017564919,0.06480908,0.13207366,0.3205629,0.22731313,0.1369331,0.054282375,0.01776763,0.011284147
south_asia_0147.jpg,south_asia,4.926936149597168,1.3917937278747559,0.013083092,0.029852599,0.07281146,0.23252696,0.36226124,0.19052577,0.0634453,0.020088624,0.007730686,0.0076742712
south_asia_0148.jpg,south_asia,5.288019180297852,1.658771276473999,0.0167621,0.019241903,0.07086675,0.21448144,0.2502649,0.23787346,0.09964578,0.0446951,0.03308508,0.013083451
south_asia_0149.jpg,south_asia,5.647486209869385,1.4517592191696167,0.005382383,0.015080531,0.044043683,0.08635976,0.31930253,0.3186795,0.11598301,0.060347732,0.017088482,0.017732373
south_asia_0150.jpg,south_asia,5.215177536010742,1.4382023811340332,0.009270614,0.022788677,0.057346698,0.19495097,0.3061025,0.2776229,0.07552819,0.035347536,0.009661119,0.011380801
south_asia_0151.jpg,south_asia,4.426458835601807,1.473591685295105,0.036849607,0.06698717,0.11109221,0.2752245,0.3398569,0.1061085,0.038674664,0.016371887,0.0045186444,0.0043159337
south_asia_0152.jpg,south_asia,5.263623237609863,1.533376693725586,0.02131181,0.019873885,0.050147783,0.17122898,0.32748398,0.24671555,0.0943771,0.040571272,0.018615456,0.009674238
south_asia_0153.jpg,south_asia,4.509048938751221,1.6584792137145996,0.044551954,0.05977583,0.13490438,0.2675045,0.2469185,0.15833648,0.047634177,0.01981088,0.011955918,0.008607321
south_asia_0154.jpg,south_asia,5.347787857055664,1.6305822134017944,0.015694851,0.029834535,0.056809843,0.1582417,0.31316832,0.22468728,0.10520603,0.0623934,0.020167353,0.013796658
south_asia_0155.jpg,south_asia,5.325492858886719,1.4025219678878784,0.0107467,0.012667346,0.048897956,0.16190362,0.33941907,0.27865374,0.09397754,0.026767716,0.015562806,0.011403553
south_asia_0158.jpg,south_asia,6.274145126342773,1.5390450954437256,0.0014411579,0.0042899163,0.013917499,0.059162665,0.2358281,0.3204556,0.18402217,0.07761611,0.057905145,0.045361586
south_asia_0159.jpg,south_asia,5.824062347412109,1.7995246648788452,0.014109909,0.029757855,0.042735573,0.11245587,0.2289488,0.23006944,0.19930306,0.057129163,0.05981241,0.025677936
south_asia_0160.jpg,south_asia,5.588409900665283,1.493651032447815,0.01168264,0.008328848,0.03979295,0.13240142,0.297789,0.2863809,0.14316007,0.039657176,0.023593822,0.017213212
south_asia_0161.jpg,south_asia,4.635092258453369,1.4620226621627808,0.02657904,0.054165114,0.094138905,0.2655706,0.31971425,0.1645748,0.04683024,0.018392792,0.0058329413,0.00420131
south_asia_0163.jpg,south_asia,5.607647895812988,1.6408685445785522,0.01111816,0.020073492,0.042891663,0.123085186,0.31430906,0.2595555,0.1053832,0.07054397,0.025943756,0.027096048
south_asia_0164.jpg,south_asia,5.371111869812012,1.4596196413040161,0.010165825,0.022096047,0.044657044,0.16105191,0.31165072,0.2755685,0.10137598,0.051828377,0.013405202,0.00820044
south_asia_0165.jpg,south_asia,5.812994956970215,1.5728089809417725,0.008534472,0.0061893156,0.034808975,0.10885448,0.29045752,0.27607596,0.1489318,0.05669399,0.04711586,0.022337608
south_asia_0166.jpg,south_asia,6.550499439239502,1.5696625709533691,0.0020388025,0.0030815988,0.009231454,0.044321246,0.19346507,0.29557574,0.2108263,0.09775651,0.09833098,0.045372296
south_asia_0167.jpg,south_asia,5.529141902923584,1.4870657920837402,0.011135764,0.012736087,0.028015822,0.13719353,0.35170713,0.2629025,0.10560162,0.04951866,0.02348824,0.017700661
south_asia_0168.jpg,south_asia,5.382388591766357,1.4305096864700317,0.008921179,0.01273384,0.040611576,0.17971238,0.3216259,0.26611698,0.09675841,0.046063904,0.017894136,0.009561686
south_asia_0169.jpg,south_asia,4.74809455871582,1.6156688928604126,0.04780974,0.03504674,0.08112879,0.26061133,0.2790496,0.18734503,0.07532554,0.014618574,0.009832433,0.009232207
south_asia_0170.jpg,south_asia,5.283322334289551,1.456868290901184,0.015688824,0.015168356,0.054342356,0.16705963,0.32138753,0.27597326,0.0978264,0.02662698,0.013813053,0.012113581
south_asia_0175.jpg,south_asia,5.953235149383545,1.522969126701355,0.007895948,0.0063383803,0.027525948,0.088963374,0.23645642,0.33150885,0.18165186,0.051689573,0.041879937,0.026089689
south_asia_0177.jpg,south_asia,5.6558074951171875,1.5812256336212158,0.010107291,0.02043599,0.03452807,0.11893643,0.2998834,0.26003483,0.14932546,0.06182404,0.023243388,0.021681095
south_asia_0178.jpg,south_asia,4.431938171386719,1.424831748008728,0.030956412,0.059321433,0.11948203,0.30991283,0.2855051,0.13381353,0.04340049,0.01131893,0.003412694,0.0028765844
south_asia_0180.jpg,south_asia,6.143886566162109,1.552922248840332,0.0047363355,0.0041311057,0.018654987,0.061541826,0.28345707,0.27635053,0.17361261,0.09796015,0.041156143,0.038399227
south_asia_0181.jpg,south_asia,5.155314922332764,1.5010963678359985,0.018265156,0.021113077,0.044229615,0.22406879,0.31598768,0.25689617,0.055341095,0.033945154,0.015936987,0.014216239
south_asia_0183.jpg,south_asia,5.007166862487793,1.487104892730713,0.021299584,0.027352545,0.070964426,0.20117415,0.3510089,0.22181135,0.051716276,0.036887836,0.0073063313,0.01047862
south_asia_0185.jpg,south_asia,6.028901100158691,1.4919458627700806,0.0046744645,0.011317973,0.016168768,0.08666382,0.24352989,0.28919888,0.20870939,0.09091164,0.022924416,0.025900774
south_asia_0186.jpg,south_asia,5.612816333770752,1.5748958587646484,0.014010722,0.016051613,0.036742505,0.11243131,0.31997436,0.27315453,0.118172705,0.06516564,0.02354963,0.020746987
south_asia_0187.jpg,south_asia,5.2799153327941895,1.6488077640533447,0.01773446,0.030732306,0.0724207,0.1554251,0.29813048,0.24237837,0.103940666,0.04028851,0.022555709,0.01639369
south_asia_0188.jpg,south_asia,5.250225067138672,1.398723840713501,0.014089195,0.019427055,0.04558052,0.14212224,0.39859167,0.24700828,0.08265665,0.027377317,0.0120423045,0.01110473
south_asia_0189.jpg,south_asia,5.081412315368652,1.678557276725769,0.02359912,0.045990996,0.06954819,0.18039428,0.32761022,0.19793098,0.08131007,0.034378454,0.026602931,0.012634781
south_asia_0190.jpg,south_asia,4.843125343322754,1.4491825103759766,0.024069188,0.029939966,0.11156686,0.18941131,0.32919663,0.23572618,0.05358266,0.012350497,0.008958935,0.0051977076
south_asia_0191.jpg,south_asia,6.06063175201416,1.8215810060501099,0.014724637,0.022125896,0.04280525,0.07999026,0.19339165,0.2735261,0.16703995,0.12413356,0.03981131,0.042451404
south_asia_0194.jpg,south_asia,6.174411773681641,1.6303083896636963,0.0037664236,0.0064760973,0.02260104,0.083329745,0.23393239,0.28438947,0.18870564,0.08045108,0.047456678,0.048891444
south_asia_0196.jpg,south_asia,6.14044189453125,1.3259129524230957,0.0005105761,0.0013906031,0.008389099,0.041643765,0.29794985,0.317786,0.18754792,0.090338685,0.031037815,0.023405705
south_asia_0198.jpg,south_asia,5.514930725097656,1.5880041122436523,0.010426666,0.020401964,0.049019493,0.15646973,0.2669449,0.27488124,0.12858286,0.048709318,0.028641723,0.015922073
south_asia_0199.jpg,south_asia,5.483634948730469,1.6504344940185547,0.020029344,0.018848011,0.05888389,0.14111723,0.25955433,0.27575502,0.13373765,0.04915131,0.026118407,0.016804745
south_asia_0201.jpg,south_asia,4.676872730255127,1.528595209121704,0.027485413,0.043093085,0.1309976,0.20953806,0.34614527,0.16207667,0.043072045,0.021347601,0.0058577005,0.010386542
south_asia_0202.jpg,south_asia,5.986200332641602,1.3655389547348022,0.0018130837,0.006453098,0.020820687,0.07263586,0.25576213,0.3388298,0.17785464,0.083848655,0.028906662,0.013075459
south_asia_0203.jpg,south_asia,5.297488689422607,1.2395859956741333,0.0039410023,0.016422974,0.03242264,0.17289509,0.3499405,0.30403358,0.08377006,0.02290146,0.008379846,0.0052928505
south_asia_0204.jpg,south_asia,4.868884086608887,1.3231171369552612,0.010456587,0.028271696,0.093472004,0.22270009,0.36360216,0.19348519,0.063184574,0.015991172,0.006840876,0.0019956748
south_asia_0210.jpg,south_asia,5.135733127593994,1.4577412605285645,0.013806425,0.025214745,0.061274786,0.18966347,0.3454544,0.23374614,0.08205261,0.022968799,0.017034099,0.008784472
south_asia_0213.jpg,south_asia,4.830695152282715,1.4923837184906006,0.02210006,0.04501546,0.09227557,0.18970735,0.3794952,0.179436,0.052911837,0.020070815,0.012009727,0.006977902
south_asia_0216.jpg,south_asia,4.035534858703613,1.4025599956512451,0.062424183,0.08133702,0.14742622,0.3163976,0.28921083,0.080940835,0.013014728,0.005356905,0.0020066223,0.0018850471
south_asia_0219.jpg,south_asia,4.343149185180664,1.521043062210083,0.046928626,0.073541254,0.12632555,0.28356913,0.26535,0.15001528,0.03663739,0.009880097,0.003986077,0.0037665782
south_asia_0220.jpg,south_asia,4.136958599090576,1.5070627927780151,0.040473223,0.09437916,0.18460508,0.28704098,0.23843057,0.10375651,0.029038118,0.015791606,0.00339108,0.0030936499
south_asia_0221.jpg,south_asia,4.882547378540039,1.4111101627349854,0.014264861,0.035409458,0.07783387,0.2335064,0.35397455,0.19434126,0.053756222,0.02188448,0.0076428903,0.0073860725
south_asia_0230.jpg,south_asia,6.1705169677734375,1.6490923166275024,0.0032741453,0.007672322,0.02216675,0.10076737,0.21001723,0.2921501,0.17858778,0.07893888,0.066538155,0.039887253
south_asia_0235.jpg,south_asia,3.997265577316284,1.4949816465377808,0.039105132,0.09730737,0.26142722,0.24558815,0.21885766,0.0892071,0.03027718,0.011692859,0.0034758653,0.0030614552
south_asia_0244.jpg,south_asia,5.645604610443115,1.389611005783081,0.0042192643,0.0076326425,0.027837371,0.13542402,0.29869598,0.30577937,0.139996,0.045516673,0.020336444,0.014562217
south_asia_0245.jpg,south_asia,5.570868015289307,1.460964322090149,0.007083848,0.010569409,0.04362753,0.13589995,0.30268726,0.27721947,0.13830993,0.050485417,0.021814464,0.012302706
south_asia_0246.jpg,south_asia,5.782151699066162,1.4584325551986694,0.0044826544,0.012241771,0.027553603,0.096783936,0.2762508,0.34921372,0.13917919,0.03985604,0.030633384,0.02380494
south_asia_0250.jpg,south_asia,6.018125534057617,1.4397194385528564,0.0021028144,0.0029945448,0.020117246,0.0770044,0.2527344,0.37865898,0.118917845,0.07999375,0.041096907,0.02637914
south_asia_0251.jpg,south_asia,5.953590393066406,1.5134601593017578,0.0033773892,0.012344932,0.024371669,0.09209006,0.26803738,0.27980563,0.16099301,0.10620224,0.03931841,0.013459315
south_asia_0252.jpg,south_asia,4.621579647064209,1.4217509031295776,0.025653688,0.04820905,0.08518988,0.2935909,0.33268207,0.13653246,0.05268938,0.014859455,0.00666282,0.0039302805
south_asia_0253.jpg,south_asia,5.2730488777160645,1.2000772953033447,0.003673946,0.0077078026,0.028533278,0.18991543,0.39273745,0.2575635,0.07703309,0.028785164,0.010387187,0.0036631986
south_asia_0255.jpg,south_asia,4.825808048248291,1.6616921424865723,0.027722888,0.055878863,0.10614305,0.22295617,0.25067636,0.21864381,0.06381566,0.033595666,0.01032142,0.010246099
south_asia_0257.jpg,south_asia,5.290380477905273,1.6020876169204712,0.014325796,0.029733859,0.058715653,0.17409836,0.30317432,0.24313207,0.09746976,0.043062296,0.020282919,0.016005008
south_asia_0259.jpg,south_asia,4.689340114593506,1.468770146369934,0.029738449,0.03899513,0.111086786,0.2370152,0.32396138,0.17476405,0.05477756,0.021842267,0.004474514,0.0033447174
south_asia_0260.jpg,south_asia,4.5214338302612305,1.429437279701233,0.019847633,0.06650741,0.12328526,0.2519787,0.3397373,0.13461131,0.041945696,0.01343409,0.0031719436,0.005480627
south_asia_0261.jpg,south_asia,5.6067795753479,1.6174988746643066,0.011341953,0.020510066,0.04455269,0.119112805,0.3035717,0.26323304,0.13018261,0.051179778,0.036818434,0.019496921
south_asia_0262.jpg,south_asia,5.732914447784424,1.5336272716522217,0.0059808525,0.008496356,0.024619559,0.13375169,0.31342107,0.26444298,0.12989002,0.05943896,0.03701477,0.02294375
south_asia_0263.jpg,south_asia,5.275140762329102,1.6388778686523438,0.019782377,0.027670385,0.062707305,0.16962586,0.3138231,0.21359119,0.107400395,0.052521985,0.018023055,0.014854345
south_asia_0264.jpg,south_asia,5.784048080444336,1.4933847188949585,0.0034387195,0.0072407736,0.024633154,0.10098601,0.34939146,0.265803,0.13183928,0.051377524,0.040287316,0.025002753
south_asia_0265.jpg,south_asia,5.006126403808594,1.6737768650054932,0.02329856,0.053066306,0.074144416,0.20075966,0.300201,0.19534451,0.09004871,0.035959095,0.011640056,0.01553772
south_asia_0268.png,south_asia,5.799302577972412,1.610518217086792,0.011547854,0.016273161,0.034433465,0.10378282,0.24969248,0.30772743,0.15732536,0.052981198,0.045539033,0.020697143
south_asia_0269.jpg,south_asia,5.276462078094482,1.613551378250122,0.01544807,0.026497088,0.0615174,0.17439315,0.30847004,0.2517659,0.08777606,0.031473752,0.019858425,0.02280013
south_asia_0271.jpg,south_asia,5.00678825378418,1.3474538326263428,0.012262901,0.02532825,0.06322598,0.18968184,0.42082754,0.1926689,0.05360682,0.0285539,0.006805366,0.0070385546
south_asia_0272.jpg,south_asia,6.0742669105529785,1.5054678916931152,0.0020707168,0.0062916474,0.012966479,0.08401706,0.2696259,0.3019667,0.16741453,0.08247252,0.038710754,0.0344637
south_asia_0273.jpg,south_asia,4.936399936676025,1.3317526578903198,0.016373465,0.02815301,0.057850905,0.21410422,0.39999932,0.19801402,0.05355561,0.02209755,0.0045179776,0.0053338856
south_asia_0274.jpg,south_asia,5.706096172332764,1.3569060564041138,0.0051077334,0.01006168,0.013300304,0.1021916,0.33344123,0.33671343,0.0961878,0.07141093,0.015744213,0.015841085
south_asia_0276.jpg,south_asia,5.418678283691406,1.589933156967163,0.012116735,0.020563511,0.048558593,0.18050519,0.28564328,0.24432366,0.1188415,0.049347367,0.024091123,0.016009014
south_asia_0282.jpg,south_asia,5.543947219848633,1.5370584726333618,0.009334721,0.013505886,0.037684493,0.14644802,0.31614527,0.2720025,0.11687262,0.03505727,0.03204494,0.020904288
south_asia_0284.jpg,south_asia,6.490913391113281,1.4252715110778809,0.0006126706,0.0014957838,0.0036447048,0.02792181,0.20895176,0.3313055,0.23447238,0.07792722,0.069309905,0.04435825
south_asia_0285.jpg,south_asia,5.595396995544434,1.2924773693084717,0.004730373,0.008781581,0.0189619,0.11709533,0.32776123,0.36421853,0.08684808,0.038935807,0.022375334,0.010291804
south_asia_0286.jpg,south_asia,5.313794136047363,1.5637178421020508,0.012984892,0.017972806,0.06246381,0.18630047,0.30417255,0.22648376,0.11388319,0.040546864,0.02096878,0.014222867
south_asia_0287.jpg,south_asia,5.849153518676758,1.4316086769104004,0.0030233187,0.0067998595,0.02007392,0.112018034,0.28801015,0.28801015,0.16030179,0.07396713,0.035680946,0.012114665
south_asia_0290.jpg,south_asia,4.707573890686035,1.6212196350097656,0.030472025,0.05496259,0.091955185,0.2846283,0.2622119,0.17196275,0.049196035,0.03493635,0.010649784,0.009025123
south_asia_0293.jpg,south_asia,6.163005828857422,1.5001131296157837,0.0014948366,0.0045552244,0.018613134,0.053004473,0.2603881,0.33696723,0.16844788,0.06960506,0.044416834,0.04250719
south_asia_0294.jpg,south_asia,5.833271503448486,1.3178977966308594,0.0017661012,0.004789055,0.012558511,0.09737213,0.30465046,0.3326383,0.14306594,0.07236083,0.0126543045,0.018144442
south_asia_0295.jpg,south_asia,6.4620680809021,1.5378450155258179,0.0020056432,0.0039115497,0.011683432,0.044503786,0.20458119,0.28794277,0.2373183,0.091942206,0.0692662,0.046844974
south_asia_0298.jpg,south_asia,6.424577236175537,1.4902817010879517,0.0010027165,0.003885319,0.010139448,0.046827134,0.21950713,0.26271564,0.268421,0.07773448,0.07424722,0.03551999
south_asia_0299.jpg,south_asia,6.394175052642822,1.583020806312561,0.0017587268,0.0054384624,0.013602375,0.059884768,0.22633404,0.2615285,0.19096498,0.14613223,0.04901992,0.04533602
south_asia_0300.jpg,south_asia,4.964930057525635,1.569017767906189,0.018289354,0.045577083,0.07124911,0.214798,0.34391728,0.1739487,0.07215941,0.037217103,0.01202377,0.010820222
south_asia_0301.jpg,south_asia,4.871860980987549,1.5873013734817505,0.02204219,0.057452943,0.07298282,0.22458346,0.31671345,0.19398156,0.059218835,0.032322735,0.009959479,0.010742507
south_asia_0305.jpg,south_asia,5.107903480529785,1.67075777053833,0.025787292,0.038157698,0.06688715,0.2066314,0.27481353,0.22276823,0.09865992,0.034392748,0.016845787,0.015056291
south_asia_0307.jpg,south_asia,5.307575225830078,1.4566313028335571,0.01662308,0.01764341,0.04012205,0.15676048,0.34778833,0.28054953,0.082204595,0.02988906,0.012720875,0.0156986
south_asia_0308.jpg,south_asia,5.9550275802612305,1.4542245864868164,0.0028019708,0.0065275137,0.014677693,0.0921564,0.27165744,0.3387441,0.14455824,0.05886489,0.04718394,0.022827804
south_asia_0309.jpg,south_asia,5.869838714599609,1.6724647283554077,0.006600866,0.014908002,0.041475028,0.10549728,0.2535696,0.2790362,0.15992434,0.06442625,0.035562187,0.039000247
south_asia_0311.jpg,south_asia,5.890811920166016,1.5934914350509644,0.0054760585,0.008966986,0.03026834,0.09612217,0.29665595,0.27868247,0.14095384,0.07053081,0.037623607,0.034719773
south_asia_0312.jpg,south_asia,4.928490161895752,1.4658095836639404,0.019812314,0.032268662,0.0820396,0.20464249,0.34204298,0.23785354,0.04087116,0.019252041,0.010171152,0.011046073
south_asia_0313.jpg,south_asia,5.523409366607666,1.6387829780578613,0.011719126,0.024400916,0.06688144,0.11612642,0.28130654,0.27052984,0.12679479,0.056292325,0.029361354,0.01658725
south_asia_0315.jpg,south_asia,6.142921447753906,1.5306358337402344,0.0033342752,0.004692907,0.016751925,0.088721775,0.23720002,0.28555956,0.18837507,0.09687252,0.05282321,0.025668666
south_asia_0316.jpg,south_asia,5.192516326904297,1.5439332723617554,0.016531372,0.025112124,0.058046326,0.1881092,0.34396443,0.20458981,0.102273196,0.031191565,0.015440943,0.014741047
south_asia_0319.jpg,south_asia,4.984865188598633,1.6697757244110107,0.019099006,0.04729935,0.11094512,0.17403057,0.3066286,0.19566783,0.07767942,0.03671108,0.021774504,0.010164477
south_asia_0320.jpg,south_asia,4.706608295440674,1.494968295097351,0.022657514,0.049121425,0.090392254,0.27734226,0.30939764,0.15864334,0.053138863,0.026069092,0.0065864725,0.006651109
south_asia_0323.jpg,south_asia,5.912749767303467,1.468773365020752,0.0030563055,0.005229503,0.027427407,0.09010682,0.2791796,0.3126663,0.15327688,0.07617453,0.026531683,0.026350934
south_asia_0326.jpg,south_asia,6.547627925872803,1.5259119272232056,0.0007875012,0.0021574397,0.008262239,0.04257827,0.17545098,0.31894413,0.24936612,0.08024891,0.053093113,0.06911136
south_asia_0330.jpg,south_asia,4.606662273406982,1.4584057331085205,0.031614937,0.04633761,0.12214296,0.22052531,0.34356347,0.17141019,0.04182168,0.012814195,0.0053981245,0.004371534
south_asia_0331.jpg,south_asia,5.96931266784668,1.5443204641342163,0.0045239315,0.0035892243,0.027624624,0.095692426,0.26628757,0.3029243,0.15838766,0.065896966,0.043640386,0.031432994
south_asia_0332.jpg,south_asia,6.074802875518799,1.5581800937652588,0.0051907212,0.005723204,0.01922329,0.07970385,0.25879917,0.30673194,0.17072204,0.068041295,0.050737116,0.03512742
south_asia_0334.jpg,south_asia,6.054073333740234,1.6254624128341675,0.008798461,0.012720683,0.02887723,0.056982316,0.25788313,0.30804348,0.15965486,0.09312585,0.03413386,0.039780065
south_asia_0336.jpg,south_asia,3.7754180431365967,1.2649489641189575,0.049680695,0.10213746,0.22704488,0.34687895,0.20957246,0.05303999,0.008277179,0.0021913608,0.00053179724,0.0006452396
south_asia_0337.jpg,south_asia,6.07797908782959,1.4270422458648682,0.00081994536,0.0032271505,0.012636504,0.056041464,0.30893257,0.3083298,0.17533822,0.05714678,0.04582913,0.031698443
south_asia_0339.jpg,south_asia,5.043181419372559,1.6407883167266846,0.025527034,0.030900676,0.07671367,0.22361013,0.2876824,0.20741233,0.084130146,0.029690601,0.021380771,0.012952272
south_asia_0340.jpg,south_asia,5.839167594909668,1.4705396890640259,0.0030957372,0.012406366,0.022713197,0.1062887,0.27009565,0.31515765,0.15723799,0.06334404,0.027484434,0.022176214
south_asia_0341.jpg,south_asia,5.658618450164795,1.6334595680236816,0.00971083,0.026352907,0.033836253,0.11399247,0.3009173,0.27452397,0.11911362,0.06562038,0.031087816,0.024844436
south_asia_0342.jpg,south_asia,5.428932189941406,1.3374371528625488,0.0061744847,0.010754853,0.03942615,0.13060576,0.36988747,0.28638572,0.09984596,0.028985975,0.017350625,0.010582945
south_asia_0343.jpg,south_asia,4.796363830566406,1.3756088018417358,0.011478918,0.0351542,0.09162938,0.2589965,0.3444575,0.17593169,0.054874934,0.01173393,0.009601244,0.006141784
south_asia_0346.jpg,south_asia,5.087779521942139,1.4518203735351562,0.013956917,0.019710658,0.05665996,0.23761734,0.33378774,0.20969656,0.07602127,0.030150708,0.010509225,0.011889627
south_asia_0347.jpg,south_asia,4.940290451049805,1.4461568593978882,0.014739421,0.03297341,0.07904118,0.22737703,0.33407822,0.20581962,0.06283277,0.027563768,0.008420853,0.0071536675
south_asia_0348.jpeg,south_asia,5.490907192230225,1.4522978067398071,0.0058846152,0.01797825,0.04007683,0.12557313,0.3698015,0.22871977,0.1379151,0.041470323,0.017755786,0.014824654
south_asia_0350.jpg,south_asia,5.191810607910156,1.4051543474197388,0.011177371,0.017392341,0.04503527,0.21674791,0.33244333,0.2470509,0.06988835,0.039743483,0.013147672,0.0073733763
south_asia_0351.jpg,south_asia,4.04695987701416,1.4380306005477905,0.06277042,0.077208936,0.16138938,0.31598505,0.2629861,0.08783161,0.020790651,0.0070254733,0.00211872,0.0018936524
south_asia_0352.jpg,south_asia,4.404758453369141,1.4009912014007568,0.038972713,0.053399596,0.10703069,0.31797817,0.302234,0.13177863,0.0329146,0.009853845,0.0034708676,0.0023669263
south_asia_0353.jpg,south_asia,5.831389904022217,1.4008985757827759,0.004535832,0.006644865,0.017410984,0.09918328,0.29094705,0.32142064,0.16480811,0.050460365,0.021888975,0.022699889
south_asia_0354.jpg,south_asia,5.37167501449585,1.2589932680130005,0.004740953,0.012047847,0.032636702,0.11984732,0.433276,0.2622824,0.089498915,0.023018915,0.011688225,0.010962661
south_asia_0355.jpg,south_asia,5.511288642883301,1.4704787731170654,0.006361511,0.009139178,0.035690166,0.1457093,0.375,0.2243605,0.11481617,0.05040498,0.016556997,0.021961248
south_asia_0357.jpg,south_asia,6.006976127624512,1.6131441593170166,0.0050995974,0.012326235,0.026453853,0.09528725,0.23722413,0.30105308,0.17254291,0.066977516,0.049700603,0.033334836
south_asia_0358.jpg,south_asia,5.432708263397217,1.6485098600387573,0.012374464,0.024567543,0.062720105,0.16363958,0.27404472,0.23716594,0.12744264,0.054359294,0.02856851,0.015117158
south_asia_0359.jpg,south_asia,5.185938835144043,1.715299129486084,0.014092644,0.04467712,0.087473564,0.19616456,0.24508621,0.21127751,0.1161102,0.047119375,0.027397396,0.01060139
south_asia_0360.jpg,south_asia,5.493680000305176,1.5433506965637207,0.016302252,0.0153407445,0.04086397,0.15618934,0.27519372,0.2757317,0.14028093,0.046690904,0.020569965,0.012836461
south_asia_0361.jpg,south_asia,6.458230972290039,1.6051634550094604,0.002579677,0.0048858146,0.015150748,0.049200628,0.19064224,0.32556263,0.17223091,0.12711918,0.0518142,0.060814023
south_asia_0362.jpg,south_asia,6.0946784019470215,1.5081008672714233,0.00161862,0.0040414887,0.020186447,0.07018294,0.28305367,0.29375494,0.16096443,0.08624223,0.05035379,0.02960147
south_asia_0363.jpg,south_asia,6.202178955078125,1.3768755197525024,0.0012003073,0.002976597,0.00906396,0.038601097,0.27807477,0.30067053,0.2406537,0.058060396,0.037013713,0.03368492
south_asia_0364.jpg,south_asia,6.076948165893555,1.556886911392212,0.0034498258,0.009049226,0.018965252,0.097051114,0.22987655,0.3004017,0.17049642,0.10131217,0.03944263,0.02995513
south_asia_0366.jpg,south_asia,5.474714279174805,1.555424690246582,0.013794457,0.018822592,0.043603864,0.13404727,0.32854602,0.2604094,0.11409823,0.045897707,0.022585861,0.018194553
south_asia_0367.jpg,south_asia,5.731846809387207,1.4949496984481812,0.007935763,0.011619994,0.033337478,0.10827354,0.2679796,0.34074867,0.12584506,0.05487036,0.030599663,0.018789873
south_asia_0368.jpg,south_asia,4.938111305236816,1.388067364692688,0.016046323,0.033026554,0.0690015,0.21378861,0.35179007,0.23251905,0.051428013,0.018205632,0.0077948584,0.0063993647
south_asia_0369.jpg,south_asia,5.681461334228516,1.4600493907928467,0.005306555,0.008028561,0.020056086,0.12388249,0.3539438,0.26354292,0.12124933,0.05179342,0.031637505,0.02055929
south_asia_0371.jpg,south_asia,5.354588508605957,1.5553909540176392,0.008020395,0.032394342,0.043527544,0.17866337,0.30991083,0.2353077,0.10689334,0.055401403,0.015132964,0.014748164
south_asia_0372.jpg,south_asia,6.608354568481445,1.5812956094741821,0.0023722309,0.003037094,0.009765638,0.04476071,0.1551659,0.3265671,0.2218312,0.0825691,0.096344694,0.057586256
south_asia_0373.jpeg,south_asia,5.942922592163086,1.4406439065933228,0.0064473334,0.0054824785,0.02358049,0.07892906,0.24146235,0.37471536,0.15022051,0.060813226,0.038093127,0.020256126
south_asia_0374.jpg,south_asia,5.911562442779541,1.544825553894043,0.0043351855,0.011564795,0.02319671,0.10900281,0.27591276,0.2522047,0.1834389,0.081958875,0.037891738,0.02049353
south_asia_0378.jpg,south_asia,4.885786533355713,1.4763875007629395,0.021880534,0.029980248,0.0725892,0.25410458,0.3379514,0.17464332,0.0644362,0.026574,0.009908184,0.007932347
south_asia_0381.jpg,south_asia,5.057582855224609,1.5157954692840576,0.016172444,0.03287727,0.064527914,0.19740589,0.36237654,0.20248231,0.0688239,0.027276183,0.014880578,0.013177026
south_asia_0382.jpg,south_asia,6.310802936553955,1.49747633934021,0.001961882,0.002371108,0.011553351,0.048374955,0.2388085,0.32072493,0.19529086,0.07813784,0.062357787,0.04041879
south_asia_0384.jpg,south_asia,4.227953910827637,1.6194769144058228,0.04832452,0.07779003,0.18389499,0.2944379,0.20595263,0.1118652,0.045507655,0.020180961,0.006803859,0.005242234
south_asia_0385.jpg,south_asia,4.605055332183838,1.4039138555526733,0.026979396,0.057479087,0.081216976,0.26786512,0.34193623,0.16246842,0.04372778,0.011164613,0.0035199698,0.0036423607
south_asia_0386.jpg,south_asia,4.243592739105225,1.2842075824737549,0.04175593,0.03930275,0.11848782,0.40715143,0.27069214,0.089090616,0.021747475,0.00858323,0.0016253899,0.0015631223
south_asia_0387.jpg,south_asia,6.381890773773193,1.3424434661865234,0.0003364738,0.0018584623,0.0065904297,0.02856469,0.21355408,0.35485262,0.21819179,0.08713039,0.06667483,0.022246204
south_asia_0388.jpg,south_asia,5.763148307800293,1.5280853509902954,0.00472005,0.007935533,0.033247106,0.11181642,0.31115648,0.28220665,0.13175194,0.056943167,0.03350787,0.0267148
south_asia_0390.png,south_asia,4.783103942871094,1.5050687789916992,0.022313578,0.046094317,0.08062201,0.2722086,0.29721603,0.17991889,0.06133399,0.026379421,0.0071976613,0.006715513
south_asia_0391.jpg,south_asia,5.507284164428711,1.2521153688430786,0.0056222803,0.0065028802,0.026887964,0.12342141,0.34345016,0.34614387,0.096308604,0.029044444,0.012507118,0.010111278
south_asia_0392.jpg,south_asia,5.245101451873779,1.3688557147979736,0.012863612,0.015708968,0.045806322,0.16351147,0.38017553,0.23744357,0.096311346,0.031069867,0.010015746,0.0070935623
south_asia_0394.jpg,south_asia,5.4464592933654785,1.5407637357711792,0.00824065,0.01805425,0.040700782,0.18746479,0.2864085,0.26436773,0.1007354,0.05620474,0.021117542,0.016705606
south_asia_0396.jpg,south_asia,6.102687358856201,1.4578609466552734,0.002621169,0.0039042195,0.012908148,0.09431386,0.22646825,0.31136444,0.20063974,0.08429508,0.03793915,0.025545873
south_asia_0397.jpg,south_asia,6.530803203582764,1.595132827758789,0.0024717334,0.0033163507,0.01235789,0.0449831,0.18663193,0.30890837,0.21024616,0.08867676,0.087131605,0.055276155
south_asia_0398.jpg,south_asia,5.296598434448242,1.4416080713272095,0.008153659,0.022573518,0.040686194,0.17306075,0.3735956,0.21919699,0.09455205,0.037702143,0.022436159,0.008042943
south_asia_0399.jpg,south_asia,5.503251075744629,1.609693169593811,0.014343191,0.021937601,0.057341088,0.12127261,0.30103323,0.2554836,0.13384384,0.058930643,0.016642455,0.019171722
south_asia_0400.jpg,south_asia,6.278312683105469,1.5171959400177002,0.001441376,0.0030693251,0.011566379,0.053823784,0.2736068,0.27467766,0.1790856,0.10610472,0.064042285,0.032582074
south_asia_0403.jpg,south_asia,6.421588897705078,1.5705372095108032,0.0023586878,0.005409645,0.01454072,0.061910104,0.18555284,0.3000078,0.20023899,0.11991898,0.072309606,0.037752613
south_asia_0407.jpg,south_asia,5.605746269226074,1.55082368850708,0.0067380783,0.010169528,0.03635463,0.13787252,0.34190488,0.24674632,0.11862162,0.045889292,0.02638419,0.029318938
south_asia_0408.jpg,south_asia,3.541814088821411,1.4085640907287598,0.11078092,0.114969164,0.21395329,0.31992975,0.17946433,0.049544293,0.007922741,0.0021263983,0.00063349196,0.0006756671
south_asia_0409.jpg,south_asia,5.158566474914551,1.6629698276519775,0.022857048,0.03438797,0.06912725,0.18517485,0.3104125,0.2061744,0.09430138,0.042671323,0.0206698,0.0142234815
south_asia_0410.jpg,south_asia,5.980504989624023,1.4115581512451172,0.0017955215,0.0044136834,0.016594151,0.06857127,0.2949654,0.3388406,0.15573971,0.04948659,0.044057287,0.025535781
south_asia_0411.jpg,south_asia,5.421961307525635,1.6866141557693481,0.0073382407,0.031914797,0.061143056,0.17248765,0.28327534,0.22717401,0.109319076,0.059668377,0.021382164,0.0262973
south_asia_0413.jpg,south_asia,5.172059535980225,1.6264148950576782,0.021517579,0.026711317,0.075926445,0.16422698,0.3402787,0.21294099,0.09034116,0.03128211,0.016999483,0.01977519
south_asia_0414.jpg,south_asia,6.172529220581055,1.419830560684204,0.0031906508,0.0026789375,0.010894437,0.06644388,0.23055707,0.3380896,0.1945281,0.08598478,0.041701514,0.025931017
south_asia_0416.jpg,south_asia,5.237526893615723,1.495469570159912,0.019219501,0.027503792,0.058446277,0.14997832,0.3153411,0.2713106,0.10897897,0.03028454,0.0110193305,0.007917572
south_asia_0417.jpg,south_asia,3.7576637268066406,1.4580250978469849,0.06424244,0.123227365,0.24173915,0.27824005,0.19160528,0.07322401,0.016494794,0.0070305266,0.002252584,0.0019437461
south_asia_0418.jpg,south_asia,3.7361655235290527,1.6036232709884644,0.10570219,0.119425885,0.19384736,0.26913038,0.19613236,0.07971033,0.02245042,0.007808063,0.002923364,0.002869622
south_asia_0419.jpg,south_asia,4.4551849365234375,1.434796690940857,0.03704727,0.06467169,0.079703055,0.31739402,0.31615663,0.12724082,0.037465673,0.012809447,0.003968182,0.0035431879
south_asia_0422.jpg,south_asia,4.748800277709961,1.554978847503662,0.022728723,0.039156824,0.107536316,0.28442937,0.27675736,0.15615913,0.06541545,0.030824719,0.0077368356,0.009255259
south_asia_0423.jpg,south_asia,5.606931686401367,1.4423136711120605,0.004894181,0.011595253,0.03169665,0.1368796,0.29147696,0.33944255,0.09118147,0.048473425,0.027457966,0.016901914
south_asia_0426.jpg,south_asia,6.459577560424805,1.5770018100738525,0.002018927,0.002923213,0.009886689,0.049976386,0.20613734,0.31678718,0.19824037,0.07193827,0.09336817,0.048723422
south_asia_0427.jpg,south_asia,4.778504371643066,1.4195423126220703,0.019045375,0.04005355,0.07545362,0.27092403,0.33782956,0.17086962,0.048408262,0.02455608,0.008976516,0.0038834393
south_asia_0428.jpg,south_asia,4.816191673278809,1.378380537033081,0.016291799,0.03788882,0.080563895,0.22049755,0.3984904,0.16611551,0.049199652,0.01810175,0.0064221555,0.00642843
south_asia_0429.jpg,south_asia,5.714766979217529,1.5014145374298096,0.013089177,0.012248207,0.029605135,0.0782471,0.31992123,0.3155771,0.13989979,0.044172145,0.022768423,0.02447172
south_asia_0430.jpg,south_asia,4.747023582458496,1.7240784168243408,0.033149365,0.06141921,0.10151069,0.23717469,0.2974837,0.14120917,0.067951694,0.028211739,0.017122254,0.014767515
south_asia_0431.jpg,south_asia,3.9756553173065186,1.5359433889389038,0.07238113,0.11577773,0.12062515,0.34162152,0.21587923,0.09532921,0.022302518,0.0111271385,0.0027122155,0.0022441184
south_asia_0436.jpg,south_asia,5.255765914916992,1.431064248085022,0.0104664555,0.03020447,0.04277228,0.16047785,0.3498319,0.2651005,0.08506283,0.033720206,0.013937072,0.008426475
south_asia_0437.jpg,south_asia,5.4148383140563965,1.6895067691802979,0.018043002,0.022694623,0.06494363,0.15793626,0.28320637,0.22845337,0.12324136,0.056121755,0.02718181,0.018177858
south_asia_0438.jpg,south_asia,6.182802200317383,1.307276964187622,0.0010349429,0.0023945933,0.007171661,0.048143685,0.23103042,0.38690314,0.17713717,0.091182396,0.033120967,0.021880936
south_asia_0440.jpg,south_asia,5.1747541427612305,1.5324029922485352,0.018654022,0.018113235,0.05717856,0.21058515,0.3319446,0.20651203,0.087272085,0.044422124,0.012260517,0.013057627
south_asia_0445.jpg,south_asia,4.894619941711426,1.4353641271591187,0.015232941,0.027395379,0.07658877,0.28567556,0.2834524,0.20697358,0.06865374,0.018610895,0.010605786,0.0068109296
south_asia_0446.jpg,south_asia,5.382907390594482,1.2957383394241333,0.006135026,0.012702485,0.044455253,0.13168605,0.34357485,0.3323544,0.083378404,0.024300069,0.012926955,0.008486506
south_asia_0447.jpg,south_asia,5.758360862731934,1.6689176559448242,0.012463063,0.02416141,0.03843583,0.09395246,0.28158805,0.25538927,0.17467134,0.05371578,0.042471938,0.023150865
south_asia_0449.jpg,south_asia,5.063706874847412,1.406617522239685,0.017330505,0.024651915,0.051291276,0.21073608,0.35707662,0.22345285,0.06983353,0.031338423,0.008275522,0.0060132537
south_asia_0450.jpg,south_asia,5.585150718688965,1.2867536544799805,0.0041923784,0.007779035,0.030766679,0.09122658,0.3661323,0.33012757,0.10157202,0.035847154,0.024577292,0.007779035
south_asia_0452.jpg,south_asia,4.595058441162109,1.649401068687439,0.040612046,0.077634655,0.09680679,0.23222741,0.29876885,0.15289453,0.059845127,0.02774492,0.0068971994,0.006568512
south_asia_0453.jpg,south_asia,5.489527225494385,1.4214651584625244,0.0059967167,0.011641105,0.03399031,0.14013124,0.36205572,0.27222854,0.087606296,0.05287708,0.016887126,0.016585788
south_asia_0454.jpg,south_asia,6.109282493591309,1.4255658388137817,0.0019499885,0.0069369795,0.015799632,0.056654084,0.26196584,0.31971592,0.18979575,0.08621861,0.036632247,0.024330951
south_asia_0455.jpg,south_asia,7.074018478393555,1.6556291580200195,0.00057051505,0.0013238988,0.0066190786,0.02025177,0.12685962,0.26029903,0.24167946,0.13242942,0.07701942,0.13294774
south_asia_0456.jpg,south_asia,5.433562278747559,1.5658984184265137,0.011341912,0.027683562,0.054747056,0.12679446,0.32000884,0.24825153,0.13642971,0.035038047,0.026480412,0.013224476
south_asia_0460.png,south_asia,4.8808512687683105,1.2068558931350708,0.010751184,0.017917147,0.056552656,0.27404636,0.37166196,0.20365395,0.04323358,0.016254114,0.0037703372,0.0021587887
south_asia_0463.jpg,south_asia,5.554119110107422,1.5689332485198975,0.008675387,0.017537603,0.044489603,0.1297446,0.34116453,0.22637853,0.12661538,0.057181593,0.03206031,0.016152453
south_asia_0464.jpg,south_asia,5.510563373565674,1.6941380500793457,0.017615903,0.032085735,0.044243153,0.1354162,0.28695616,0.23882611,0.13754869,0.05976868,0.029739726,0.017799638
south_asia_0465.jpg,south_asia,4.819611549377441,1.6936262845993042,0.030695394,0.05946379,0.10036415,0.21351089,0.27308458,0.2077518,0.060223516,0.023847304,0.02001048,0.01104814
south_asia_0466.jpg,south_asia,3.9163830280303955,1.3911423683166504,0.055600554,0.10038506,0.18572141,0.32531524,0.23385859,0.074309014,0.016017571,0.0062565114,0.0010957458,0.0014403308
south_asia_0467.jpg,south_asia,4.311323642730713,1.5804275274276733,0.05316016,0.07380557,0.14663665,0.25065827,0.2902013,0.122041844,0.039679267,0.012190452,0.0067916373,0.0048348415
south_asia_0470.jpg,south_asia,4.700894355773926,1.521407961845398,0.024643656,0.068518415,0.09411197,0.1951908,0.37040702,0.15899923,0.052457985,0.02271042,0.008410208,0.0045502787
south_asia_0472.jpg,south_asia,4.892123699188232,1.6335937976837158,0.02665594,0.04378757,0.10638295,0.20247167,0.28720877,0.20525885,0.081726104,0.019969862,0.01596369,0.010574565
south_asia_0473.jpg,south_asia,4.521816253662109,1.5630894899368286,0.03977301,0.05336387,0.1340258,0.24795981,0.29046115,0.16421184,0.041075632,0.014715861,0.0055644144,0.008848596
south_asia_0474.jpg,south_asia,5.20821475982666,1.8003146648406982,0.028074255,0.028538993,0.08698562,0.18541169,0.27997157,0.18559285,0.111910105,0.038637344,0.034201555,0.020676034
south_asia_0475.jpg,south_asia,4.805239677429199,1.6309581995010376,0.020859728,0.08053166,0.08555824,0.2066514,0.28467432,0.2018643,0.08284494,0.0166004,0.011388406,0.009026582
south_asia_0476.jpg,south_asia,5.911195755004883,1.5821880102157593,0.0058451677,0.007796705,0.024616586,0.09152314,0.31820175,0.2571848,0.15462548,0.05889015,0.05096518,0.030351078
south_asia_0477.jpg,south_asia,5.504035949707031,1.0869390964508057,0.0027520538,0.0053411103,0.016710855,0.09131369,0.41084126,0.3473171,0.09024985,0.017266588,0.014852061,0.0033554633
south_asia_0478.jpg,south_asia,5.0619916915893555,1.223641037940979,0.008992593,0.016044734,0.044436328,0.20427112,0.4232503,0.21034412,0.062177602,0.020294826,0.00728598,0.0029024112
south_asia_0479.jpeg,south_asia,5.9442830085754395,1.3624905347824097,0.0020672136,0.0065089245,0.017576847,0.07035441,0.29303828,0.31684992,0.18809438,0.04788392,0.04723372,0.010392348
south_asia_0480.jpg,south_asia,5.773609161376953,1.498318076133728,0.004069505,0.0058951313,0.034677792,0.09289326,0.34413067,0.27597722,0.11777261,0.056784514,0.051050648,0.016748628
south_asia_0481.jpg,south_asia,5.200460433959961,1.341849446296692,0.009105054,0.016461482,0.039357904,0.1804847,0.4131336,0.21984255,0.073494345,0.02493813,0.0120917205,0.01109057
south_asia_0486.jpg,south_asia,4.572819709777832,1.2062195539474487,0.016682573,0.030156657,0.09763248,0.310882,0.3655938,0.13903505,0.028191566,0.007845735,0.0026896566,0.0012905113
south_asia_0487.jpg,south_asia,4.4498291015625,1.5007271766662598,0.045112234,0.06550983,0.07925179,0.29618654,0.3395795,0.113412134,0.030763868,0.01923979,0.005882866,0.0050614523
south_asia_0488.jpg,south_asia,3.985879421234131,1.4135650396347046,0.05621679,0.08013459,0.19430903,0.31355208,0.25342676,0.06982642,0.022536878,0.0046643927,0.0022380003,0.0030950417
south_asia_0490.jpg,south_asia,4.257596969604492,1.3129801750183105,0.04158569,0.05334496,0.114485875,0.36454666,0.29464284,0.098500416,0.023857342,0.0062038386,0.0014956498,0.0013367698
south_asia_0491.jpg,south_asia,4.366446495056152,1.225327968597412,0.023266468,0.05834926,0.10816244,0.31114992,0.37094584,0.10565686,0.01441125,0.0057296017,0.0012740846,0.0010541923
south_asia_0492.jpg,south_asia,4.618741512298584,1.6658021211624146,0.04176417,0.04223584,0.13667223,0.25961173,0.2585996,0.15885253,0.053469375,0.025862414,0.012576669,0.010355394
south_asia_0493.jpg,south_asia,5.7816009521484375,1.6545977592468262,0.015777223,0.0107067255,0.032116912,0.118878104,0.26581115,0.27158374,0.16328242,0.054240648,0.038944274,0.028658802
south_asia_0494.jpg,south_asia,4.623486042022705,1.3504698276519775,0.03033182,0.037000366,0.092701524,0.25720996,0.35432166,0.18635008,0.023982732,0.010977414,0.0044428627,0.0026816067
south_asia_0495.jpg,south_asia,6.080258369445801,1.663873314857483,0.010047978,0.008967455,0.027648691,0.07777019,0.23059712,0.3031142,0.18170616,0.0767891,0.033269364,0.05008976
south_asia_0497.jpg,south_asia,5.897226333618164,1.5044679641723633,0.0018667593,0.0042027007,0.017793667,0.12634897,0.29434448,0.26026592,0.15541188,0.071640804,0.04739795,0.02072686
mena_0002.jpg,mena,5.648932933807373,1.439042329788208,0.0056557013,0.010311399,0.021344393,0.117432915,0.3519621,0.28558484,0.1153867,0.044442113,0.026472887,0.021407017
mena_0005.jpg,mena,5.284444808959961,1.7925963401794434,0.015627561,0.045752887,0.08477105,0.1739389,0.23961096,0.2268591,0.1045761,0.063212186,0.026209606,0.019441692
mena_0006.jpg,mena,5.044417858123779,1.3021984100341797,0.013912136,0.015047197,0.04001847,0.25169253,0.3563326,0.21910179,0.07050949,0.021567274,0.0069779777,0.0048405896
mena_0008.jpg,mena,5.174492359161377,1.469630241394043,0.009429962,0.0231917,0.06743588,0.20630203,0.3189034,0.21285078,0.10103572,0.041142292,0.013929776,0.005778511
mena_0009.jpg,mena,6.352013111114502,1.4664561748504639,0.0022229638,0.00576593,0.009277131,0.056002926,0.21176603,0.28832138,0.21384418,0.13969569,0.047855083,0.02524866
mena_0011.jpg,mena,5.375448226928711,1.4173861742019653,0.007497562,0.011775179,0.04951488,0.14271748,0.38718933,0.23530133,0.09232547,0.04458033,0.016673457,0.012424929
mena_0012.jpg,mena,6.486238956451416,1.5773125886917114,0.002349341,0.0041151764,0.01113716,0.04229885,0.2029824,0.3143853,0.1851789,0.12049821,0.05895598,0.058098663
mena_0015.jpg,mena,5.318559646606445,1.678776502609253,0.01221972,0.028508976,0.06984057,0.18781792,0.287509,0.20830192,0.10838267,0.054232776,0.02323287,0.019953558
mena_0018.jpg,mena,5.173325061798096,1.3806777000427246,0.011022465,0.016442481,0.055527527,0.19155216,0.34482974,0.27492222,0.05607244,0.02558424,0.014703455,0.009343233
mena_0021.jpg,mena,6.56281852722168,1.4517067670822144,0.0007263944,0.0021329082,0.006405108,0.026587352,0.15870652,0.39280242,0.18590946,0.12144708,0.04385654,0.061426293
mena_0026.jpg,mena,5.833600997924805,1.6479792594909668,0.008089766,0.016578872,0.041324653,0.10138449,0.23897095,0.32855406,0.12941973,0.060835768,0.044378195,0.03046345
mena_0028.jpg,mena,5.934250354766846,1.7155998945236206,0.009642148,0.0171806,0.032626934,0.10747701,0.2281964,0.2935828,0.1565309,0.06537936,0.0526108,0.036773115
mena_0029.jpg,mena,4.599803447723389,1.588773250579834,0.043141257,0.05193675,0.10615183,0.24062261,0.3200208,0.15749624,0.044121217,0.019669099,0.007841276,0.008998851
mena_0037.jpg,mena,6.482840538024902,1.5690171718597412,0.0019395718,0.0048004864,0.011496105,0.036686495,0.21813706,0.30344537,0.17055021,0.14788747,0.04881576,0.05624149
mena_0047.jpg,mena,6.338199615478516,1.4747205972671509,0.0015216075,0.003569075,0.012327202,0.047013342,0.2375905,0.28049734,0.22232546,0.11624557,0.041773718,0.03713618
mena_0048.jpg,mena,6.178567409515381,1.4431029558181763,0.0015000799,0.003662319,0.011728677,0.06504306,0.24982299,0.3195285,0.17958964,0.099566996,0.041142505,0.028415209
mena_0049.jpg,mena,5.172699928283691,1.5769896507263184,0.01210945,0.028424675,0.07338679,0.20401731,0.30507225,0.21930654,0.07653408,0.05183614,0.017244646,0.012068131
mena_0050.jpg,mena,4.412652015686035,1.5737600326538086,0.038494587,0.077685304,0.134622,0.2740768,0.25101626,0.14641649,0.048566766,0.02034474,0.00546236,0.003314707
mena_0072.jpg,mena,5.045252323150635,1.502236247062683,0.018388614,0.024094783,0.065512404,0.217339,0.36114183,0.17842932,0.080267474,0.03045866,0.012724989,0.011642946
mena_0073.png,mena,4.6659417152404785,1.63764488697052,0.02145054,0.07625327,0.10721977,0.2677141,0.25149414,0.16934058,0.052459262,0.036999922,0.007943402,0.009124961
mena_0082.jpg,mena,4.796151161193848,1.4516863822937012,0.013109997,0.05985528,0.06963705,0.25372872,0.3309246,0.17713119,0.06032473,0.02256924,0.007924482,0.0047947215
mena_0084.jpg,mena,5.335549831390381,1.514650583267212,0.0100769,0.011972461,0.062121574,0.1705211,0.33978468,0.23906837,0.0888982,0.034089714,0.029930219,0.013536797
mena_0085.jpg,mena,6.686520576477051,1.4124469757080078,0.0003470175,0.00095441064,0.002835465,0.014484298,0.15863721,0.34785166,0.24666376,0.10083595,0.06971073,0.05767946
mena_0086.jpeg,mena,5.214102745056152,1.3741799592971802,0.011061005,0.015699763,0.044501178,0.18535511,0.38181254,0.22184102,0.092657894,0.023854684,0.015000949,0.008215829
mena_0087.jpg,mena,5.02350378036499,1.4819560050964355,0.012999338,0.032410186,0.096900776,0.15274437,0.37583727,0.22094332,0.06250277,0.019528616,0.015925178,0.010208281
mena_0088.jpg,mena,4.874549388885498,1.3980023860931396,0.009985346,0.030510228,0.088413686,0.23986438,0.37588847,0.1524671,0.058953762,0.030644603,0.005958156,0.0073143584
mena_0089.jpg,mena,5.646825790405273,1.6709825992584229,0.0065326393,0.015214822,0.049222082,0.14537989,0.29713717,0.23551439,0.12508075,0.05931521,0.034211874,0.032391153
mena_0090.jpg,mena,6.495599269866943,1.6664528846740723,0.0013822451,0.005080791,0.023022069,0.042354405,0.22224653,0.24219052,0.23843572,0.07502712,0.09067692,0.059583634
mena_0094.jpg,mena,5.381931304931641,1.5216931104660034,0.008006281,0.016219597,0.052054785,0.17765364,0.32803395,0.22326322,0.11811193,0.037438776,0.023514545,0.01570331
mena_0095.jpg,mena,5.831475257873535,1.546675205230713,0.007519665,0.01314918,0.029408716,0.100219764,0.26846403,0.30839726,0.1420243,0.07928036,0.027932124,0.023604622
mena_0104.jpg,mena,5.729836940765381,1.411991834640503,0.0038490565,0.008317284,0.021562865,0.12921788,0.28556472,0.3198173,0.124997884,0.06684124,0.026966773,0.012864973
mena_0108.jpg,mena,6.058545112609863,1.4859379529953003,0.0026892128,0.008087524,0.017219538,0.07513802,0.25668308,0.32958758,0.15207969,0.08827521,0.046631478,0.023608616
mena_0120.jpg,mena,5.1486124992370605,1.6908327341079712,0.018859882,0.043850545,0.061778817,0.20879103,0.27986372,0.21966752,0.0962472,0.03036697,0.018181708,0.022392565
mena_0121.jpg,mena,4.652219772338867,1.5860342979431152,0.040293902,0.040078063,0.11546121,0.26662645,0.25741574,0.18577206,0.058971815,0.020682741,0.008075044,0.0066229184
mena_0125.jpg,mena,7.028618812561035,1.6982823610305786,0.0015420616,0.0031889211,0.00803262,0.034217235,0.13506773,0.22975795,0.21166295,0.17998719,0.081126586,0.115416795
mena_0128.jpg,mena,5.194164752960205,1.4072357416152954,0.015795514,0.020114796,0.04550542,0.15836489,0.40916583,0.21815683,0.08049088,0.030253999,0.013593333,0.008558569
mena_0132.jpg,mena,6.186359405517578,1.4185523986816406,0.0005727777,0.0034357882,0.008532903,0.053404696,0.25329107,0.3599992,0.17071715,0.06911082,0.04401539,0.03692017
mena_0136.jpg,mena,5.727785110473633,1.6174150705337524,0.0080822045,0.01880316,0.040250942,0.1312708,0.24837944,0.277629,0.14530352,0.080558285,0.030227631,0.019494995
mena_0137.jpg,mena,5.586193084716797,1.564502477645874,0.011100734,0.018580588,0.03740689,0.14954497,0.25688094,0.2962462,0.13669516,0.052803706,0.021055207,0.019685594
mena_0138.jpg,mena,5.243021011352539,1.6841249465942383,0.029258281,0.027955106,0.06306128,0.16229561,0.31161335,0.20636652,0.11827509,0.050154235,0.016144155,0.014876325
mena_0140.jpg,mena,4.707622528076172,1.4051278829574585,0.013324838,0.055840038,0.09573211,0.23099892,0.37494826,0.15417929,0.044671986,0.018487854,0.007165433,0.004651267
mena_0141.jpg,mena,4.221584320068359,1.4199326038360596,0.051138826,0.06735214,0.11082824,0.35740873,0.26508537,0.11279362,0.02111582,0.0075936895,0.0039627054,0.0027208661
mena_0142.jpg,mena,5.239681720733643,1.6538903713226318,0.0220874,0.03698605,0.050702255,0.17482112,0.30682066,0.23250684,0.09777888,0.043431513,0.017470973,0.017394362
mena_0143.jpg,mena,5.827550888061523,1.495531439781189,0.0068384404,0.011316046,0.021453122,0.106866784,0.27449757,0.3104396,0.14635515,0.07352016,0.028650671,0.020062523
mena_0144.jpg,mena,5.414892196655273,1.6016249656677246,0.011581088,0.01944683,0.05657432,0.18102607,0.27016467,0.2523135,0.1253931,0.045060955,0.016747596,0.021691857
mena_0145.jpg,mena,6.584959030151367,1.5818853378295898,0.0016191035,0.005198533,0.01121277,0.050074562,0.15424052,0.32272303,0.19535947,0.11965433,0.0924617,0.047455966
mena_0146.jpg,mena,5.438544750213623,1.2512894868850708,0.0032808613,0.0071102935,0.023416432,0.14128813,0.41043088,0.25534055,0.101567455,0.03625037,0.012681659,0.008633373
mena_0149.jpg,mena,4.840067386627197,1.4394842386245728,0.022651957,0.043582916,0.06441138,0.24237487,0.33453825,0.20054375,0.056565966,0.026145548,0.0054178783,0.0037675435
mena_0151.jpg,mena,6.343415260314941,1.4689745903015137,0.001314911,0.002920108,0.008684374,0.05176015,0.20753343,0.35233742,0.19534077,0.072708935,0.07158169,0.03581821
mena_0152.jpg,mena,5.577640533447266,1.5512804985046387,0.015662251,0.01522863,0.038340893,0.14540529,0.2444611,0.3151228,0.13540034,0.052662306,0.024430528,0.013285892
mena_0153.jpg,mena,6.060931205749512,1.3664785623550415,0.0015823538,0.005731762,0.012680816,0.06598202,0.23877344,0.38305223,0.16442727,0.069419205,0.036119875,0.022231089
mena_0154.jpg,mena,5.638703346252441,1.7178164720535278,0.016596073,0.023270322,0.042957705,0.13705361,0.25579992,0.26860014,0.115410715,0.08248032,0.038151447,0.019679777
mena_0155.jpg,mena,5.554277420043945,1.450863003730774,0.014317089,0.011696684,0.036346376,0.1128328,0.3136783,0.3076112,0.12686132,0.050142642,0.012168568,0.014345079
mena_0156.jpg,mena,5.530180931091309,1.560189962387085,0.010288503,0.01850767,0.04780642,0.1470386,0.26781714,0.30052736,0.113622606,0.05151468,0.027192762,0.015684264
mena_0158.jpg,mena,6.312291145324707,1.5342216491699219,0.002147278,0.0044753114,0.011574116,0.073436975,0.22642282,0.27311805,0.17292757,0.16372453,0.04012242,0.032050923
mena_0159.jpg,mena,6.2942280769348145,1.3420186042785645,0.001150727,0.0034120318,0.010607755,0.0451647,0.18358167,0.37963948,0.22936527,0.07504803,0.048218634,0.023811748
mena_0161.jpg,mena,5.04755973815918,1.5654902458190918,0.02614037,0.029308902,0.07886673,0.16876405,0.35692477,0.20900722,0.0662505,0.041085683,0.01647898,0.007172817
mena_0165.jpg,mena,6.079102516174316,1.4060628414154053,0.0016062771,0.0060177897,0.014941519,0.06619926,0.25801578,0.32936332,0.18224731,0.078613564,0.045011908,0.017983355
mena_0167.jpg,mena,5.941920280456543,1.5314093828201294,0.005229419,0.008243116,0.02267124,0.0858114,0.28026778,0.31449866,0.14943168,0.057274465,0.049325485,0.027246768
mena_0170.jpg,mena,5.7751288414001465,1.3528193235397339,0.0021963876,0.0038642033,0.011618348,0.12396723,0.29449195,0.34429595,0.12324298,0.056204766,0.017275928,0.022842228
mena_0171.jpg,mena,5.843226432800293,1.4733179807662964,0.008570365,0.0091969045,0.019280637,0.102940395,0.25453123,0.34790295,0.14559515,0.061769385,0.028866036,0.02134693
mena_0173.jpg,mena,6.833306312561035,1.4306304454803467,0.00047611355,0.00088776165,0.0032855752,0.016358806,0.140253,0.30634072,0.21935987,0.19895077,0.05154584,0.06254153
mena_0179.jpg,mena,5.298194885253906,1.6619699001312256,0.019306973,0.032404218,0.063708246,0.15660521,0.31419602,0.21011886,0.11170231,0.056552723,0.023551311,0.011854094
mena_0183.jpg,mena,4.84755802154541,1.396793007850647,0.016408222,0.03191467,0.07359043,0.25386336,0.361518,0.1761898,0.045382045,0.02700639,0.0086296545,0.005497408
mena_0184.jpg,mena,5.100066661834717,1.3550050258636475,0.01436979,0.018207297,0.056370694,0.19163305,0.37300727,0.23571268,0.07287789,0.024351513,0.005331065,0.008138833
mena_0187.jpg,mena,5.196918487548828,1.5948106050491333,0.0254911,0.022850076,0.061344363,0.19043592,0.28199628,0.2654289,0.083929725,0.038388323,0.018572446,0.011562904
mena_0195.jpg,mena,5.844506740570068,1.6253626346588135,0.0063222097,0.016664939,0.034843124,0.118594415,0.24500911,0.28588575,0.13477936,0.10263492,0.03160906,0.023657119
mena_0196.jpg,mena,5.692977428436279,1.630537748336792,0.0061487057,0.017909538,0.042080373,0.12630537,0.29539454,0.26017612,0.12063918,0.073028594,0.0303612,0.027956394
mena_0197.jpg,mena,5.671540260314941,1.3375084400177002,0.0016127571,0.0079131145,0.016698979,0.10947745,0.38737395,0.24479136,0.14002381,0.062990524,0.014794475,0.014323552
mena_0198.jpg,mena,5.921072006225586,1.5022934675216675,0.0042180396,0.0057372935,0.024427708,0.09895289,0.2852134,0.27375185,0.1764026,0.0741847,0.031704552,0.025407001
mena_0199.jpg,mena,6.038107872009277,1.466002106666565,0.0018994786,0.004590108,0.011495945,0.06715538,0.28802976,0.36268422,0.12632336,0.060907293,0.03300173,0.04391274
mena_0205.jpg,mena,5.523961544036865,1.5387706756591797,0.010020893,0.017870173,0.04077188,0.15222739,0.26664612,0.3279803,0.09323667,0.048559863,0.022140242,0.020546487
mena_0207.jpg,mena,5.569802761077881,1.5444458723068237,0.0033265287,0.017203586,0.031700227,0.18179977,0.28994834,0.24226092,0.12741344,0.061432865,0.026037728,0.018876577
mena_0208.jpg,mena,6.342164039611816,1.5649651288986206,0.0033977309,0.005662413,0.015554472,0.059757542,0.20454012,0.3161798,0.17190397,0.12345557,0.064487234,0.0350611
mena_0209.jpg,mena,6.003329277038574,1.66512930393219,0.008095957,0.01380535,0.027515609,0.092247054,0.25820842,0.25569913,0.17403144,0.09676853,0.037802693,0.03582584
mena_0210.jpg,mena,6.192569732666016,1.4304770231246948,0.0010603246,0.0026604545,0.0104316585,0.045751452,0.2883122,0.30750674,0.17936711,0.083413444,0.052556854,0.02893974
mena_0211.jpg,mena,6.048216819763184,1.5860120058059692,0.0064570564,0.009326402,0.024607817,0.08268004,0.25343198,0.26925054,0.21010247,0.059436,0.05738276,0.027324958
mena_0212.jpg,mena,5.835073947906494,1.5310556888580322,0.0069883307,0.012966976,0.023652766,0.09972784,0.2753574,0.3289166,0.11670757,0.07843031,0.034922402,0.02232984
mena_0213.jpg,mena,6.04746150970459,1.5564053058624268,0.0050587817,0.0071131564,0.021827308,0.083580755,0.2786384,0.2517288,0.18452878,0.10250534,0.037124973,0.027893709
mena_0214.jpg,mena,6.539573669433594,1.5846633911132812,0.0020650285,0.0029695944,0.013558044,0.062143173,0.18052103,0.23682739,0.25807986,0.13787064,0.05042346,0.05554182
mena_0216.jpg,mena,6.001879692077637,1.5088468790054321,0.004071957,0.0072095953,0.029766437,0.08869278,0.23527719,0.30506656,0.18539396,0.08843332,0.033573695,0.022514531
mena_0217.jpg,mena,6.182192802429199,1.3899856805801392,0.0018755696,0.0036865592,0.013593125,0.047435984,0.22542216,0.39178342,0.16204867,0.08614749,0.038981687,0.029025367
mena_0218.jpg,mena,5.948431015014648,1.3537368774414062,0.0008364068,0.0022361558,0.0072910166,0.07529094,0.34408578,0.28525716,0.16835037,0.06547782,0.025905756,0.02526861
mena_0219.jpg,mena,6.622351169586182,1.597508192062378,0.0015553982,0.0043664845,0.011287153,0.04388512,0.17356901,0.28283298,0.21224627,0.14846145,0.053559545,0.068236634
mena_0220.jpg,mena,6.2539472579956055,1.4109230041503906,0.0012253172,0.0045348573,0.0059290263,0.05789718,0.20972098,0.37901464,0.16557923,0.10669739,0.035065006,0.034336455
mena_0224.jpg,mena,5.534243583679199,1.7477123737335205,0.019536981,0.021233097,0.065690584,0.1368441,0.25491053,0.265065,0.10626253,0.07755375,0.030452155,0.02245127
mena_0225.jpg,mena,6.530344009399414,1.502992868423462,0.0014065661,0.0022786276,0.0078031723,0.04003621,0.18970084,0.32206234,0.18530644,0.14977291,0.05170961,0.04992328
mena_0227.jpg,mena,5.916413307189941,1.3608320951461792,0.0020841276,0.006140565,0.014138493,0.08037427,0.2877479,0.3484487,0.14811991,0.05996286,0.037670664,0.015312571
mena_0229.jpg,mena,5.283692359924316,1.6508164405822754,0.009870479,0.027467012,0.07113973,0.21073122,0.26021832,0.23600776,0.09342014,0.04841842,0.023152145,0.019574756
mena_0230.jpg,mena,5.676723480224609,1.6859620809555054,0.012776769,0.019374928,0.04374343,0.14533262,0.2370528,0.26600558,0.15946086,0.058949508,0.029518904,0.027784659
mena_0233.jpg,mena,5.813971519470215,1.2960172891616821,0.0018792683,0.004237065,0.01369412,0.09233413,0.2980582,0.38122225,0.10544887,0.065092176,0.023643993,0.014389906
mena_0234.jpg,mena,6.445901870727539,1.5878149271011353,0.0017122767,0.004896914,0.010344014,0.044009518,0.23826197,0.28019342,0.17499845,0.13443828,0.05709176,0.054053396
mena_0237.jpg,mena,5.947186470031738,1.4750244617462158,0.0051501645,0.005376284,0.02315481,0.08702339,0.2651869,0.32301554,0.16210552,0.070267536,0.034379695,0.024340197
mena_0241.jpg,mena,5.788249492645264,1.533199429512024,0.0049889903,0.009849388,0.022452094,0.12434424,0.2971234,0.29423591,0.10887946,0.08356234,0.028500149,0.02606397
mena_0243.jpg,mena,5.9325270652771,1.5123242139816284,0.004818988,0.009668305,0.029376091,0.08951793,0.25105923,0.31551448,0.16691518,0.07370739,0.03850118,0.020921234
mena_0246.jpg,mena,6.0654497146606445,1.5148710012435913,0.0031587116,0.008249274,0.015934167,0.07417404,0.275321,0.30238098,0.15748715,0.088601485,0.047750264,0.026942877
mena_0247.jpg,mena,5.698197841644287,1.4810419082641602,0.0058716326,0.012644503,0.036144163,0.12751803,0.26864073,0.29217687,0.1466291,0.08201085,0.013863556,0.014500534
mena_0250.jpg,mena,4.843518257141113,1.2970337867736816,0.011307432,0.026584243,0.07584248,0.25682247,0.37221768,0.17651133,0.0543612,0.016774662,0.006441995,0.0031365128
mena_0252.jpg,mena,5.734327793121338,1.4453600645065308,0.003047961,0.0075437753,0.03039498,0.12175038,0.3042922,0.2803271,0.14430003,0.06638874,0.026176535,0.015778337
mena_0253.jpg,mena,6.310604095458984,1.5585644245147705,0.0028121541,0.007076662,0.020771556,0.06859961,0.20480058,0.25637627,0.23026349,0.13404943,0.04207767,0.0331726
mena_0257.jpg,mena,5.659739017486572,1.4210243225097656,0.006455894,0.011347057,0.025471296,0.11359839,0.3063894,0.334537,0.118123636,0.043967493,0.019091098,0.02101872
mena_0258.jpg,mena,5.363236427307129,1.5144383907318115,0.008344931,0.023218973,0.052025422,0.16549799,0.3215077,0.24795713,0.10286044,0.041215826,0.028361795,0.009009814
mena_0265.jpg,mena,5.221221923828125,1.6533015966415405,0.014286864,0.029711023,0.08441183,0.20428103,0.2537358,0.21325004,0.11160932,0.060888696,0.017654847,0.010170554
mena_0267.jpg,mena,5.106317043304443,1.7052381038665771,0.017245874,0.04195044,0.08704884,0.20800523,0.26812932,0.20800523,0.09087075,0.03563766,0.028937869,0.014168762
mena_0268.jpg,mena,5.812461853027344,1.486947774887085,0.002958173,0.0066826404,0.016028864,0.14004919,0.30769315,0.24103987,0.1428114,0.09691455,0.030066734,0.015755339
mena_0276.jpg,mena,6.430854797363281,1.4285330772399902,0.0012834745,0.0019782016,0.0080841305,0.04196666,0.20757826,0.30202457,0.23384279,0.114859715,0.05614239,0.032239866
mena_0277.jpg,mena,5.975135803222656,1.4143363237380981,0.0022782497,0.0046838038,0.016908256,0.083510295,0.28921127,0.29491544,0.17610206,0.07670823,0.040029567,0.01565286
mena_0278.jpg,mena,5.842990398406982,1.4818041324615479,0.0049914503,0.0068525514,0.01870692,0.116185434,0.29843342,0.26751396,0.16384773,0.07157978,0.032279287,0.01960947
mena_0280.jpg,mena,6.097599983215332,1.5653964281082153,0.0038961626,0.0064174156,0.01647369,0.09086783,0.23823875,0.32184002,0.15502492,0.08097754,0.049888812,0.036374893
mena_0281.jpg,mena,6.0581135749816895,1.651482343673706,0.009209869,0.012585326,0.024616819,0.098436944,0.1910437,0.33924446,0.14820492,0.09402097,0.050522763,0.032114223
mena_0283.jpg,mena,6.413530349731445,1.3658154010772705,0.0013652662,0.0017444976,0.0058842953,0.035521515,0.19146572,0.35147223,0.22915447,0.1055311,0.044164088,0.03369684
mena_0284.jpg,mena,5.360146522521973,1.6389209032058716,0.016741345,0.024935396,0.06988185,0.17061064,0.24872236,0.25711933,0.1236084,0.05890391,0.016139597,0.013337186
mena_0286.jpg,mena,5.922262191772461,1.5760399103164673,0.006528433,0.008527163,0.023702858,0.10881437,0.2895011,0.23860267,0.16050343,0.10515798,0.038216095,0.020445926
mena_0287.jpg,mena,6.476531982421875,1.2197949886322021,0.00022057057,0.0012326491,0.0021528287,0.012220451,0.19819348,0.31919625,0.3057713,0.10423683,0.029689876,0.02708579
mena_0288.jpg,mena,6.079988479614258,1.6119577884674072,0.0060863015,0.0059048096,0.02265203,0.088828236,0.23563656,0.32460308,0.15696779,0.05499336,0.068977125,0.03535069
mena_0293.jpg,mena,6.44349479675293,1.5447230339050293,0.002350589,0.0036799833,0.0152122,0.05466099,0.18365599,0.29926986,0.2276725,0.09696912,0.07914389,0.037384927
mena_0295.jpg,mena,5.397599220275879,1.536286473274231,0.008828228,0.022232125,0.057863183,0.14575243,0.33428288,0.223989,0.13453594,0.03783659,0.018881984,0.015797688
mena_0297.jpg,mena,6.589543342590332,1.4413982629776,0.00029052224,0.0010239733,0.0028578162,0.02315806,0.18839376,0.35541987,0.18011802,0.14586402,0.044966467,0.057907492
mena_0299.jpg,mena,5.515747547149658,1.4691531658172607,0.0066081234,0.0112243425,0.039062195,0.14720342,0.34025863,0.25285873,0.11165884,0.05609079,0.018442387,0.016592553
mena_0300.jpg,mena,5.715138912200928,1.259358286857605,0.0023955577,0.0049830293,0.017787553,0.09338232,0.34091187,0.327212,0.13613611,0.049740486,0.017333137,0.01011789
mena_0304.jpg,mena,5.016757965087891,1.4093444347381592,0.011599965,0.022873001,0.050957024,0.28504935,0.30641118,0.19938555,0.07306389,0.0343616,0.011350635,0.004947841
mena_0305.jpg,mena,6.616400241851807,1.5043855905532837,0.0003403504,0.0016048041,0.0041020145,0.034581337,0.18440646,0.3204982,0.19591662,0.14730906,0.045102563,0.066138536
mena_0311.jpg,mena,4.091861248016357,1.583738088607788,0.05545555,0.101898804,0.19412678,0.2397146,0.24348953,0.11614502,0.030580638,0.007638184,0.0076270034,0.0033238665
mena_0313.jpg,mena,5.418664932250977,1.4054359197616577,0.0061481334,0.009411475,0.04288539,0.17044523,0.31349677,0.30089864,0.09303217,0.02969134,0.018283376,0.015707476
mena_0317.jpg,mena,5.584251403808594,1.6483322381973267,0.010077493,0.013337478,0.046506938,0.17287864,0.26880762,0.24812132,0.11549987,0.07067264,0.031162357,0.022935644
mena_0318.jpg,mena,5.960485458374023,1.5190428495407104,0.0065621785,0.007869254,0.01950038,0.09512109,0.25932458,0.31402943,0.14490078,0.08780098,0.04722652,0.01766477
mena_0320.jpg,mena,4.507227897644043,1.538895845413208,0.033451915,0.045190655,0.14138904,0.30522418,0.25303975,0.13101915,0.055748537,0.022088785,0.008412662,0.0044353264
mena_0321.jpg,mena,6.113520622253418,1.6782208681106567,0.0056438693,0.010595747,0.029063579,0.100923106,0.21095894,0.27034813,0.19170551,0.08649288,0.057644814,0.03662339
mena_0325.jpg,mena,6.5252604484558105,1.3936227560043335,0.00033636275,0.0016062649,0.0051699183,0.028250154,0.16464545,0.37909192,0.2172694,0.10839972,0.04496762,0.05026309
mena_0328.jpg,mena,5.89622688293457,1.448264241218567,0.0033263043,0.00590666,0.014905867,0.09486433,0.3147147,0.28767252,0.15011957,0.07266401,0.03310596,0.022720065
mena_0332.jpg,mena,6.273238658905029,1.4919458627700806,0.001039756,0.003202674,0.00761187,0.05204309,0.24563088,0.3497944,0.16652709,0.071692385,0.055943247,0.046514653
mena_0333.jpg,mena,5.898863792419434,1.408873438835144,0.002215375,0.0084924,0.019721333,0.09824004,0.2345177,0.39044872,0.13258429,0.060642257,0.032348704,0.020789234
mena_0334.jpg,mena,6.409358024597168,1.4869132041931152,0.0023064264,0.002964404,0.012445804,0.04864395,0.20083754,0.31781855,0.17178544,0.16879214,0.038782336,0.035623446
mena_0337.jpg,mena,6.343081951141357,1.448484182357788,0.0009858769,0.00295192,0.009667165,0.051613536,0.21751341,0.3202107,0.20393623,0.10355192,0.05975592,0.029813336
mena_0343.jpg,mena,5.297354698181152,1.5412309169769287,0.018352306,0.021091813,0.053520657,0.16802466,0.30844164,0.26126024,0.105352715,0.030213548,0.0222129,0.0115295295
mena_0347.jpg,mena,6.233733177185059,1.5489857196807861,0.0036410105,0.0048590135,0.017117696,0.0765665,0.20212024,0.3274334,0.1955194,0.06146286,0.08558309,0.025696706
mena_0348.jpg,mena,4.841063499450684,1.4700052738189697,0.02354888,0.038617563,0.063328534,0.2589252,0.34774208,0.16139954,0.063266724,0.029855913,0.0073847002,0.0059308764
mena_0352.jpg,mena,5.774295806884766,1.3335567712783813,0.0022171072,0.0052156933,0.015822189,0.091373295,0.35129735,0.29756045,0.13757001,0.06485668,0.0158783,0.018209005
mena_0353.jpg,mena,6.191563606262207,1.4763765335083008,0.0017616361,0.005807291,0.018045623,0.069548495,0.20401552,0.35113293,0.18721518,0.08091438,0.054429546,0.0271294
mena_0354.jpg,mena,6.042391300201416,1.5258044004440308,0.003421467,0.008961701,0.017125325,0.07817701,0.27608103,0.2990984,0.15608206,0.086534075,0.048069485,0.026449455
mena_0355.jpg,mena,5.651355743408203,1.6405662298202515,0.009331722,0.012537292,0.05235403,0.13579601,0.27809164,0.26124293,0.13008462,0.06477499,0.027872982,0.02791384
mena_0356.jpg,mena,5.533912181854248,1.4390382766723633,0.005414562,0.010929708,0.0303034,0.16018012,0.32357275,0.26512602,0.119735286,0.04962149,0.01989773,0.015218916
mena_0357.jpg,mena,6.684528827667236,1.4682954549789429,0.00023958519,0.0010550369,0.00590467,0.01614488,0.18306214,0.30299973,0.2439431,0.13159744,0.044338655,0.07071472
mena_0359.jpg,mena,6.002764701843262,1.6493791341781616,0.007961629,0.013769902,0.036465336,0.08559558,0.22266942,0.2984663,0.1803232,0.07020303,0.058001768,0.026543802
mena_0360.jpg,mena,3.927136182785034,1.3513914346694946,0.0638449,0.08318816,0.18420088,0.30192164,0.2869725,0.064660594,0.010445318,0.002780602,0.001416038,0.0005693443
mena_0361.jpg,mena,6.2675323486328125,1.6469684839248657,0.0030061172,0.00798998,0.021894708,0.06729243,0.22587578,0.2992368,0.16396824,0.10848227,0.049280293,0.052973405
mena_0362.jpg,mena,6.181324481964111,1.4199084043502808,0.0032230583,0.0038725932,0.019418554,0.056244355,0.18879148,0.39117643,0.20373394,0.06777741,0.029871149,0.035891008
mena_0366.jpg,mena,4.4591193199157715,1.4588490724563599,0.027336149,0.06424489,0.09597323,0.34730458,0.27906707,0.118164435,0.04016418,0.016243652,0.004283174,0.007218643
mena_0377.jpg,mena,4.570664405822754,1.3514114618301392,0.022173237,0.042479966,0.09838382,0.30691522,0.33445725,0.13408135,0.038452476,0.015445438,0.0048982417,0.0027130025
mena_0380.jpg,mena,5.1329450607299805,1.556467890739441,0.012905912,0.03321894,0.07790866,0.18363662,0.32704812,0.20808753,0.09388405,0.03584815,0.017030898,0.010431133
mena_0382.jpg,mena,4.606573104858398,1.5823771953582764,0.03420984,0.04488025,0.12361617,0.29308495,0.2453604,0.16280806,0.054747302,0.024664499,0.011068412,0.005560115
mena_0384.jpg,mena,5.833833694458008,1.4928110837936401,0.002589002,0.008647992,0.025679836,0.11593507,0.29317352,0.273802,0.14799388,0.07745599,0.0383435,0.016379235
mena_0385.jpg,mena,6.006661415100098,1.3259906768798828,0.00079760543,0.0027703561,0.009384587,0.07947331,0.28619438,0.31370974,0.17324695,0.09642646,0.023060393,0.0149362385
mena_0386.jpg,mena,4.469545364379883,1.2774535417556763,0.021150576,0.04216576,0.11011987,0.32683653,0.34118637,0.11011987,0.03547247,0.0075543695,0.0029778988,0.0024162906
mena_0387.jpg,mena,5.4778289794921875,1.4781298637390137,0.004898891,0.019006532,0.044070303,0.15314598,0.31423515,0.26461256,0.11380843,0.053706825,0.020196568,0.012318818
mena_0388.jpg,mena,4.981362342834473,1.5121949911117554,0.010941099,0.035052005,0.10775712,0.1825864,0.33978644,0.19780895,0.08086413,0.023066374,0.01104038,0.01109713
mena_0393.jpg,mena,6.985017776489258,1.386605978012085,8.613126e-06,7.141598e-05,0.000421539,0.00716819,0.110877134,0.3202076,0.20917858,0.22266942,0.060282853,0.06911463
mena_0394.jpg,mena,6.37949275970459,1.4216173887252808,0.0007855509,0.0031374039,0.0067349584,0.051282056,0.19831961,0.3314748,0.2173865,0.10328955,0.057265162,0.030324329
mena_0396.jpg,mena,6.16398811340332,1.4816715717315674,0.0014171274,0.004068684,0.014601898,0.05886193,0.2643166,0.32830548,0.16094358,0.08682255,0.044042516,0.036619656
mena_0399.jpg,mena,5.964291572570801,1.5451650619506836,0.0052031404,0.007434981,0.019426638,0.101292506,0.28855547,0.25714833,0.15235533,0.11103098,0.035159923,0.022392701
mena_0401.jpg,mena,5.925052165985107,1.569999098777771,0.0054703723,0.012169188,0.026873576,0.101320826,0.2505267,0.30278367,0.1580052,0.07976096,0.03501554,0.028074024
mena_0402.jpg,mena,5.829535961151123,1.3443020582199097,0.0028816552,0.006605844,0.018490398,0.08114645,0.31350586,0.32282645,0.1668272,0.048030753,0.019992888,0.019692538
mena_0405.jpg,mena,6.093173027038574,1.4286078214645386,0.0013473078,0.003595035,0.01707158,0.066326715,0.2664583,0.31642705,0.18711102,0.07164628,0.04585353,0.024163112
mena_0408.jpg,mena,5.395601272583008,1.3834909200668335,0.0044438895,0.00606963,0.031670865,0.16905124,0.41191906,0.22091544,0.079854146,0.040035725,0.016952192,0.019087803
mena_0412.jpg,mena,4.66325044631958,1.425634741783142,0.02297623,0.04649265,0.11417493,0.22795267,0.3469081,0.16808175,0.050664816,0.012822588,0.0065747695,0.0033515117
mena_0413.jpg,mena,4.190630912780762,1.453004240989685,0.0499636,0.058986608,0.1710171,0.3188786,0.23697044,0.1241451,0.026226321,0.007204972,0.0028912397,0.0037160525
mena_0421.jpg,mena,5.765713691711426,1.779183268547058,0.015085973,0.018366763,0.05531708,0.11278508,0.2564088,0.2509588,0.11060362,0.11773694,0.034483694,0.0282532
mena_0422.jpg,mena,6.287947654724121,1.4921926259994507,0.0027477033,0.0027855276,0.011309427,0.05795075,0.23463498,0.30482864,0.19796875,0.09406336,0.06364645,0.030064454
mena_0423.jpg,mena,6.165640354156494,1.535584807395935,0.004136292,0.005028452,0.015871275,0.07904323,0.22254986,0.32066134,0.19222505,0.07819868,0.043080106,0.039205734
mena_0424.jpg,mena,6.6765594482421875,1.4086487293243408,0.0006709664,0.0021013191,0.0042551574,0.021874875,0.14376086,0.3441915,0.23609753,0.14153206,0.05262906,0.05288667
mena_0427.jpg,mena,5.359444618225098,1.4582762718200684,0.007265092,0.013709522,0.04945434,0.16406594,0.3755507,0.20739877,0.10675975,0.045271188,0.016748121,0.013776626
mena_0435.jpg,mena,5.905130386352539,1.521133303642273,0.0047360314,0.01086208,0.024412425,0.08535348,0.28706017,0.30083644,0.16420212,0.057640363,0.035807192,0.029089728
mena_0436.jpg,mena,6.789405822753906,1.5175617933273315,0.0006882409,0.0015585665,0.0045541185,0.021306256,0.17105901,0.27657372,0.23749194,0.13400377,0.090141766,0.06262258
mena_0440.jpg,mena,5.814752578735352,1.5837736129760742,0.0080250325,0.01292139,0.036177058,0.12800853,0.23636524,0.2580798,0.2029652,0.06811774,0.02908328,0.020256674
mena_0444.jpg,mena,5.743234634399414,1.4913040399551392,0.0079177655,0.015169025,0.030049598,0.0898211,0.30356428,0.302972,0.14852446,0.056456164,0.026684286,0.018841323
mena_0446.jpg,mena,5.658991813659668,1.3339042663574219,0.0040411893,0.00855311,0.017349616,0.08573204,0.3987505,0.29517096,0.09714712,0.056059968,0.02237546,0.014819998
mena_0449.jpg,mena,6.756770133972168,1.4522558450698853,0.00032471798,0.0011190795,0.005744533,0.023833692,0.14757587,0.3016255,0.24859543,0.13972203,0.07853018,0.052929025
mena_0450.jpg,mena,4.796017646789551,1.4872267246246338,0.02999468,0.033428825,0.07167298,0.27341232,0.31469566,0.17652826,0.06513166,0.020995973,0.0074371584,0.006702529
mena_0451.jpg,mena,5.135696887969971,1.5976024866104126,0.021406744,0.04600926,0.04955393,0.17818934,0.32360587,0.22547248,0.09244341,0.036139544,0.018026285,0.009153137
mena_0456.jpg,mena,5.539763450622559,1.5072665214538574,0.005976546,0.016277697,0.04621262,0.13803278,0.31288967,0.25939465,0.13736045,0.043433942,0.02356567,0.016856024
mena_0457.jpg,mena,4.6638383865356445,1.4842426776885986,0.021047935,0.052919343,0.100767106,0.26213685,0.340558,0.13454174,0.04903808,0.023144163,0.010824964,0.0050218008
mena_0458.jpg,mena,5.259024143218994,1.4959145784378052,0.0087427525,0.017890852,0.061732765,0.20782204,0.3119778,0.21068285,0.10972863,0.04435602,0.0195846,0.0074817245
mena_0459.jpg,mena,5.119483470916748,1.4905306100845337,0.008961359,0.023905847,0.054361504,0.25858557,0.3113051,0.19405027,0.084774286,0.036283366,0.016957995,0.010814742
mena_0460.jpg,mena,5.768050670623779,1.6069246530532837,0.0063266754,0.01555959,0.048020612,0.112581916,0.25050673,0.28833148,0.15418208,0.07163134,0.027228046,0.025631517
mena_0462.jpg,mena,6.178926944732666,1.3949579000473022,0.0015352537,0.003456371,0.0137658715,0.06037474,0.22874369,0.3380612,0.2046444,0.08622982,0.038639758,0.024548935
mena_0463.jpg,mena,5.377460479736328,1.625335693359375,0.013054441,0.015864352,0.0825469,0.14290711,0.3176731,0.21833332,0.12772635,0.032357413,0.033270635,0.016266359
mena_0464.jpg,mena,4.790678024291992,1.4085240364074707,0.019600933,0.033350453,0.07015616,0.28993854,0.3285434,0.17178291,0.0526987,0.019800538,0.007840616,0.006287819
mena_0465.jpg,mena,6.091360092163086,1.5699820518493652,0.0052575306,0.0042245444,0.016097758,0.08526757,0.27958164,0.25655854,0.1944185,0.07379294,0.04825302,0.036547996
mena_0467.jpg,mena,6.038504123687744,1.4097449779510498,0.0025917597,0.0051392517,0.011471733,0.08907213,0.25673395,0.3048791,0.18455769,0.0951879,0.035086133,0.015280358
mena_0468.jpg,mena,4.318547248840332,1.6609344482421875,0.06902579,0.056779068,0.1438621,0.28415483,0.23834948,0.13124402,0.04217402,0.022429233,0.005920527,0.0060609286
mena_0469.jpg,mena,6.117478370666504,1.378698706626892,0.002197415,0.0052405284,0.012813064,0.06671085,0.23697291,0.32772163,0.2103568,0.083429374,0.037184615,0.017372852
mena_0470.jpg,mena,5.181119918823242,1.3839155435562134,0.007537936,0.021939918,0.057860464,0.19027379,0.3472436,0.24052861,0.08609878,0.03020876,0.011806838,0.0065012807
mena_0471.jpg,mena,4.282770156860352,1.5094068050384521,0.044211138,0.06724956,0.13518614,0.33952618,0.24502964,0.10746449,0.035996094,0.014437604,0.0060038134,0.0048953868
mena_0472.jpg,mena,5.0428056716918945,1.5771433115005493,0.016202899,0.02823635,0.07684811,0.23601636,0.31759474,0.17955178,0.07882431,0.034276426,0.020236345,0.012212687
mena_0475.jpg,mena,4.632473945617676,1.6725428104400635,0.029272718,0.072876446,0.11331501,0.2526309,0.2785467,0.14380424,0.061970353,0.022463359,0.013281509,0.011838803
mena_0476.jpg,mena,5.260959625244141,1.3400202989578247,0.009691192,0.01162719,0.044538945,0.1891713,0.33460993,0.2806713,0.08568354,0.023050155,0.013115959,0.007840506
mena_0477.jpg,mena,5.255430221557617,1.4746087789535522,0.009213829,0.031769242,0.05151624,0.16492178,0.34272096,0.23739587,0.1014071,0.03770849,0.014520182,0.008826309
mena_0478.jpg,mena,5.920358657836914,1.6799815893173218,0.004613743,0.014223479,0.030262183,0.11134498,0.27343687,0.264507,0.14130412,0.077731326,0.039837204,0.042739082
mena_0479.jpg,mena,5.561306476593018,1.5162270069122314,0.0067219925,0.018589493,0.036161743,0.12073139,0.34866622,0.2616495,0.11531526,0.045757394,0.024570024,0.021837031
mena_0480.jpg,mena,5.998266220092773,1.5015441179275513,0.0013578932,0.0038008755,0.01783441,0.088905595,0.29959118,0.2915102,0.15603417,0.056899466,0.054933853,0.02913244
mena_0481.jpg,mena,4.7002153396606445,1.5796797275543213,0.023624616,0.054634646,0.1267815,0.2212085,0.30592024,0.17396797,0.052081853,0.021605194,0.010434844,0.009740601
mena_0482.jpg,mena,5.24141788482666,1.6751044988632202,0.02421746,0.025029324,0.07925347,0.17327464,0.27527443,0.22599274,0.11932263,0.042984296,0.021687865,0.012963068
mena_0483.jpg,mena,5.652413368225098,1.5626531839370728,0.007293566,0.014106851,0.03985448,0.1495305,0.2734219,0.24846771,0.15427712,0.07259124,0.023931839,0.016524823
mena_0484.jpg,mena,6.225682258605957,1.4821696281433105,0.0012070907,0.001875064,0.009540977,0.052492697,0.27396977,0.31905437,0.17279056,0.07788281,0.046505954,0.04468068
mena_0487.jpg,mena,5.528404712677002,1.4884952306747437,0.0107004205,0.012184515,0.041320436,0.1272759,0.33467305,0.2694431,0.11828714,0.048096657,0.0227248,0.015294001
mena_0489.jpg,mena,5.435939788818359,1.6410492658615112,0.013293475,0.025796458,0.04827067,0.17391425,0.28339556,0.23494317,0.11871509,0.056793492,0.030184895,0.014692997
mena_0490.jpg,mena,5.753543376922607,1.6315667629241943,0.0062868334,0.026611105,0.039617773,0.11850807,0.23067196,0.30499443,0.14266908,0.07825259,0.030764092,0.021624114
mena_0492.jpg,mena,4.842129707336426,1.5389119386672974,0.031690862,0.042271547,0.07878108,0.21730922,0.32304955,0.20295046,0.06692596,0.019509284,0.012310735,0.0052012526
mena_0495.jpg,mena,6.348204135894775,1.5911833047866821,0.005404887,0.0034692697,0.016078008,0.05098054,0.21886943,0.31046918,0.1850279,0.10719056,0.051280137,0.051230084
mena_0496.jpeg,mena,5.988192558288574,1.672606110572815,0.0036637767,0.007632238,0.048402388,0.09257199,0.24365665,0.27609915,0.17722155,0.06475201,0.039678864,0.04632139
mena_0499.jpg,mena,6.0487284660339355,1.417754888534546,0.0014426868,0.0034071708,0.014798944,0.078384355,0.26855874,0.30610526,0.20671704,0.059399195,0.03096673,0.030219862
mena_0500.jpg,mena,6.1233038902282715,1.43728506565094,0.0029969336,0.0053321873,0.012791253,0.06637005,0.25072265,0.31942898,0.19564477,0.07684038,0.047363102,0.022509716
