filename,region,source_category,wikimedia_title,wikimedia_url,license,artist,width,height,status,reject_reason
east_asia_0001.jpg,east_asia,Streets in China,File:- panoramio - Gavr (3).jpg,https://commons.wikimedia.org/wiki/File:-_panoramio_-_Gavr_(3).jpg,cc by 3.0,Gavr,1916,1080,kept,
east_asia_0002.jpg,east_asia,Streets in China,File:205国道在莱芜市钢城区颜庄镇段的标志牌.jpg,https://commons.wikimedia.org/wiki/File:205%E5%9B%BD%E9%81%93%E5%9C%A8%E8%8E%B1%E8%8A%9C%E5%B8%82%E9%92%A2%E5%9F%8E%E5%8C%BA%E9%A2%9C%E5%BA%84%E9%95%87%E6%AE%B5%E7%9A%84%E6%A0%87%E5%BF%97%E7%89%8C.jpg,cc by-sa 4.0,Charlie Qi,4160,3120,kept,
east_asia_0003.jpg,east_asia,Streets in China,File:5673-Linxia-City-Xin-Xi-Lu.jpg,https://commons.wikimedia.org/wiki/File:5673-Linxia-City-Xin-Xi-Lu.jpg,cc by-sa 3.0,User:Vmenkov,2048,1536,kept,
east_asia_0004.jpg,east_asia,Streets in China,File:5677-Linxia-City-Laohua-Mosque.jpg,https://commons.wikimedia.org/wiki/File:5677-Linxia-City-Laohua-Mosque.jpg,cc by-sa 3.0,User:Vmenkov,2048,1536,kept,
east_asia_0005.jpg,east_asia,Streets in China,File:5678-Linxia-City-Xin-Xi-Lu.jpg,https://commons.wikimedia.org/wiki/File:5678-Linxia-City-Xin-Xi-Lu.jpg,cc by-sa 3.0,User:Vmenkov,2048,1536,rejected,other
east_asia_0006.jpg,east_asia,Streets in China,File:5680-Linxia-City-Xinhua-and-Laohua-Mosques.jpg,https://commons.wikimedia.org/wiki/File:5680-Linxia-City-Xinhua-and-Laohua-Mosques.jpg,cc by-sa 3.0,User:Vmenkov,2048,1536,kept,
east_asia_0007.jpg,east_asia,Streets in China,File:Binyang.jpg,https://commons.wikimedia.org/wiki/File:Binyang.jpg,cc by-sa 4.0,Hhhlx,3024,3024,kept,
east_asia_0008.jpg,east_asia,Streets in China,File:Binyang2.jpg,https://commons.wikimedia.org/wiki/File:Binyang2.jpg,cc by 4.0,Hhhlx,3024,1701,kept,
east_asia_0009.jpg,east_asia,Streets in China,File:Busy Avenue (6240602852).jpg,https://commons.wikimedia.org/wiki/File:Busy_Avenue_(6240602852).jpg,cc by 2.0,Francisco Anzola,3617,2626,kept,
east_asia_0010.jpg,east_asia,Streets in China,File:Changmen.jpg,https://commons.wikimedia.org/wiki/File:Changmen.jpg,cc by-sa 3.0,Chinatravelsavvy,2048,1536,rejected,other
east_asia_0011.jpg,east_asia,Streets in China,File:Datong Traffic.jpg,https://commons.wikimedia.org/wiki/File:Datong_Traffic.jpg,cc by-sa 4.0,Marcin Białek,2854,1877,rejected,other
east_asia_0012.jpg,east_asia,Streets in China,"File:During The Famine Young Child Dying In The Gutter, China (1946) Geroge Silk (RESTORED) (4078245435).jpg","https://commons.wikimedia.org/wiki/File:During_The_Famine_Young_Child_Dying_In_The_Gutter,_China_(1946)_Geroge_Silk_(RESTORED)_(4078245435).jpg",cc by 2.0,George Silk,996,1280,rejected,off-topic
east_asia_0013.jpg,east_asia,Streets in China,File:HN SanYa YaLong Bay car park and Holiday Inn.jpg,https://commons.wikimedia.org/wiki/File:HN_SanYa_YaLong_Bay_car_park_and_Holiday_Inn.jpg,public domain,No machine-readable author provided. HNPIX~commonswiki assumed (based on copyright claims).,1280,960,kept,
east_asia_0014.jpg,east_asia,Streets in China,File:Hukaiwen.jpg,https://commons.wikimedia.org/wiki/File:Hukaiwen.jpg,cc by 2.5,Gisling,2500,1651,kept,
east_asia_0015.jpg,east_asia,Streets in China,File:In the downtown of Yinzhou District 02.jpg,https://commons.wikimedia.org/wiki/File:In_the_downtown_of_Yinzhou_District_02.jpg,cc by-sa 4.0,Kychn,3840,2160,rejected,other
east_asia_0016.jpg,east_asia,Streets in China,File:John Thomson Magic Lantern Peep Show 1877.jpg,https://commons.wikimedia.org/wiki/File:John_Thomson_Magic_Lantern_Peep_Show_1877.jpg,public domain,John Thomson,3200,2647,rejected,not-a-photo
east_asia_0017.jpg,east_asia,Streets in China,File:Lake - panoramio - 陈宏宇.jpg,https://commons.wikimedia.org/wiki/File:Lake_-_panoramio_-_%E9%99%88%E5%AE%8F%E5%AE%87.jpg,cc by 3.0,陈宏宇,1280,960,rejected,other
east_asia_0018.jpg,east_asia,Streets in China,File:Lei Feng Road 1.jpg,https://commons.wikimedia.org/wiki/File:Lei_Feng_Road_1.jpg,cc0,H2v5o68z,4000,3000,rejected,other
east_asia_0019.jpg,east_asia,Streets in China,File:Leshan snack Lan.jpg,https://commons.wikimedia.org/wiki/File:Leshan_snack_Lan.jpg,cc by-sa 4.0,Linziyu1823,3024,3024,kept,
east_asia_0020.jpg,east_asia,Streets in China,File:Liuzhou.jpg,https://commons.wikimedia.org/wiki/File:Liuzhou.jpg,cc by-sa 4.0,Hhhlx,1918,1705,kept,
east_asia_0021.jpg,east_asia,Streets in China,File:Luodai-03.jpg,https://commons.wikimedia.org/wiki/File:Luodai-03.jpg,public domain,"This image was produced by me, David Castor (user:dcastor). The pictures I submit to the Wikipedia Project are released to the public domain. This gives you the right to use them in any way you like, ",3731,2487,kept,
east_asia_0022.jpg,east_asia,Streets in China,File:Luodai-04.jpg,https://commons.wikimedia.org/wiki/File:Luodai-04.jpg,public domain,"This image was produced by me, David Castor (user:dcastor). The pictures I submit to the Wikipedia Project are released to the public domain. This gives you the right to use them in any way you like, ",3606,2403,kept,
east_asia_0023.jpg,east_asia,Streets in China,File:Main Street Of Pailou.jpg,https://commons.wikimedia.org/wiki/File:Main_Street_Of_Pailou.jpg,public domain,Tommy Gao at English Wikipedia,1600,1200,rejected,other
east_asia_0024.jpg,east_asia,Streets in China,File:Main Street Qishi North.JPG,https://commons.wikimedia.org/wiki/File:Main_Street_Qishi_North.JPG,cc by-sa 3.0,Deutsch Fetisch,2048,1536,rejected,other
east_asia_0025.jpg,east_asia,Streets in China,File:Main Street Qishi South.JPG,https://commons.wikimedia.org/wiki/File:Main_Street_Qishi_South.JPG,cc by-sa 3.0,Deutsch Fetisch,2048,1536,rejected,other
east_asia_0026.jpg,east_asia,Streets in China,File:Old construction in Chinese countryside.jpg,https://commons.wikimedia.org/wiki/File:Old_construction_in_Chinese_countryside.jpg,public domain,enky,1818,1228,kept,
east_asia_0027.jpg,east_asia,Streets in China,File:Original Element Creative Industry Design Center.jpg,https://commons.wikimedia.org/wiki/File:Original_Element_Creative_Industry_Design_Center.jpg,cc by-sa 4.0,WKDx417,3264,1836,kept,
east_asia_0028.jpg,east_asia,Streets in China,File:Pingyao marketstreet.jpg,https://commons.wikimedia.org/wiki/File:Pingyao_marketstreet.jpg,cc by-sa 3.0,severin.stalder,4201,2790,kept,
east_asia_0029.jpg,east_asia,Streets in China,File:Poles Next to the Street in Shenzhen on 13 November 2025 by Vincent Yang.jpg,https://commons.wikimedia.org/wiki/File:Poles_Next_to_the_Street_in_Shenzhen_on_13_November_2025_by_Vincent_Yang.jpg,cc by 4.0,Vincent4486,6048,4032,kept,
east_asia_0030.jpg,east_asia,Streets in China,File:Qionghai 03.jpg,https://commons.wikimedia.org/wiki/File:Qionghai_03.jpg,public domain,Anna Frodesiak,1229,922,kept,
east_asia_0031.jpg,east_asia,Streets in China,File:S3-dongbinroad-rk1.jpg,https://commons.wikimedia.org/wiki/File:S3-dongbinroad-rk1.jpg,cc by-sa 4.0,A2560862780,4096,2304,rejected,other
east_asia_0032.jpg,east_asia,Streets in China,File:S3-dongbinroad-rk2.jpg,https://commons.wikimedia.org/wiki/File:S3-dongbinroad-rk2.jpg,cc by-sa 4.0,A2560862780,4096,2304,rejected,other
east_asia_0033.jpg,east_asia,Streets in China,File:S3-dongbinroad-sd2.jpg,https://commons.wikimedia.org/wiki/File:S3-dongbinroad-sd2.jpg,cc by-sa 4.0,A2560862780,4096,2304,rejected,other
east_asia_0034.jpg,east_asia,Streets in China,File:Shangri-La cross street of Dawa Road.JPG,https://commons.wikimedia.org/wiki/File:Shangri-La_cross_street_of_Dawa_Road.JPG,cc by-sa 3.0,BrokenSphere,2048,1536,rejected,other
east_asia_0035.jpg,east_asia,Streets in China,File:Shuanglongzhen1.jpg,https://commons.wikimedia.org/wiki/File:Shuanglongzhen1.jpg,cc by-sa 4.0,Shichen,5312,3984,rejected,blurry
east_asia_0036.jpeg,east_asia,Streets in China,File:Street Moment (243598655).jpeg,https://commons.wikimedia.org/wiki/File:Street_Moment_(243598655).jpeg,cc by-sa 3.0,Vision Ease,800,1200,kept,
east_asia_0037.png,east_asia,Streets in China,"File:Street of Congyang between Hui-Style Houses with Decorated Roofs and Carved, Upturned Eaves. Hubei Province, China, 1874 WDL2102.png","https://commons.wikimedia.org/wiki/File:Street_of_Congyang_between_Hui-Style_Houses_with_Decorated_Roofs_and_Carved,_Upturned_Eaves._Hubei_Province,_China,_1874_WDL2102.png",public domain,Adolf Nikolay Boyarsky,1024,1324,rejected,not-a-photo
east_asia_0038.jpg,east_asia,Streets in China,"File:Street scene in Ciqikou, Chongqing.JPG","https://commons.wikimedia.org/wiki/File:Street_scene_in_Ciqikou,_Chongqing.JPG",cc by-sa 4.0,Jpbowen,4000,3000,kept,
east_asia_0039.png,east_asia,Streets in China,"File:The City Gate Tower in Hanzhong Fu, Shaanxi Province, China, 1875 WDL2095.png","https://commons.wikimedia.org/wiki/File:The_City_Gate_Tower_in_Hanzhong_Fu,_Shaanxi_Province,_China,_1875_WDL2095.png",public domain,Adolf Nikolay Boyarsky,1420,1024,rejected,not-a-photo
east_asia_0040.jpg,east_asia,Streets in China,File:Untitled - panoramio - 京城帅哥 (5).jpg,https://commons.wikimedia.org/wiki/File:Untitled_-_panoramio_-_%E4%BA%AC%E5%9F%8E%E5%B8%85%E5%93%A5_(5).jpg,cc by-sa 3.0,京城帅哥,800,600,rejected,other
east_asia_0041.jpg,east_asia,Streets in China,File:Xinyang city view.jpg,https://commons.wikimedia.org/wiki/File:Xinyang_city_view.jpg,cc by 2.0,"Jakob Montrasio-Fan from Shanghai, China",3072,2304,kept,
east_asia_0042.jpg,east_asia,Streets in China,"File:Xitang, China - Housing.jpg","https://commons.wikimedia.org/wiki/File:Xitang,_China_-_Housing.jpg",cc by-sa 3.0,Louisa Salazar,2336,3504,kept,
east_asia_0043.jpg,east_asia,Streets in China,File:俯视永昌路1 - panoramio.jpg,https://commons.wikimedia.org/wiki/File:%E4%BF%AF%E8%A7%86%E6%B0%B8%E6%98%8C%E8%B7%AF1_-_panoramio.jpg,cc by-sa 3.0,爱西固-飓风,2592,1944,kept,
east_asia_0044.jpg,east_asia,Streets in China,File:六郎乡两岔河 - panoramio.jpg,https://commons.wikimedia.org/wiki/File:%E5%85%AD%E9%83%8E%E4%B9%A1%E4%B8%A4%E5%B2%94%E6%B2%B3_-_panoramio.jpg,cc by-sa 3.0,陈小猫,3264,2448,kept,
east_asia_0045.jpg,east_asia,Streets in China,File:华强街-石家庄.jpg,https://commons.wikimedia.org/wiki/File:%E5%8D%8E%E5%BC%BA%E8%A1%97-%E7%9F%B3%E5%AE%B6%E5%BA%84.jpg,cc by-sa 4.0,云在动,2992,4000,rejected,other
east_asia_0046.jpg,east_asia,Streets in China,"File:南沙湿地公园Scenery in GhuangZhou, China - panoramio (1).jpg","https://commons.wikimedia.org/wiki/File:%E5%8D%97%E6%B2%99%E6%B9%BF%E5%9C%B0%E5%85%AC%E5%9B%ADScenery_in_GhuangZhou,_China_-_panoramio_(1).jpg",cc by-sa 3.0,jiang-wen-jie,1000,669,kept,
east_asia_0047.jpg,east_asia,Streets in China,File:宜宾市中山街.jpg,https://commons.wikimedia.org/wiki/File:%E5%AE%9C%E5%AE%BE%E5%B8%82%E4%B8%AD%E5%B1%B1%E8%A1%97.jpg,cc by 4.0,Lzylove,3648,2736,rejected,duplicate
east_asia_0048.jpg,east_asia,Streets in China,File:容县老街区.jpg,https://commons.wikimedia.org/wiki/File:%E5%AE%B9%E5%8E%BF%E8%80%81%E8%A1%97%E5%8C%BA.jpg,cc by-sa 4.0,Chenjianliu ronggao,4032,3024,kept,
east_asia_0049.jpg,east_asia,Streets in China,File:市政府门前 - panoramio.jpg,https://commons.wikimedia.org/wiki/File:%E5%B8%82%E6%94%BF%E5%BA%9C%E9%97%A8%E5%89%8D_-_panoramio.jpg,cc by-sa 3.0,wanghongliu,2048,1536,kept,
east_asia_0050.jpg,east_asia,Streets in China,File:彭集商业街.jpg,https://commons.wikimedia.org/wiki/File:%E5%BD%AD%E9%9B%86%E5%95%86%E4%B8%9A%E8%A1%97.jpg,cc by-sa 4.0,Ngguls,4272,2960,rejected,other
east_asia_0051.jpg,east_asia,Streets in China,File:永乐 - panoramio (1).jpg,https://commons.wikimedia.org/wiki/File:%E6%B0%B8%E4%B9%90_-_panoramio_(1).jpg,cc by 3.0,汗血,1600,1200,rejected,other
east_asia_0052.jpg,east_asia,Streets in China,File:石家庄街景3.jpg,https://commons.wikimedia.org/wiki/File:%E7%9F%B3%E5%AE%B6%E5%BA%84%E8%A1%97%E6%99%AF3.jpg,cc by-sa 4.0,云在动,2048,1024,kept,
east_asia_0053.jpg,east_asia,Streets in China,File:石家庄街道.jpg,https://commons.wikimedia.org/wiki/File:%E7%9F%B3%E5%AE%B6%E5%BA%84%E8%A1%97%E9%81%93.jpg,cc by-sa 4.0,云在动,2992,4000,rejected,other
east_asia_0054.jpg,east_asia,Streets in China,File:资兴新区兴华路×阳安路路口.jpg,https://commons.wikimedia.org/wiki/File:%E8%B5%84%E5%85%B4%E6%96%B0%E5%8C%BA%E5%85%B4%E5%8D%8E%E8%B7%AF%C3%97%E9%98%B3%E5%AE%89%E8%B7%AF%E8%B7%AF%E5%8F%A3.jpg,cc by-sa 4.0,Ninedyz,4160,3120,rejected,other
east_asia_0055.jpg,east_asia,Streets in China,File:越西 车站附近迎宾路 01.jpg,https://commons.wikimedia.org/wiki/File:%E8%B6%8A%E8%A5%BF_%E8%BD%A6%E7%AB%99%E9%99%84%E8%BF%91%E8%BF%8E%E5%AE%BE%E8%B7%AF_01.jpg,cc by-sa 4.0,Liuxingy,6000,4000,rejected,other
east_asia_0056.jpg,east_asia,Streets in China,File:越西 车站附近迎宾路 02.jpg,https://commons.wikimedia.org/wiki/File:%E8%B6%8A%E8%A5%BF_%E8%BD%A6%E7%AB%99%E9%99%84%E8%BF%91%E8%BF%8E%E5%AE%BE%E8%B7%AF_02.jpg,cc by-sa 4.0,Liuxingy,6000,4000,rejected,other
east_asia_0057.jpg,east_asia,Streets in China,File:镇江丹徒区爱民路.jpg,https://commons.wikimedia.org/wiki/File:%E9%95%87%E6%B1%9F%E4%B8%B9%E5%BE%92%E5%8C%BA%E7%88%B1%E6%B0%91%E8%B7%AF.jpg,cc0,Cjsy2026,4096,3072,kept,
east_asia_0058.jpg,east_asia,Streets in Beihai,File:Beihai Old Town View 1.jpg,https://commons.wikimedia.org/wiki/File:Beihai_Old_Town_View_1.jpg,cc by-sa 4.0,Sevgonlernassau,3024,4032,kept,
east_asia_0059.jpg,east_asia,Streets in Beihai,File:Beihai Old Town View 2.jpg,https://commons.wikimedia.org/wiki/File:Beihai_Old_Town_View_2.jpg,cc by-sa 4.0,Sevgonlernassau,3024,4032,kept,
east_asia_0060.jpg,east_asia,Streets in Beihai,File:Beihai Old Town View 3.jpg,https://commons.wikimedia.org/wiki/File:Beihai_Old_Town_View_3.jpg,cc by-sa 4.0,Sevgonlernassau,4032,3024,rejected,other
east_asia_0061.jpg,east_asia,Streets in Beihai,File:Old Town Beihai at Night.jpg,https://commons.wikimedia.org/wiki/File:Old_Town_Beihai_at_Night.jpg,cc by-sa 4.0,Sevgonlernassau,3024,4032,kept,
east_asia_0062.jpg,east_asia,Streets in Beihai,File:俺住的酒店 - panoramio.jpg,https://commons.wikimedia.org/wiki/File:%E4%BF%BA%E4%BD%8F%E7%9A%84%E9%85%92%E5%BA%97_-_panoramio.jpg,cc by 3.0,史氏,2560,1920,kept,
east_asia_0063.jpg,east_asia,Streets in Beihai,File:北海外沙滩区 - panoramio.jpg,https://commons.wikimedia.org/wiki/File:%E5%8C%97%E6%B5%B7%E5%A4%96%E6%B2%99%E6%BB%A9%E5%8C%BA_-_panoramio.jpg,cc by 3.0,史氏,2560,1920,rejected,other
east_asia_0064.jpg,east_asia,Streets in Beihai,File:北海市 百年老街 - panoramio.jpg,https://commons.wikimedia.org/wiki/File:%E5%8C%97%E6%B5%B7%E5%B8%82_%E7%99%BE%E5%B9%B4%E8%80%81%E8%A1%97_-_panoramio.jpg,cc by-sa 3.0,Nyx Ning,4352,2448,kept,
east_asia_0065.jpg,east_asia,Streets in Beihai,File:北海市的大街 - panoramio.jpg,https://commons.wikimedia.org/wiki/File:%E5%8C%97%E6%B5%B7%E5%B8%82%E7%9A%84%E5%A4%A7%E8%A1%97_-_panoramio.jpg,cc by 3.0,史氏,2560,1920,rejected,other
east_asia_0066.jpg,east_asia,Streets in Beihai,File:北海带刺的树 - panoramio.jpg,https://commons.wikimedia.org/wiki/File:%E5%8C%97%E6%B5%B7%E5%B8%A6%E5%88%BA%E7%9A%84%E6%A0%91_-_panoramio.jpg,cc by 3.0,史氏,2736,3648,kept,
east_asia_0067.jpg,east_asia,Streets in Beihai,File:北海海边别墅区 - panoramio.jpg,https://commons.wikimedia.org/wiki/File:%E5%8C%97%E6%B5%B7%E6%B5%B7%E8%BE%B9%E5%88%AB%E5%A2%85%E5%8C%BA_-_panoramio.jpg,cc by 3.0,史氏,2560,1920,kept,
east_asia_0068.jpg,east_asia,Streets in Beihai,File:北海海边的木板路 - panoramio.jpg,https://commons.wikimedia.org/wiki/File:%E5%8C%97%E6%B5%B7%E6%B5%B7%E8%BE%B9%E7%9A%84%E6%9C%A8%E6%9D%BF%E8%B7%AF_-_panoramio.jpg,cc by 3.0,史氏,2560,1920,kept,
east_asia_0069.jpg,east_asia,Streets in Beihai,File:北海的天真蓝 - panoramio.jpg,https://commons.wikimedia.org/wiki/File:%E5%8C%97%E6%B5%B7%E7%9A%84%E5%A4%A9%E7%9C%9F%E8%93%9D_-_panoramio.jpg,cc by 3.0,史氏,2560,1920,rejected,other
east_asia_0070.jpg,east_asia,Streets in Beihai,File:北海的街景 - panoramio (1).jpg,https://commons.wikimedia.org/wiki/File:%E5%8C%97%E6%B5%B7%E7%9A%84%E8%A1%97%E6%99%AF_-_panoramio_(1).jpg,cc by 3.0,史氏,2560,1920,rejected,other
east_asia_0071.jpg,east_asia,Streets in Beihai,File:北海的街景 - panoramio.jpg,https://commons.wikimedia.org/wiki/File:%E5%8C%97%E6%B5%B7%E7%9A%84%E8%A1%97%E6%99%AF_-_panoramio.jpg,cc by 3.0,史氏,2560,1920,rejected,other
east_asia_0072.jpg,east_asia,Streets in Beihai,File:北海的街道 - panoramio.jpg,https://commons.wikimedia.org/wiki/File:%E5%8C%97%E6%B5%B7%E7%9A%84%E8%A1%97%E9%81%93_-_panoramio.jpg,cc by 3.0,史氏,2560,1920,rejected,other
east_asia_0073.jpg,east_asia,Streets in Beihai,File:北海街市绿化 - panoramio.jpg,https://commons.wikimedia.org/wiki/File:%E5%8C%97%E6%B5%B7%E8%A1%97%E5%B8%82%E7%BB%BF%E5%8C%96_-_panoramio.jpg,cc by 3.0,史氏,2560,1920,rejected,other
east_asia_0074.jpg,east_asia,Streets in Beihai,File:度假区 - panoramio.jpg,https://commons.wikimedia.org/wiki/File:%E5%BA%A6%E5%81%87%E5%8C%BA_-_panoramio.jpg,cc by 3.0,史氏,2560,1920,kept,
east_asia_0075.jpg,east_asia,Streets in Beihai,File:清静的北海银滩早晨 - panoramio.jpg,https://commons.wikimedia.org/wiki/File:%E6%B8%85%E9%9D%99%E7%9A%84%E5%8C%97%E6%B5%B7%E9%93%B6%E6%BB%A9%E6%97%A9%E6%99%A8_-_panoramio.jpg,cc by 3.0,史氏,2560,1920,rejected,other
east_asia_0076.jpg,east_asia,Streets in Beihai,File:离开北海时在行驶车内拍的街景 - panoramio.jpg,https://commons.wikimedia.org/wiki/File:%E7%A6%BB%E5%BC%80%E5%8C%97%E6%B5%B7%E6%97%B6%E5%9C%A8%E8%A1%8C%E9%A9%B6%E8%BD%A6%E5%86%85%E6%8B%8D%E7%9A%84%E8%A1%97%E6%99%AF_-_panoramio.jpg,cc by 3.0,史氏,2560,1920,rejected,other
east_asia_0077.jpg,east_asia,Streets in Beihai,File:银滩度假区 - panoramio.jpg,https://commons.wikimedia.org/wiki/File:%E9%93%B6%E6%BB%A9%E5%BA%A6%E5%81%87%E5%8C%BA_-_panoramio.jpg,cc by 3.0,史氏,2560,1920,rejected,other
east_asia_0078.jpg,east_asia,Streets in Beijing,File:2005-07-08 street news.JPG,https://commons.wikimedia.org/wiki/File:2005-07-08_street_news.JPG,cc by-sa 3.0,,3072,2048,kept,
east_asia_0079.jpg,east_asia,Streets in Beijing,File:A man is riding a very loaded tricycle.jpg,https://commons.wikimedia.org/wiki/File:A_man_is_riding_a_very_loaded_tricycle.jpg,cc by-sa 3.0,Stougard,2651,2648,kept,
east_asia_0080.jpg,east_asia,Streets in Beijing,File:A street in Beijing.jpg,https://commons.wikimedia.org/wiki/File:A_street_in_Beijing.jpg,cc by 3.0,ck87,2592,1944,rejected,other
east_asia_0081.jpg,east_asia,Streets in Beijing,File:Beijing (November 2016) - 321.jpg,https://commons.wikimedia.org/wiki/File:Beijing_(November_2016)_-_321.jpg,cc by-sa 4.0,Another Believer,4000,3000,rejected,other
east_asia_0082.jpg,east_asia,Streets in Beijing,File:Beijing - panoramio.jpg,https://commons.wikimedia.org/wiki/File:Beijing_-_panoramio.jpg,cc by 3.0,The Erica Chang,1422,1422,rejected,blurry
east_asia_0083.jpg,east_asia,Streets in Beijing,File:Beijing 03 (4941599696).jpg,https://commons.wikimedia.org/wiki/File:Beijing_03_(4941599696).jpg,cc by 2.0,"Ronnie Macdonald from Chelmsford, United Kingdom",5184,3456,kept,
east_asia_0084.jpg,east_asia,Streets in Beijing,File:Beijing 04 (4941588906).jpg,https://commons.wikimedia.org/wiki/File:Beijing_04_(4941588906).jpg,cc by 2.0,"Ronnie Macdonald from Chelmsford, United Kingdom",5306,3637,kept,
east_asia_0085.jpg,east_asia,Streets in Beijing,File:Beijing 05 (4941025615).jpg,https://commons.wikimedia.org/wiki/File:Beijing_05_(4941025615).jpg,cc by 2.0,"Ronnie Macdonald from Chelmsford, United Kingdom",5184,3456,kept,
east_asia_0086.jpg,east_asia,Streets in Beijing,File:Beijing 29 (4941647982).jpg,https://commons.wikimedia.org/wiki/File:Beijing_29_(4941647982).jpg,cc by 2.0,"Ronnie Macdonald from Chelmsford, United Kingdom",5184,3456,kept,
east_asia_0087.jpg,east_asia,Streets in Beijing,File:Beijing 34 (4941662102).jpg,https://commons.wikimedia.org/wiki/File:Beijing_34_(4941662102).jpg,cc by 2.0,"Ronnie Macdonald from Chelmsford, United Kingdom",5184,3456,kept,
east_asia_0088.jpg,east_asia,Streets in Beijing,File:Beijing photo 02.JPG,https://commons.wikimedia.org/wiki/File:Beijing_photo_02.JPG,cc by-sa 4.0,Olena Zakharian,5184,3456,kept,
east_asia_0089.jpg,east_asia,Streets in Beijing,File:Beijing side street 1.JPG,https://commons.wikimedia.org/wiki/File:Beijing_side_street_1.JPG,cc by 3.0,BrokenSphere,2272,1704,rejected,other
east_asia_0090.jpg,east_asia,Streets in Beijing,File:Beijing side street 2.JPG,https://commons.wikimedia.org/wiki/File:Beijing_side_street_2.JPG,cc by 3.0,BrokenSphere,2272,1704,rejected,other
east_asia_0091.jpg,east_asia,Streets in Beijing,File:Beijing-old-new3.jpg,https://commons.wikimedia.org/wiki/File:Beijing-old-new3.jpg,cc by-sa 3.0,Mathiasv,3072,2304,kept,
east_asia_0092.jpg,east_asia,Streets in Beijing,File:BEIJING.JPG,https://commons.wikimedia.org/wiki/File:BEIJING.JPG,cc by-sa 3.0,螺钉,2032,1524,rejected,other
east_asia_0093.jpg,east_asia,Streets in Beijing,File:BeijingStreet.jpg,https://commons.wikimedia.org/wiki/File:BeijingStreet.jpg,cc by-sa 3.0,Fanghong,1920,2560,kept,
east_asia_0094.jpg,east_asia,Streets in Beijing,File:Bettler peking1.jpg,https://commons.wikimedia.org/wiki/File:Bettler_peking1.jpg,cc by-sa 3.0,Posi66,1532,1024,kept,
east_asia_0095.jpg,east_asia,Streets in Beijing,"File:Black Honda on street in Chaoyang District, Beijing.jpg","https://commons.wikimedia.org/wiki/File:Black_Honda_on_street_in_Chaoyang_District,_Beijing.jpg",cc by-sa 3.0,Daniel Case,4146,3054,rejected,other
east_asia_0096.jpg,east_asia,Streets in Beijing,File:China - Beijing 3 - Tricycles (130846609).jpg,https://commons.wikimedia.org/wiki/File:China_-_Beijing_3_-_Tricycles_(130846609).jpg,cc by 2.0,"McKay Savage from London, UK",2576,1932,kept,
east_asia_0097.jpg,east_asia,Streets in Beijing,File:China's 60th birthday floral design.JPG,https://commons.wikimedia.org/wiki/File:China%27s_60th_birthday_floral_design.JPG,public domain,Scott Meltzer,3008,2000,kept,
east_asia_0098.jpg,east_asia,Streets in Beijing,File:Chinese girl on bicycle.JPG,https://commons.wikimedia.org/wiki/File:Chinese_girl_on_bicycle.JPG,public domain,Scottmeltzer,3008,2000,kept,
east_asia_0099.jpg,east_asia,Streets in Beijing,File:CN-pek-kaufhaus-drum-tower.jpg,https://commons.wikimedia.org/wiki/File:CN-pek-kaufhaus-drum-tower.jpg,cc by-sa 3.0,Bgabel,1402,931,kept,
east_asia_0100.jpg,east_asia,Streets in Beijing,"File:Construction time again, again.JPG","https://commons.wikimedia.org/wiki/File:Construction_time_again,_again.JPG",public domain,Scott Meltzer,3008,2000,kept,
east_asia_0101.jpg,east_asia,Streets in Beijing,File:Da zi (big words) banner.JPG,https://commons.wikimedia.org/wiki/File:Da_zi_(big_words)_banner.JPG,public domain,Scott Meltzer,3008,2000,rejected,other
east_asia_0102.jpg,east_asia,Streets in Beijing,"File:Felice Beato (British, born Italy - Shops and Street, Chinese City of Pekin, October 1860 - Google Art Project.jpg","https://commons.wikimedia.org/wiki/File:Felice_Beato_(British,_born_Italy_-_Shops_and_Street,_Chinese_City_of_Pekin,_October_1860_-_Google_Art_Project.jpg",public domain,Felice Beato,3988,3496,kept,
east_asia_0103.jpg,east_asia,Streets in Beijing,File:Gamble 484A 2792.jpg,https://commons.wikimedia.org/wiki/File:Gamble_484A_2792.jpg,public domain,"Gamble, Sidney D.",3950,3249,kept,
east_asia_0104.jpg,east_asia,Streets in Beijing,File:Gardener bike.jpg,https://commons.wikimedia.org/wiki/File:Gardener_bike.jpg,cc by 3.0,Burkhard,4000,3000,kept,
east_asia_0105.jpg,east_asia,Streets in Beijing,File:Hutongs (2667022750).jpg,https://commons.wikimedia.org/wiki/File:Hutongs_(2667022750).jpg,cc by-sa 2.0,"Peretz Partensky from San Francisco, USA",2048,1536,rejected,other
east_asia_0106.jpg,east_asia,Streets in Beijing,"File:Lady Street, Beijing China.JPG","https://commons.wikimedia.org/wiki/File:Lady_Street,_Beijing_China.JPG",public domain,Scottmeltzer,3008,2000,kept,
east_asia_0107.jpg,east_asia,Streets in Beijing,File:Liulichang1.jpg,https://commons.wikimedia.org/wiki/File:Liulichang1.jpg,cc by 2.0,Shazari,2560,1920,kept,
east_asia_0108.jpg,east_asia,Streets in Beijing,"File:Chang Ji-Men, outer city wall, Peking (NYPL Hades-2359248-4043604).jpg","https://commons.wikimedia.org/wiki/File:Chang_Ji-Men,_outer_city_wall,_Peking_(NYPL_Hades-2359248-4043604).jpg",public domain,Scan by NYPL,4601,3018,rejected,not-a-photo
east_asia_0109.jpg,east_asia,Streets in Beijing,File:October Bei Hai Beijing China - Master Asia Photography 2014 - panoramio (2).jpg,https://commons.wikimedia.org/wiki/File:October_Bei_Hai_Beijing_China_-_Master_Asia_Photography_2014_-_panoramio_(2).jpg,cc by 3.0,pictures Jettcom,4016,3016,rejected,other
east_asia_0110.jpg,east_asia,Streets in Beijing,File:October Bei Hai Beijing China - Master Asia Photography 2014 - panoramio.jpg,https://commons.wikimedia.org/wiki/File:October_Bei_Hai_Beijing_China_-_Master_Asia_Photography_2014_-_panoramio.jpg,cc by 3.0,pictures Jettcom,4016,3016,kept,
east_asia_0111.jpg,east_asia,Streets in Beijing,"File:Oficejaro Galaxy SOHO (Pekino, 2012) 01.jpg","https://commons.wikimedia.org/wiki/File:Oficejaro_Galaxy_SOHO_(Pekino,_2012)_01.jpg",cc by-sa 4.0,RG72,2048,1536,kept,
east_asia_0112.jpg,east_asia,Streets in Beijing,File:Peking Läden-20131229-RM-103622.jpg,https://commons.wikimedia.org/wiki/File:Peking_L%C3%A4den-20131229-RM-103622.jpg,cc by-sa 4.0,Reinhold Möller Ermell,4608,3456,kept,
east_asia_0113.jpg,east_asia,Streets in Beijing,File:Peking street scene (11553175516).jpg,https://commons.wikimedia.org/wiki/File:Peking_street_scene_(11553175516).jpg,cc by-sa 2.0,Clay Gilliland,1024,904,kept,
east_asia_0114.jpg,east_asia,Streets in Beijing,File:Peking-053.JPG,https://commons.wikimedia.org/wiki/File:Peking-053.JPG,cc by-sa 3.0,Sigismund von Dobschütz,1949,1947,rejected,other
east_asia_0115.jpg,east_asia,Streets in Beijing,File:Pekino (2012) 01.jpg,https://commons.wikimedia.org/wiki/File:Pekino_(2012)_01.jpg,cc by-sa 4.0,RG72,1536,2048,kept,
east_asia_0116.jpg,east_asia,Streets in Beijing,File:Pekino (2012) 02.jpg,https://commons.wikimedia.org/wiki/File:Pekino_(2012)_02.jpg,cc by-sa 4.0,RG72,1536,2048,rejected,duplicate
east_asia_0117.jpg,east_asia,Streets in Beijing,File:Pekino (2012) 05.jpg,https://commons.wikimedia.org/wiki/File:Pekino_(2012)_05.jpg,cc by-sa 4.0,RG72,2048,1536,rejected,other
east_asia_0118.jpg,east_asia,Streets in Beijing,File:Pekino (2012) 06.jpg,https://commons.wikimedia.org/wiki/File:Pekino_(2012)_06.jpg,cc by-sa 4.0,RG72,1536,2048,rejected,other
east_asia_0119.jpg,east_asia,Streets in Beijing,File:Pekino (2012) 07.jpg,https://commons.wikimedia.org/wiki/File:Pekino_(2012)_07.jpg,cc by-sa 4.0,RG72,2048,1536,rejected,other
east_asia_0120.jpg,east_asia,Streets in Beijing,File:Pekino (2012) 08.jpg,https://commons.wikimedia.org/wiki/File:Pekino_(2012)_08.jpg,cc by-sa 4.0,RG72,1536,2048,rejected,other
east_asia_0121.jpg,east_asia,Streets in Beijing,File:Pekino (2012) 09.jpg,https://commons.wikimedia.org/wiki/File:Pekino_(2012)_09.jpg,cc by-sa 4.0,RG72,2048,1536,kept,
east_asia_0122.jpg,east_asia,Streets in Beijing,File:Pekino (2012) 10.jpg,https://commons.wikimedia.org/wiki/File:Pekino_(2012)_10.jpg,cc by-sa 4.0,RG72,2048,1536,rejected,off-topic
east_asia_0123.jpg,east_asia,Streets in Beijing,File:Pekino (2012) 100.jpg,https://commons.wikimedia.org/wiki/File:Pekino_(2012)_100.jpg,cc by-sa 4.0,RG72,1200,1600,rejected,off-topic
east_asia_0124.jpg,east_asia,Streets in Beijing,File:Pekino (2012) 101.jpg,https://commons.wikimedia.org/wiki/File:Pekino_(2012)_101.jpg,cc by-sa 4.0,RG72,1200,1600,rejected,off-topic
east_asia_0125.jpg,east_asia,Streets in Beijing,File:Pekino (2012) 102.jpg,https://commons.wikimedia.org/wiki/File:Pekino_(2012)_102.jpg,cc by-sa 4.0,RG72,1600,1200,rejected,off-topic
east_asia_0126.jpg,east_asia,Streets in Beijing,File:Pekino (2012) 103.jpg,https://commons.wikimedia.org/wiki/File:Pekino_(2012)_103.jpg,cc by-sa 4.0,RG72,1600,1200,kept,
east_asia_0127.jpg,east_asia,Streets in Beijing,File:Pekino (2012) 104.jpg,https://commons.wikimedia.org/wiki/File:Pekino_(2012)_104.jpg,cc by-sa 4.0,RG72,1600,1200,rejected,duplicate
east_asia_0128.jpg,east_asia,Streets in Beijing,File:Pekino (2012) 105.jpg,https://commons.wikimedia.org/wiki/File:Pekino_(2012)_105.jpg,cc by-sa 4.0,RG72,1600,1200,kept,
east_asia_0129.jpg,east_asia,Streets in Beijing,File:Pekino (2012) 106.jpg,https://commons.wikimedia.org/wiki/File:Pekino_(2012)_106.jpg,cc by-sa 4.0,RG72,1600,1200,kept,
east_asia_0130.jpg,east_asia,Streets in Beijing,File:Pekino (2012) 107.jpg,https://commons.wikimedia.org/wiki/File:Pekino_(2012)_107.jpg,cc by-sa 4.0,RG72,1200,1600,kept,
east_asia_0131.jpg,east_asia,Streets in Beijing,File:Pekino (2012) 108.jpg,https://commons.wikimedia.org/wiki/File:Pekino_(2012)_108.jpg,cc by-sa 4.0,RG72,1600,1200,kept,
east_asia_0132.jpg,east_asia,Streets in Beijing,File:Pekino (2012) 109.jpg,https://commons.wikimedia.org/wiki/File:Pekino_(2012)_109.jpg,cc by-sa 4.0,RG72,1600,1200,kept,
east_asia_0133.jpg,east_asia,Streets in Beijing,File:Pekino (2012) 11.jpg,https://commons.wikimedia.org/wiki/File:Pekino_(2012)_11.jpg,cc by-sa 4.0,RG72,1536,2048,rejected,blurry
east_asia_0134.jpg,east_asia,Streets in Beijing,File:Pekino (2012) 110.jpg,https://commons.wikimedia.org/wiki/File:Pekino_(2012)_110.jpg,cc by-sa 4.0,RG72,1600,1200,kept,
east_asia_0135.jpg,east_asia,Streets in Beijing,File:Pekino (2012) 111.jpg,https://commons.wikimedia.org/wiki/File:Pekino_(2012)_111.jpg,cc by-sa 4.0,RG72,1600,1200,kept,
east_asia_0136.jpg,east_asia,Streets in Beijing,File:Pekino (2012) 112.jpg,https://commons.wikimedia.org/wiki/File:Pekino_(2012)_112.jpg,cc by-sa 4.0,RG72,1600,1200,kept,
east_asia_0137.jpg,east_asia,Streets in Beijing,File:Pekino (2012) 113.jpg,https://commons.wikimedia.org/wiki/File:Pekino_(2012)_113.jpg,cc by-sa 4.0,RG72,1600,1200,rejected,duplicate
east_asia_0138.jpg,east_asia,Streets in Beijing,File:Pekino (2012) 114.jpg,https://commons.wikimedia.org/wiki/File:Pekino_(2012)_114.jpg,cc by-sa 4.0,RG72,1600,1200,kept,
east_asia_0139.jpg,east_asia,Streets in Beijing,File:Pekino (2012) 115.jpg,https://commons.wikimedia.org/wiki/File:Pekino_(2012)_115.jpg,cc by-sa 4.0,RG72,1600,1200,rejected,duplicate
east_asia_0140.jpg,east_asia,Streets in Beijing,File:Pekino (2012) 116.jpg,https://commons.wikimedia.org/wiki/File:Pekino_(2012)_116.jpg,cc by-sa 4.0,RG72,1600,1200,rejected,other
east_asia_0141.jpg,east_asia,Streets in Beijing,File:Pekino (2012) 117.jpg,https://commons.wikimedia.org/wiki/File:Pekino_(2012)_117.jpg,cc by-sa 4.0,RG72,1600,1200,rejected,duplicate
east_asia_0142.jpg,east_asia,Streets in Beijing,File:Pekino (2012) 118.jpg,https://commons.wikimedia.org/wiki/File:Pekino_(2012)_118.jpg,cc by-sa 4.0,RG72,1600,1200,rejected,other
east_asia_0143.jpg,east_asia,Streets in Beijing,File:Pekino (2012) 119.jpg,https://commons.wikimedia.org/wiki/File:Pekino_(2012)_119.jpg,cc by-sa 4.0,RG72,1600,1200,kept,
east_asia_0144.jpg,east_asia,Streets in Beijing,File:Pekino (2012) 12.jpg,https://commons.wikimedia.org/wiki/File:Pekino_(2012)_12.jpg,cc by-sa 4.0,RG72,1200,1600,rejected,other
east_asia_0145.jpg,east_asia,Streets in Beijing,File:Pekino (2012) 120.jpg,https://commons.wikimedia.org/wiki/File:Pekino_(2012)_120.jpg,cc by-sa 4.0,RG72,1600,1200,rejected,other
east_asia_0146.jpg,east_asia,Streets in Beijing,File:Pekino (2012) 121.jpg,https://commons.wikimedia.org/wiki/File:Pekino_(2012)_121.jpg,cc by-sa 4.0,RG72,1600,1200,kept,
east_asia_0147.jpg,east_asia,Streets in Beijing,File:Pekino (2012) 122.jpg,https://commons.wikimedia.org/wiki/File:Pekino_(2012)_122.jpg,cc by-sa 4.0,RG72,1600,1200,kept,
east_asia_0148.jpg,east_asia,Streets in Beijing,File:Pekino (2012) 123.jpg,https://commons.wikimedia.org/wiki/File:Pekino_(2012)_123.jpg,cc by-sa 4.0,RG72,1600,1200,kept,
east_asia_0149.jpg,east_asia,Streets in Beijing,File:Pekino (2012) 124.jpg,https://commons.wikimedia.org/wiki/File:Pekino_(2012)_124.jpg,cc by-sa 4.0,RG72,3072,2304,rejected,off-topic
east_asia_0150.jpg,east_asia,Streets in Beijing,File:Pekino (2012) 125.jpg,https://commons.wikimedia.org/wiki/File:Pekino_(2012)_125.jpg,cc by-sa 4.0,RG72,2304,3072,rejected,off-topic
east_asia_0151.jpg,east_asia,Streets in Beijing,File:Pekino (2012) 126.jpg,https://commons.wikimedia.org/wiki/File:Pekino_(2012)_126.jpg,cc by-sa 4.0,RG72,3072,2304,rejected,blurry
east_asia_0152.jpg,east_asia,Streets in Beijing,File:Pekino (2012) 127.jpg,https://commons.wikimedia.org/wiki/File:Pekino_(2012)_127.jpg,cc by-sa 4.0,RG72,3072,2304,rejected,other
east_asia_0153.jpg,east_asia,Streets in Beijing,File:Pekino (2012) 128.jpg,https://commons.wikimedia.org/wiki/File:Pekino_(2012)_128.jpg,cc by-sa 4.0,RG72,3072,2304,kept,
east_asia_0154.jpg,east_asia,Streets in Beijing,File:Pekino (2012) 129.jpg,https://commons.wikimedia.org/wiki/File:Pekino_(2012)_129.jpg,cc by-sa 4.0,RG72,3072,2304,kept,
east_asia_0155.jpg,east_asia,Streets in Beijing,File:Pekino (2012) 13.jpg,https://commons.wikimedia.org/wiki/File:Pekino_(2012)_13.jpg,cc by-sa 4.0,RG72,1600,1200,kept,
east_asia_0156.jpg,east_asia,Streets in Beijing,File:Pekino (2012) 14.jpg,https://commons.wikimedia.org/wiki/File:Pekino_(2012)_14.jpg,cc by-sa 4.0,RG72,1600,1200,kept,
east_asia_0157.jpg,east_asia,Streets in Beijing,File:Pekino (2012) 15.jpg,https://commons.wikimedia.org/wiki/File:Pekino_(2012)_15.jpg,cc by-sa 4.0,RG72,1600,1200,kept,
east_asia_0158.jpg,east_asia,Streets in Beijing,File:Pekino (2012) 16.jpg,https://commons.wikimedia.org/wiki/File:Pekino_(2012)_16.jpg,cc by-sa 4.0,RG72,1600,1200,rejected,other
east_asia_0159.jpg,east_asia,Streets in Beijing,File:Pekino (2012) 17.jpg,https://commons.wikimedia.org/wiki/File:Pekino_(2012)_17.jpg,cc by-sa 4.0,RG72,1600,1200,rejected,other
east_asia_0160.jpg,east_asia,Streets in Beijing,File:Pekino (2012) 18.jpg,https://commons.wikimedia.org/wiki/File:Pekino_(2012)_18.jpg,cc by-sa 4.0,RG72,1600,1200,kept,
east_asia_0161.jpg,east_asia,Streets in Beijing,File:Pekino (2012) 19.jpg,https://commons.wikimedia.org/wiki/File:Pekino_(2012)_19.jpg,cc by-sa 4.0,RG72,1200,1600,kept,
east_asia_0162.jpg,east_asia,Streets in Beijing,File:Pekino (2012) 20.jpg,https://commons.wikimedia.org/wiki/File:Pekino_(2012)_20.jpg,cc by-sa 4.0,RG72,1600,1200,kept,
east_asia_0163.jpg,east_asia,Streets in Beijing,File:Pekino (2012) 21.jpg,https://commons.wikimedia.org/wiki/File:Pekino_(2012)_21.jpg,cc by-sa 4.0,RG72,1600,1200,rejected,other
east_asia_0164.jpg,east_asia,Streets in Beijing,File:Pekino (2012) 22.jpg,https://commons.wikimedia.org/wiki/File:Pekino_(2012)_22.jpg,cc by-sa 4.0,RG72,1600,1200,rejected,other
east_asia_0165.jpg,east_asia,Streets in Beijing,File:Pekino (2012) 23.jpg,https://commons.wikimedia.org/wiki/File:Pekino_(2012)_23.jpg,cc by-sa 4.0,RG72,1600,1200,kept,
east_asia_0166.jpg,east_asia,Streets in Beijing,File:Pekino (2012) 24.jpg,https://commons.wikimedia.org/wiki/File:Pekino_(2012)_24.jpg,cc by-sa 4.0,RG72,1600,1200,rejected,other
east_asia_0167.jpg,east_asia,Streets in Beijing,File:Pekino (2012) 25.jpg,https://commons.wikimedia.org/wiki/File:Pekino_(2012)_25.jpg,cc by-sa 4.0,RG72,1600,1200,kept,
east_asia_0168.jpg,east_asia,Streets in Beijing,File:Pekino (2012) 26.jpg,https://commons.wikimedia.org/wiki/File:Pekino_(2012)_26.jpg,cc by-sa 4.0,RG72,1600,1200,rejected,duplicate
east_asia_0169.jpg,east_asia,Streets in Beijing,File:Pekino (2012) 27.jpg,https://commons.wikimedia.org/wiki/File:Pekino_(2012)_27.jpg,cc by-sa 4.0,RG72,1600,1200,rejected,other
east_asia_0170.jpg,east_asia,Streets in Beijing,File:Pekino (2012) 28.jpg,https://commons.wikimedia.org/wiki/File:Pekino_(2012)_28.jpg,cc by-sa 4.0,RG72,1600,1200,rejected,duplicate
east_asia_0171.jpg,east_asia,Streets in Beijing,File:Pekino (2012) 31.jpg,https://commons.wikimedia.org/wiki/File:Pekino_(2012)_31.jpg,cc by-sa 4.0,RG72,1600,1200,kept,
east_asia_0172.jpg,east_asia,Streets in Beijing,File:Pekino (2012) 32.jpg,https://commons.wikimedia.org/wiki/File:Pekino_(2012)_32.jpg,cc by-sa 4.0,RG72,1600,1200,rejected,other
east_asia_0173.jpg,east_asia,Streets in Beijing,File:Pekino (2012) 33.jpg,https://commons.wikimedia.org/wiki/File:Pekino_(2012)_33.jpg,cc by-sa 4.0,RG72,1600,1200,rejected,duplicate
east_asia_0174.jpg,east_asia,Streets in Beijing,File:Pekino (2012) 34.jpg,https://commons.wikimedia.org/wiki/File:Pekino_(2012)_34.jpg,cc by-sa 4.0,RG72,1600,1200,rejected,other
east_asia_0175.jpg,east_asia,Streets in Beijing,File:Pekino (2012) 35.jpg,https://commons.wikimedia.org/wiki/File:Pekino_(2012)_35.jpg,cc by-sa 4.0,RG72,1600,1200,kept,
east_asia_0176.jpg,east_asia,Streets in Beijing,File:Pekino (2012) 36.jpg,https://commons.wikimedia.org/wiki/File:Pekino_(2012)_36.jpg,cc by-sa 4.0,RG72,1600,1200,rejected,duplicate
east_asia_0177.jpg,east_asia,Streets in Beijing,File:Pekino (2012) 37.jpg,https://commons.wikimedia.org/wiki/File:Pekino_(2012)_37.jpg,cc by-sa 4.0,RG72,1600,1200,rejected,other
east_asia_0178.jpg,east_asia,Streets in Beijing,File:Pekino (2012) 38.jpg,https://commons.wikimedia.org/wiki/File:Pekino_(2012)_38.jpg,cc by-sa 4.0,RG72,1600,1200,rejected,other
east_asia_0179.jpg,east_asia,Streets in Beijing,File:Pekino (2012) 39.jpg,https://commons.wikimedia.org/wiki/File:Pekino_(2012)_39.jpg,cc by-sa 4.0,RG72,1200,1600,rejected,other
east_asia_0180.jpg,east_asia,Streets in Beijing,File:Pekino (2012) 40.jpg,https://commons.wikimedia.org/wiki/File:Pekino_(2012)_40.jpg,cc by-sa 4.0,RG72,1600,1200,rejected,other
east_asia_0181.jpg,east_asia,Streets in Beijing,File:Pekino (2012) 42.jpg,https://commons.wikimedia.org/wiki/File:Pekino_(2012)_42.jpg,cc by-sa 4.0,RG72,1600,1200,kept,
east_asia_0182.jpg,east_asia,Streets in Beijing,File:Pekino (2012) 43.jpg,https://commons.wikimedia.org/wiki/File:Pekino_(2012)_43.jpg,cc by-sa 4.0,RG72,1600,1200,rejected,other
east_asia_0183.jpg,east_asia,Streets in Beijing,File:Pekino (2012) 45.jpg,https://commons.wikimedia.org/wiki/File:Pekino_(2012)_45.jpg,cc by-sa 4.0,RG72,1200,1600,kept,
east_asia_0184.jpg,east_asia,Streets in Beijing,File:Pekino (2012) 46.jpg,https://commons.wikimedia.org/wiki/File:Pekino_(2012)_46.jpg,cc by-sa 4.0,RG72,1200,1600,rejected,duplicate
east_asia_0185.jpg,east_asia,Streets in Beijing,File:Pekino (2012) 47.jpg,https://commons.wikimedia.org/wiki/File:Pekino_(2012)_47.jpg,cc by-sa 4.0,RG72,1600,1200,rejected,other
east_asia_0186.jpg,east_asia,Streets in Beijing,File:Pekino (2012) 48.jpg,https://commons.wikimedia.org/wiki/File:Pekino_(2012)_48.jpg,cc by-sa 4.0,RG72,1200,1600,kept,
east_asia_0187.jpg,east_asia,Streets in Beijing,File:Pekino (2012) 49.jpg,https://commons.wikimedia.org/wiki/File:Pekino_(2012)_49.jpg,cc by-sa 4.0,RG72,1600,1200,kept,
east_asia_0188.jpg,east_asia,Streets in Beijing,File:Pekino (2012) 50.jpg,https://commons.wikimedia.org/wiki/File:Pekino_(2012)_50.jpg,cc by-sa 4.0,RG72,1600,1200,kept,
east_asia_0189.jpg,east_asia,Streets in Beijing,File:Pekino (2012) 51.jpg,https://commons.wikimedia.org/wiki/File:Pekino_(2012)_51.jpg,cc by-sa 4.0,RG72,1600,1200,rejected,duplicate
east_asia_0190.jpg,east_asia,Streets in Beijing,File:Pekino (2012) 52.jpg,https://commons.wikimedia.org/wiki/File:Pekino_(2012)_52.jpg,cc by-sa 4.0,RG72,1600,1200,rejected,duplicate
east_asia_0191.jpg,east_asia,Streets in Beijing,File:Pekino (2012) 53.jpg,https://commons.wikimedia.org/wiki/File:Pekino_(2012)_53.jpg,cc by-sa 4.0,RG72,1600,1200,rejected,other
east_asia_0192.jpg,east_asia,Streets in Beijing,File:Pekino (2012) 54.jpg,https://commons.wikimedia.org/wiki/File:Pekino_(2012)_54.jpg,cc by-sa 4.0,RG72,1600,1200,rejected,other
east_asia_0193.jpg,east_asia,Streets in Beijing,File:Pekino (2012) 55.jpg,https://commons.wikimedia.org/wiki/File:Pekino_(2012)_55.jpg,cc by-sa 4.0,RG72,1600,1200,kept,
east_asia_0194.jpg,east_asia,Streets in Beijing,File:Pekino (2012) 56.jpg,https://commons.wikimedia.org/wiki/File:Pekino_(2012)_56.jpg,cc by-sa 4.0,RG72,1600,1200,rejected,other
east_asia_0195.jpg,east_asia,Streets in Beijing,File:Pekino (2012) 57.jpg,https://commons.wikimedia.org/wiki/File:Pekino_(2012)_57.jpg,cc by-sa 4.0,RG72,1600,1200,rejected,other
east_asia_0196.jpg,east_asia,Streets in Beijing,File:Pekino (2012) 58.jpg,https://commons.wikimedia.org/wiki/File:Pekino_(2012)_58.jpg,cc by-sa 4.0,RG72,1600,1200,kept,
east_asia_0197.jpg,east_asia,Streets in Beijing,File:Pekino (2012) 59.jpg,https://commons.wikimedia.org/wiki/File:Pekino_(2012)_59.jpg,cc by-sa 4.0,RG72,1600,1200,rejected,other
east_asia_0198.jpg,east_asia,Streets in Beijing,File:Pekino (2012) 60.jpg,https://commons.wikimedia.org/wiki/File:Pekino_(2012)_60.jpg,cc by-sa 4.0,RG72,1600,1200,rejected,duplicate
east_asia_0199.jpg,east_asia,Streets in Beijing,File:Pekino (2012) 68.jpg,https://commons.wikimedia.org/wiki/File:Pekino_(2012)_68.jpg,cc by-sa 4.0,RG72,1600,1200,rejected,other
east_asia_0200.jpg,east_asia,Streets in Beijing,File:Pekino (2012) 69.jpg,https://commons.wikimedia.org/wiki/File:Pekino_(2012)_69.jpg,cc by-sa 4.0,RG72,1200,1600,rejected,other
east_asia_0201.jpg,east_asia,Streets in Beijing,File:Pekino (2012) 70.jpg,https://commons.wikimedia.org/wiki/File:Pekino_(2012)_70.jpg,cc by-sa 4.0,RG72,1200,1600,kept,
east_asia_0202.jpg,east_asia,Streets in Beijing,File:Pekino (2012) 71.jpg,https://commons.wikimedia.org/wiki/File:Pekino_(2012)_71.jpg,cc by-sa 4.0,RG72,1600,1200,rejected,other
east_asia_0203.jpg,east_asia,Streets in Beijing,File:Pekino (2012) 72.jpg,https://commons.wikimedia.org/wiki/File:Pekino_(2012)_72.jpg,cc by-sa 4.0,RG72,1600,1200,rejected,other
east_asia_0204.jpg,east_asia,Streets in Beijing,File:Pekino (2012) 73.jpg,https://commons.wikimedia.org/wiki/File:Pekino_(2012)_73.jpg,cc by-sa 4.0,RG72,1600,1200,kept,
east_asia_0205.jpg,east_asia,Streets in Beijing,File:Pekino (2012) 75.jpg,https://commons.wikimedia.org/wiki/File:Pekino_(2012)_75.jpg,cc by-sa 4.0,RG72,1200,1600,rejected,off-topic
east_asia_0206.jpg,east_asia,Streets in Beijing,File:Pekino (2012) 76.jpg,https://commons.wikimedia.org/wiki/File:Pekino_(2012)_76.jpg,cc by-sa 4.0,RG72,1600,1200,rejected,other
east_asia_0207.jpg,east_asia,Streets in Beijing,File:Pekino (2012) 77.jpg,https://commons.wikimedia.org/wiki/File:Pekino_(2012)_77.jpg,cc by-sa 4.0,RG72,1600,1200,kept,
east_asia_0208.jpg,east_asia,Streets in Beijing,File:Pekino (2012) 78.jpg,https://commons.wikimedia.org/wiki/File:Pekino_(2012)_78.jpg,cc by-sa 4.0,RG72,1600,1200,rejected,other
east_asia_0209.jpg,east_asia,Streets in Beijing,File:Pekino (2012) 79.jpg,https://commons.wikimedia.org/wiki/File:Pekino_(2012)_79.jpg,cc by-sa 4.0,RG72,1600,1200,rejected,other
east_asia_0210.jpg,east_asia,Streets in Beijing,File:Pekino (2012) 80.jpg,https://commons.wikimedia.org/wiki/File:Pekino_(2012)_80.jpg,cc by-sa 4.0,RG72,1600,1200,kept,
east_asia_0211.jpg,east_asia,Streets in Beijing,File:Pekino (2012) 81.jpg,https://commons.wikimedia.org/wiki/File:Pekino_(2012)_81.jpg,cc by-sa 4.0,RG72,1600,1200,kept,
east_asia_0212.jpg,east_asia,Streets in Beijing,File:Pekino (2012) 82.jpg,https://commons.wikimedia.org/wiki/File:Pekino_(2012)_82.jpg,cc by-sa 4.0,RG72,1600,1200,rejected,other
east_asia_0213.jpg,east_asia,Streets in Beijing,File:Pekino (2012) 83.jpg,https://commons.wikimedia.org/wiki/File:Pekino_(2012)_83.jpg,cc by-sa 4.0,RG72,1600,1200,kept,
east_asia_0214.jpg,east_asia,Streets in Beijing,File:Pekino (2012) 84.jpg,https://commons.wikimedia.org/wiki/File:Pekino_(2012)_84.jpg,cc by-sa 4.0,RG72,1600,1200,kept,
east_asia_0215.jpg,east_asia,Streets in Beijing,File:Pekino (2012) 85.jpg,https://commons.wikimedia.org/wiki/File:Pekino_(2012)_85.jpg,cc by-sa 4.0,RG72,1600,1200,rejected,blurry
east_asia_0216.jpg,east_asia,Streets in Beijing,File:Pekino (2012) 86.jpg,https://commons.wikimedia.org/wiki/File:Pekino_(2012)_86.jpg,cc by-sa 4.0,RG72,1600,1200,kept,
east_asia_0217.jpg,east_asia,Streets in Beijing,File:Pekino (2012) 89.jpg,https://commons.wikimedia.org/wiki/File:Pekino_(2012)_89.jpg,cc by-sa 4.0,RG72,1600,1200,kept,
east_asia_0218.jpg,east_asia,Streets in Beijing,File:Pekino (2012) 90.jpg,https://commons.wikimedia.org/wiki/File:Pekino_(2012)_90.jpg,cc by-sa 4.0,RG72,1600,1200,rejected,duplicate
east_asia_0219.jpg,east_asia,Streets in Beijing,File:Pekino (2012) 91.jpg,https://commons.wikimedia.org/wiki/File:Pekino_(2012)_91.jpg,cc by-sa 4.0,RG72,1600,1200,rejected,other
east_asia_0220.jpg,east_asia,Streets in Beijing,File:Pekino (2012) 92.jpg,https://commons.wikimedia.org/wiki/File:Pekino_(2012)_92.jpg,cc by-sa 4.0,RG72,1200,1600,kept,
east_asia_0221.jpg,east_asia,Streets in Beijing,File:Pekino (2012) 93.jpg,https://commons.wikimedia.org/wiki/File:Pekino_(2012)_93.jpg,cc by-sa 4.0,RG72,1200,1600,rejected,duplicate
east_asia_0222.jpg,east_asia,Streets in Beijing,File:Pekino (2012) 94.jpg,https://commons.wikimedia.org/wiki/File:Pekino_(2012)_94.jpg,cc by-sa 4.0,RG72,1200,1600,kept,
east_asia_0223.jpg,east_asia,Streets in Beijing,File:Pekino (2012) 95.jpg,https://commons.wikimedia.org/wiki/File:Pekino_(2012)_95.jpg,cc by-sa 4.0,RG72,1600,1200,rejected,other
east_asia_0224.jpg,east_asia,Streets in Beijing,File:Pekino (2012) 96.jpg,https://commons.wikimedia.org/wiki/File:Pekino_(2012)_96.jpg,cc by-sa 4.0,RG72,1600,1200,rejected,other
east_asia_0225.jpg,east_asia,Streets in Beijing,File:Pekino (2012) 97.jpg,https://commons.wikimedia.org/wiki/File:Pekino_(2012)_97.jpg,cc by-sa 4.0,RG72,1600,1200,rejected,duplicate
east_asia_0226.jpg,east_asia,Streets in Beijing,File:Pekino (2012) 98.jpg,https://commons.wikimedia.org/wiki/File:Pekino_(2012)_98.jpg,cc by-sa 4.0,RG72,1600,1200,rejected,duplicate
east_asia_0227.jpg,east_asia,Streets in Beijing,File:Pekino (2012) 99.jpg,https://commons.wikimedia.org/wiki/File:Pekino_(2012)_99.jpg,cc by-sa 4.0,RG72,1200,1600,rejected,off-topic
east_asia_0228.jpg,east_asia,Streets in Beijing,File:Pekino 2019-03-18 01.jpg,https://commons.wikimedia.org/wiki/File:Pekino_2019-03-18_01.jpg,cc by-sa 4.0,RG72,2592,4608,rejected,other
east_asia_0229.jpg,east_asia,Streets in Beijing,File:Pekino 2019-03-18 02.jpg,https://commons.wikimedia.org/wiki/File:Pekino_2019-03-18_02.jpg,cc by-sa 4.0,RG72,4608,2592,rejected,other
east_asia_0230.jpg,east_asia,Streets in Beijing,File:Pekino en marto 2019 01.jpg,https://commons.wikimedia.org/wiki/File:Pekino_en_marto_2019_01.jpg,cc by-sa 4.0,RG72,4608,2592,rejected,blurry
east_asia_0231.jpg,east_asia,Streets in Beijing,File:Pekino en marto 2019 02.jpg,https://commons.wikimedia.org/wiki/File:Pekino_en_marto_2019_02.jpg,cc by-sa 4.0,RG72,4608,2592,kept,
east_asia_0232.jpg,east_asia,Streets in Beijing,File:Pekino en marto 2019 03.jpg,https://commons.wikimedia.org/wiki/File:Pekino_en_marto_2019_03.jpg,cc by-sa 4.0,RG72,2592,4608,kept,
east_asia_0233.jpg,east_asia,Streets in Beijing,File:Pekino en marto 2019 04.jpg,https://commons.wikimedia.org/wiki/File:Pekino_en_marto_2019_04.jpg,cc by-sa 4.0,RG72,4608,2592,rejected,other
east_asia_0234.jpg,east_asia,Streets in Beijing,File:Pekino en marto 2019 05.jpg,https://commons.wikimedia.org/wiki/File:Pekino_en_marto_2019_05.jpg,cc by-sa 4.0,RG72,4608,2592,rejected,other
east_asia_0235.jpg,east_asia,Streets in Beijing,File:Pekín 1978 12.jpg,https://commons.wikimedia.org/wiki/File:Pek%C3%ADn_1978_12.jpg,cc by-sa 4.0,LBM1948,1031,692,rejected,other
east_asia_0236.jpg,east_asia,Streets in Beijing,File:Pekín 1978 18.jpg,https://commons.wikimedia.org/wiki/File:Pek%C3%ADn_1978_18.jpg,cc by-sa 4.0,LBM1948,1033,694,kept,
east_asia_0237.jpg,east_asia,Streets in Beijing,"File:Pekín, calles 1978 01.jpg","https://commons.wikimedia.org/wiki/File:Pek%C3%ADn,_calles_1978_01.jpg",cc by-sa 4.0,LBM1948,1036,701,rejected,other
east_asia_0238.jpg,east_asia,Streets in Beijing,"File:Pekín, calles 1978 02.jpg","https://commons.wikimedia.org/wiki/File:Pek%C3%ADn,_calles_1978_02.jpg",cc by-sa 4.0,LBM1948,995,704,kept,
east_asia_0239.jpg,east_asia,Streets in Beijing,"File:Pekín, calles 1978 03.jpg","https://commons.wikimedia.org/wiki/File:Pek%C3%ADn,_calles_1978_03.jpg",cc by-sa 4.0,LBM1948,970,658,kept,
east_asia_0240.jpg,east_asia,Streets in Beijing,File:Remembering Spring Festival.JPG,https://commons.wikimedia.org/wiki/File:Remembering_Spring_Festival.JPG,cc by-sa 3.0,Scott Meltzer,3008,2000,kept,
east_asia_0241.jpg,east_asia,Streets in Beijing,File:Right of way?.JPG,https://commons.wikimedia.org/wiki/File:Right_of_way%3F.JPG,public domain,Scott Meltzer,3008,2000,rejected,off-topic
east_asia_0242.jpg,east_asia,Streets in Beijing,File:Strassenkuenstler Wasserkalligrafie.jpg,https://commons.wikimedia.org/wiki/File:Strassenkuenstler_Wasserkalligrafie.jpg,cc by-sa 3.0,User:Chrislb,2560,1920,rejected,off-topic
east_asia_0243.jpg,east_asia,Streets in Beijing,File:Street market in beijing.JPG,https://commons.wikimedia.org/wiki/File:Street_market_in_beijing.JPG,cc by-sa 3.0,Wikih101,1280,720,rejected,other
east_asia_0244.jpg,east_asia,Streets in Beijing,File:Tramway of Machiapu Station.jpg,https://commons.wikimedia.org/wiki/File:Tramway_of_Machiapu_Station.jpg,public domain,Unknown authorUnknown author,974,703,rejected,not-a-photo
east_asia_0245.jpg,east_asia,Streets in Beijing,File:Typical Beijing community street.JPG,https://commons.wikimedia.org/wiki/File:Typical_Beijing_community_street.JPG,public domain,Scott Meltzer,3008,2000,kept,
east_asia_0246.jpg,east_asia,Streets in Beijing,File:Typical community street of Beijing.JPG,https://commons.wikimedia.org/wiki/File:Typical_community_street_of_Beijing.JPG,public domain,Scott Meltzer,3008,2000,kept,
east_asia_0247.jpg,east_asia,Streets in Beijing,File:Wanshoulustation1.jpg,https://commons.wikimedia.org/wiki/File:Wanshoulustation1.jpg,public domain,高晶,1600,1071,rejected,other
east_asia_0248.jpg,east_asia,Streets in Beijing,File:Xisi2011.jpg,https://commons.wikimedia.org/wiki/File:Xisi2011.jpg,public domain,高晶 at Chinese Wikipedia,1200,1788,kept,
east_asia_0249.jpg,east_asia,Streets in Beijing,File:Yongfeng Rd near Houchangcun Rd in snow (20200105224101).jpg,https://commons.wikimedia.org/wiki/File:Yongfeng_Rd_near_Houchangcun_Rd_in_snow_(20200105224101).jpg,cc by-sa 4.0,N509FZ,7360,4912,kept,
east_asia_0250.jpg,east_asia,Streets in Beijing,File:在王府井大街和灯市口大街十字向北望.jpg,https://commons.wikimedia.org/wiki/File:%E5%9C%A8%E7%8E%8B%E5%BA%9C%E4%BA%95%E5%A4%A7%E8%A1%97%E5%92%8C%E7%81%AF%E5%B8%82%E5%8F%A3%E5%A4%A7%E8%A1%97%E5%8D%81%E5%AD%97%E5%90%91%E5%8C%97%E6%9C%9B.jpg,cc by-sa 4.0,Liuxingy,6016,3384,rejected,other
east_asia_0251.jpg,east_asia,Streets in Beijing,File:廣安門內大街.JPG,https://commons.wikimedia.org/wiki/File:%E5%BB%A3%E5%AE%89%E9%96%80%E5%85%A7%E5%A4%A7%E8%A1%97.JPG,cc by-sa 2.0,Flickr user Qinyongr,2592,1936,rejected,other
east_asia_0252.jpg,east_asia,Streets in Beijing,File:模式口大街 August 2016 in China.jpg,https://commons.wikimedia.org/wiki/File:%E6%A8%A1%E5%BC%8F%E5%8F%A3%E5%A4%A7%E8%A1%97_August_2016_in_China.jpg,cc by-sa 2.0,"陈霆, Ting Chen, Wing",6000,4000,rejected,other
east_asia_0253.jpg,east_asia,Streets in Beijing,File:裕民路上的雪 - panoramio.jpg,https://commons.wikimedia.org/wiki/File:%E8%A3%95%E6%B0%91%E8%B7%AF%E4%B8%8A%E7%9A%84%E9%9B%AA_-_panoramio.jpg,cc by 3.0,江上清风1961,3264,2448,rejected,other
east_asia_0254.jpg,east_asia,Streets in Beijing,File:鸟巢旁边的街道 - panoramio.jpg,https://commons.wikimedia.org/wiki/File:%E9%B8%9F%E5%B7%A2%E6%97%81%E8%BE%B9%E7%9A%84%E8%A1%97%E9%81%93_-_panoramio.jpg,cc by 3.0,江上清风1961,3264,2448,rejected,other
east_asia_0255.jpg,east_asia,Streets in Beijing,File:鼓楼南街 20251029 143235.jpg,https://commons.wikimedia.org/wiki/File:%E9%BC%93%E6%A5%BC%E5%8D%97%E8%A1%97_20251029_143235.jpg,cc by-sa 4.0,Auongkinghe,4096,2729,rejected,other
east_asia_0256.jpg,east_asia,Streets in Bengbu,"File:BYD electric bus at Fengyangdong Street, Bengbu (In front of Bengbu Railway Station).jpg","https://commons.wikimedia.org/wiki/File:BYD_electric_bus_at_Fengyangdong_Street,_Bengbu_(In_front_of_Bengbu_Railway_Station).jpg",cc by-sa 4.0,Tyfulcrum,5472,3648,rejected,other
east_asia_0257.jpg,east_asia,Streets in Bengbu,File:Fengyangdong Street (In front of Bengbu Railway Station).jpg,https://commons.wikimedia.org/wiki/File:Fengyangdong_Street_(In_front_of_Bengbu_Railway_Station).jpg,cc by-sa 4.0,Tyfulcrum,5472,3648,rejected,other
east_asia_0258.jpg,east_asia,Streets in Bengbu,File:Fengyangxi Street (In front of Bengbu Railway Station).jpg,https://commons.wikimedia.org/wiki/File:Fengyangxi_Street_(In_front_of_Bengbu_Railway_Station).jpg,cc by-sa 4.0,Tyfulcrum,5472,3648,kept,
east_asia_0259.jpg,east_asia,Streets in Benxi,File:Huanren 朝阳门.jpg,https://commons.wikimedia.org/wiki/File:Huanren_%E6%9C%9D%E9%98%B3%E9%97%A8.jpg,cc by-sa 3.0,周李,1280,960,kept,
east_asia_0260.jpg,east_asia,Streets in Changsha,File:200606081054.jpg,https://commons.wikimedia.org/wiki/File:200606081054.jpg,cc by 2.5,陈少举,1600,1200,kept,
east_asia_0261.jpg,east_asia,Streets in Changsha,File:Around Wenchangge Station.jpg,https://commons.wikimedia.org/wiki/File:Around_Wenchangge_Station.jpg,cc by-sa 4.0,JerryTsai70,2560,1536,rejected,other
east_asia_0262.jpg,east_asia,Streets in Changsha,File:Changsha Taiping Old Street.jpg,https://commons.wikimedia.org/wiki/File:Changsha_Taiping_Old_Street.jpg,cc by-sa 4.0,Lennartbj,1920,1280,kept,
east_asia_0263.jpg,east_asia,Streets in Changsha,File:Crossing 222222.jpg,https://commons.wikimedia.org/wiki/File:Crossing_222222.jpg,cc by 2.0,"Jakob Montrasio from Saarbrücken, Germany",4287,2844,kept,
east_asia_0264.jpg,east_asia,Streets in Changsha,File:View from the ground over Nanmenkou Station.jpg,https://commons.wikimedia.org/wiki/File:View_from_the_ground_over_Nanmenkou_Station.jpg,cc by-sa 4.0,JerryTsai70,2560,1536,kept,
east_asia_0265.jpeg,east_asia,Streets in Changsha,File:West Coach Station connected to Line 2.jpeg,https://commons.wikimedia.org/wiki/File:West_Coach_Station_connected_to_Line_2.jpeg,cc by-sa 4.0,JerryTsai70,4608,3456,rejected,other
east_asia_0266.jpg,east_asia,Streets in Changsha,File:东二环 20240506.jpg,https://commons.wikimedia.org/wiki/File:%E4%B8%9C%E4%BA%8C%E7%8E%AF_20240506.jpg,cc by-sa 4.0,Uuongkinghe,4096,2730,rejected,duplicate
east_asia_0267.jpg,east_asia,Streets in Changsha,File:曙光中路 20240506.jpg,https://commons.wikimedia.org/wiki/File:%E6%9B%99%E5%85%89%E4%B8%AD%E8%B7%AF_20240506.jpg,cc by-sa 4.0,Uuongkinghe,3253,2169,rejected,duplicate
east_asia_0268.jpg,east_asia,Streets in Changsha,File:芙蓉中路，解放西路天桥流程（浏城桥）北看 20240506 142511 edit 21517923048612.jpg,https://commons.wikimedia.org/wiki/File:%E8%8A%99%E8%93%89%E4%B8%AD%E8%B7%AF%EF%BC%8C%E8%A7%A3%E6%94%BE%E8%A5%BF%E8%B7%AF%E5%A4%A9%E6%A1%A5%E6%B5%81%E7%A8%8B%EF%BC%88%E6%B5%8F%E5%9F%8E%E6%A1%A5%EF%BC%89%E5%8C%97%E7%9C%8B_20240506_142511_edit_21517923048612.jpg,cc by-sa 4.0,Uuongkinghe,4096,2730,rejected,other
east_asia_0269.jpg,east_asia,Streets in Changsha,File:被淹没的街道.jpg,https://commons.wikimedia.org/wiki/File:%E8%A2%AB%E6%B7%B9%E6%B2%A1%E7%9A%84%E8%A1%97%E9%81%93.jpg,cc by-sa 4.0,SolidBlock,3120,4160,rejected,other
east_asia_0270.jpg,east_asia,Streets in Changsha,File:解放中路 20240506.jpg,https://commons.wikimedia.org/wiki/File:%E8%A7%A3%E6%94%BE%E4%B8%AD%E8%B7%AF_20240506.jpg,cc by-sa 4.0,Uuongkinghe,3776,2516,rejected,other
east_asia_0271.jpg,east_asia,Streets in Changsha,File:长沙市东二环荷花路口天桥下南往北车道.jpg,https://commons.wikimedia.org/wiki/File:%E9%95%BF%E6%B2%99%E5%B8%82%E4%B8%9C%E4%BA%8C%E7%8E%AF%E8%8D%B7%E8%8A%B1%E8%B7%AF%E5%8F%A3%E5%A4%A9%E6%A1%A5%E4%B8%8B%E5%8D%97%E5%BE%80%E5%8C%97%E8%BD%A6%E9%81%93.jpg,cc by-sa 4.0,Ninedyz,4160,3120,kept,
east_asia_0272.jpg,east_asia,Streets in Changsha,File:顺丰三轮车.jpg,https://commons.wikimedia.org/wiki/File:%E9%A1%BA%E4%B8%B0%E4%B8%89%E8%BD%AE%E8%BD%A6.jpg,cc by-sa 4.0,Ninedyz,4160,3120,rejected,other
east_asia_0273.jpg,east_asia,Streets in Changzhou,File:51st Rd side Road in night.jpg,https://commons.wikimedia.org/wiki/File:51st_Rd_side_Road_in_night.jpg,cc by-sa 4.0,Fumikas Sagisavas,4000,3000,kept,
east_asia_0274.jpg,east_asia,Streets in Changzhou,File:51st Rd side Road.jpg,https://commons.wikimedia.org/wiki/File:51st_Rd_side_Road.jpg,cc by-sa 4.0,Fumikas Sagisavas,4000,3000,rejected,other
east_asia_0275.jpg,east_asia,Streets in Changzhou,File:A large truck attached to a car.jpg,https://commons.wikimedia.org/wiki/File:A_large_truck_attached_to_a_car.jpg,cc by-sa 4.0,Fumikas Sagisavas,4000,3000,rejected,blurry
east_asia_0276.jpg,east_asia,Streets in Changzhou,File:A view of lights located along Zhulin Rd01.jpg,https://commons.wikimedia.org/wiki/File:A_view_of_lights_located_along_Zhulin_Rd01.jpg,cc by-sa 4.0,Fumikas Sagisavas,4000,3000,rejected,other
east_asia_0277.jpg,east_asia,Streets in Changzhou,File:A view of lights located along Zhulin Rd02.jpg,https://commons.wikimedia.org/wiki/File:A_view_of_lights_located_along_Zhulin_Rd02.jpg,cc by-sa 4.0,Fumikas Sagisavas,4000,3000,kept,
east_asia_0278.jpg,east_asia,Streets in Changzhou,File:Bamboo Garden near Feilong Rd.jpg,https://commons.wikimedia.org/wiki/File:Bamboo_Garden_near_Feilong_Rd.jpg,public domain,Franklin Rainier,4000,3000,rejected,other
east_asia_0279.jpg,east_asia,Streets in Changzhou,File:Boailu cz.jpg,https://commons.wikimedia.org/wiki/File:Boailu_cz.jpg,cc by-sa 4.0,Aangkianghai,3269,2448,rejected,other
east_asia_0280.jpg,east_asia,Streets in Changzhou,File:Boulders off Changqing Rd.jpg,https://commons.wikimedia.org/wiki/File:Boulders_off_Changqing_Rd.jpg,cc by-sa 4.0,Fumikas Sagisavas,4000,3000,rejected,off-topic
east_asia_0281.jpg,east_asia,Streets in Changzhou,File:Changqing Rd and Dingjian Rd Crossing.jpg,https://commons.wikimedia.org/wiki/File:Changqing_Rd_and_Dingjian_Rd_Crossing.jpg,cc by-sa 4.0,Fumikas Sagisavas,4000,3000,rejected,other
east_asia_0282.jpg,east_asia,Streets in Changzhou,File:Decoration along Yanling Rd01.jpg,https://commons.wikimedia.org/wiki/File:Decoration_along_Yanling_Rd01.jpg,cc by-sa 4.0,Fumikas Sagisavas,4000,3000,rejected,other
east_asia_0283.jpg,east_asia,Streets in Changzhou,File:Decoration along Yanling Rd02.jpg,https://commons.wikimedia.org/wiki/File:Decoration_along_Yanling_Rd02.jpg,cc by-sa 4.0,Fumikas Sagisavas,4000,3000,rejected,off-topic
east_asia_0284.jpg,east_asia,Streets in Changzhou,File:Diaoqiao rd.cz.jpg,https://commons.wikimedia.org/wiki/File:Diaoqiao_rd.cz.jpg,cc by-sa 4.0,Aangkianghai,3656,2435,rejected,other
east_asia_0285.jpg,east_asia,Streets in Changzhou,File:Douxiang cz.jpg,https://commons.wikimedia.org/wiki/File:Douxiang_cz.jpg,cc by-sa 4.0,Aangkianghai,4032,2685,kept,
east_asia_0286.jpg,east_asia,Streets in Changzhou,File:Duanqian Rd and 51st Rd Crossing.jpg,https://commons.wikimedia.org/wiki/File:Duanqian_Rd_and_51st_Rd_Crossing.jpg,cc by-sa 4.0,Fumikas Sagisavas,4000,3000,rejected,other
east_asia_0287.jpg,east_asia,Streets in Changzhou,File:Electricity facility next to Dongfang Rd.jpg,https://commons.wikimedia.org/wiki/File:Electricity_facility_next_to_Dongfang_Rd.jpg,cc by-sa 4.0,Fumikas Sagisavas,4000,3000,rejected,other
east_asia_0288.jpg,east_asia,Streets in Changzhou,File:Feilong Rd and Yongning Rd Crossing.jpg,https://commons.wikimedia.org/wiki/File:Feilong_Rd_and_Yongning_Rd_Crossing.jpg,cc by-sa 4.0,Fumikas Sagisavas,4000,3000,kept,
east_asia_0289.jpg,east_asia,Streets in Changzhou,File:Greening on the side of Lilac Road 01.jpg,https://commons.wikimedia.org/wiki/File:Greening_on_the_side_of_Lilac_Road_01.jpg,public domain,Franklin Rainier,4000,3000,rejected,duplicate
east_asia_0290.jpg,east_asia,Streets in Changzhou,File:Greening on the side of Lilac Road 02.jpg,https://commons.wikimedia.org/wiki/File:Greening_on_the_side_of_Lilac_Road_02.jpg,public domain,Franklin Rainier,4000,3000,rejected,other
east_asia_0291.jpg,east_asia,Streets in Changzhou,File:Guanhe Rd and Peace Rd Crossing.jpg,https://commons.wikimedia.org/wiki/File:Guanhe_Rd_and_Peace_Rd_Crossing.jpg,cc by-sa 4.0,Fumikas Sagisavas,4000,3000,rejected,other
east_asia_0292.jpg,east_asia,Streets in Changzhou,File:Huanwei Rd and 51st Rd Crossing.jpg,https://commons.wikimedia.org/wiki/File:Huanwei_Rd_and_51st_Rd_Crossing.jpg,cc by-sa 4.0,Fumikas Sagisavas,4000,3000,kept,
east_asia_0293.jpg,east_asia,Streets in Changzhou,"File:Hutang Old Street in Wujin, Changzhou, Jiangsu, China 20260201 01.jpg","https://commons.wikimedia.org/wiki/File:Hutang_Old_Street_in_Wujin,_Changzhou,_Jiangsu,_China_20260201_01.jpg",cc by 4.0,4084470 0.smil,4096,3072,rejected,other
east_asia_0294.jpg,east_asia,Streets in Changzhou,"File:Hutang Old Street in Wujin, Changzhou, Jiangsu, China 20260201 02.jpg","https://commons.wikimedia.org/wiki/File:Hutang_Old_Street_in_Wujin,_Changzhou,_Jiangsu,_China_20260201_02.jpg",cc by 4.0,4084470 0.smil,4096,3072,rejected,other
east_asia_0295.jpg,east_asia,Streets in Changzhou,File:Phoenix Rd and Labor Rd Crossing.jpg,https://commons.wikimedia.org/wiki/File:Phoenix_Rd_and_Labor_Rd_Crossing.jpg,cc by-sa 4.0,Fumikas Sagisavas,4000,3000,rejected,blurry
east_asia_0296.jpg,east_asia,Streets in Changzhou,File:Roadside poetry stone.jpg,https://commons.wikimedia.org/wiki/File:Roadside_poetry_stone.jpg,cc by-sa 4.0,Fumikas Sagisavas,4000,3000,rejected,off-topic
east_asia_0297.jpg,east_asia,Streets in Changzhou,"File:Stele No.38 of the ""Southern-Jiangsu Canal"" next to Yanling Rd.jpg",https://commons.wikimedia.org/wiki/File:Stele_No.38_of_the_%22Southern-Jiangsu_Canal%22_next_to_Yanling_Rd.jpg,cc by-sa 4.0,Fumikas Sagisavas,4000,3000,rejected,off-topic
east_asia_0298.jpg,east_asia,Streets in Changzhou,"File:Stele No.75 of the ""Southern-Jiangsu Canal"" next to Yanling Rd.jpg",https://commons.wikimedia.org/wiki/File:Stele_No.75_of_the_%22Southern-Jiangsu_Canal%22_next_to_Yanling_Rd.jpg,cc by-sa 4.0,Fumikas Sagisavas,4000,3000,rejected,off-topic
east_asia_0299.jpg,east_asia,Streets in Changzhou,"File:Stele No.77 of the ""Southern-Jiangsu Canal"" next to Yanling Rd.jpg",https://commons.wikimedia.org/wiki/File:Stele_No.77_of_the_%22Southern-Jiangsu_Canal%22_next_to_Yanling_Rd.jpg,cc by-sa 4.0,Fumikas Sagisavas,4000,3000,rejected,off-topic
east_asia_0300.jpg,east_asia,Streets in Changzhou,File:Streets of Changzhou 3.jpg,https://commons.wikimedia.org/wiki/File:Streets_of_Changzhou_3.jpg,cc by-sa 4.0,Slyronit,4032,3024,kept,
east_asia_0301.jpg,east_asia,Streets in Changzhou,File:Streets of Changzhou 7.jpg,https://commons.wikimedia.org/wiki/File:Streets_of_Changzhou_7.jpg,cc by-sa 4.0,Slyronit,4032,3024,kept,
east_asia_0302.jpg,east_asia,Streets in Changzhou,File:Streets of Changzhou 8.jpg,https://commons.wikimedia.org/wiki/File:Streets_of_Changzhou_8.jpg,cc by-sa 4.0,Slyronit,4032,3024,kept,
east_asia_0303.jpg,east_asia,Streets in Changzhou,File:The bifurcation guide signs of Guanhe E. Rd and Lihua N. Rd.jpg,https://commons.wikimedia.org/wiki/File:The_bifurcation_guide_signs_of_Guanhe_E._Rd_and_Lihua_N._Rd.jpg,cc by-sa 4.0,Fumikas Sagisavas,4000,3000,rejected,off-topic
east_asia_0304.jpg,east_asia,Streets in Changzhou,File:The billboard on the corner of Yanling Rd.jpg,https://commons.wikimedia.org/wiki/File:The_billboard_on_the_corner_of_Yanling_Rd.jpg,cc by-sa 4.0,Fumikas Sagisavas,4000,3000,kept,
east_asia_0305.jpg,east_asia,Streets in Changzhou,File:The roundabout on Duanqian Rd.jpg,https://commons.wikimedia.org/wiki/File:The_roundabout_on_Duanqian_Rd.jpg,cc by-sa 4.0,Fumikas Sagisavas,4000,3000,rejected,other
east_asia_0306.jpg,east_asia,Streets in Changzhou,File:Tree stumps inlaid with colorful covers.jpg,https://commons.wikimedia.org/wiki/File:Tree_stumps_inlaid_with_colorful_covers.jpg,cc by-sa 4.0,Fumikas Sagisavas,4000,3000,rejected,off-topic
east_asia_0307.jpg,east_asia,Streets in Changzhou,File:Tunnel of 51st Rd.jpg,https://commons.wikimedia.org/wiki/File:Tunnel_of_51st_Rd.jpg,cc by-sa 4.0,Fumikas Sagisavas,4000,3000,rejected,other
east_asia_0308.jpg,east_asia,Streets in Changzhou,File:View of 51Rd and Yanling Rd Crossing in night.jpg,https://commons.wikimedia.org/wiki/File:View_of_51Rd_and_Yanling_Rd_Crossing_in_night.jpg,cc by-sa 4.0,Fumikas Sagisavas,4000,3000,rejected,other
east_asia_0309.jpg,east_asia,Streets in Changzhou,File:View of 51Rd and Yanling Rd Crossing in night02.jpg,https://commons.wikimedia.org/wiki/File:View_of_51Rd_and_Yanling_Rd_Crossing_in_night02.jpg,cc by-sa 4.0,Fumikas Sagisavas,4000,3000,rejected,other
east_asia_0310.jpg,east_asia,Streets in Changzhou,File:View of 51Rd and Yanling Rd Crossing.jpg,https://commons.wikimedia.org/wiki/File:View_of_51Rd_and_Yanling_Rd_Crossing.jpg,cc by-sa 4.0,Fumikas Sagisavas,3264,2448,rejected,other
east_asia_0311.jpg,east_asia,Streets in Changzhou,File:View of Duanqian Rd in night.jpg,https://commons.wikimedia.org/wiki/File:View_of_Duanqian_Rd_in_night.jpg,cc by-sa 4.0,Fumikas Sagisavas,4000,3000,rejected,other
east_asia_0312.jpg,east_asia,Streets in Changzhou,File:View of Huanwei Rd.jpg,https://commons.wikimedia.org/wiki/File:View_of_Huanwei_Rd.jpg,cc by-sa 4.0,Fumikas Sagisavas,4000,3000,kept,
east_asia_0313.jpg,east_asia,Streets in Changzhou,File:View of N. Fitness Road 01.jpg,https://commons.wikimedia.org/wiki/File:View_of_N._Fitness_Road_01.jpg,public domain,Franklin Rainier,3264,2448,kept,
east_asia_0314.jpg,east_asia,Streets in Changzhou,File:View of N. Fitness Road 02.jpg,https://commons.wikimedia.org/wiki/File:View_of_N._Fitness_Road_02.jpg,public domain,Franklin Rainier,4000,3000,kept,
east_asia_0315.jpg,east_asia,Streets in Changzhou,File:Xinhe Rd and Dingjian Rd Crossing.jpg,https://commons.wikimedia.org/wiki/File:Xinhe_Rd_and_Dingjian_Rd_Crossing.jpg,cc by-sa 4.0,Fumikas Sagisavas,4000,3000,rejected,other
east_asia_0316.jpg,east_asia,Streets in Changzhou,File:Xinhe Rd and Duanqian Rd Crossing.jpg,https://commons.wikimedia.org/wiki/File:Xinhe_Rd_and_Duanqian_Rd_Crossing.jpg,cc by-sa 4.0,Fumikas Sagisavas,4000,3000,rejected,other
east_asia_0317.jpg,east_asia,Streets in Changzhou,File:Yanling Rd and 51st Rd Crossing.jpg,https://commons.wikimedia.org/wiki/File:Yanling_Rd_and_51st_Rd_Crossing.jpg,cc by-sa 4.0,Fumikas Sagisavas,4000,3000,rejected,other
east_asia_0318.jpg,east_asia,Streets in Changzhou,File:Yanling Rd and Baijia Bridge Crossing in night.jpg,https://commons.wikimedia.org/wiki/File:Yanling_Rd_and_Baijia_Bridge_Crossing_in_night.jpg,cc by-sa 4.0,Fumikas Sagisavas,4000,3000,rejected,off-topic
east_asia_0319.jpg,east_asia,Streets in Changzhou,File:Yanling Rd and Huaide Rd Crossing.jpg,https://commons.wikimedia.org/wiki/File:Yanling_Rd_and_Huaide_Rd_Crossing.jpg,cc by-sa 4.0,Fumikas Sagisavas,4000,3000,rejected,off-topic
east_asia_0320.jpg,east_asia,Streets in Changzhou,File:Yiguoxiang hot pot restaurant next to Feilong Rd.jpg,https://commons.wikimedia.org/wiki/File:Yiguoxiang_hot_pot_restaurant_next_to_Feilong_Rd.jpg,cc by-sa 4.0,Fumikas Sagisavas,4000,3000,rejected,off-topic
east_asia_0321.jpg,east_asia,Streets in Changzhou,File:Yongning Rd and Feilong Rd Crossing01.jpg,https://commons.wikimedia.org/wiki/File:Yongning_Rd_and_Feilong_Rd_Crossing01.jpg,cc by-sa 4.0,Fumikas Sagisavas,4000,3000,rejected,off-topic
east_asia_0322.jpg,east_asia,Streets in Changzhou,File:Yongning Rd and Feilong Rd Crossing02.jpg,https://commons.wikimedia.org/wiki/File:Yongning_Rd_and_Feilong_Rd_Crossing02.jpg,cc by-sa 4.0,Fumikas Sagisavas,4000,3000,rejected,off-topic
east_asia_0323.jpg,east_asia,Streets in Changzhou,File:Zhulin Rd and Guanhe Rd Crossing.jpg,https://commons.wikimedia.org/wiki/File:Zhulin_Rd_and_Guanhe_Rd_Crossing.jpg,cc by-sa 4.0,Fumikas Sagisavas,4000,3000,rejected,other
east_asia_0324.jpg,east_asia,Streets in Changzhou,File:Zhulin Rd CZ in night.jpg,https://commons.wikimedia.org/wiki/File:Zhulin_Rd_CZ_in_night.jpg,cc by-sa 4.0,Fumikas Sagisavas,4000,3000,kept,
east_asia_0325.jpg,east_asia,Streets in Changzhou,File:Zhulin Rd CZ in night01.jpg,https://commons.wikimedia.org/wiki/File:Zhulin_Rd_CZ_in_night01.jpg,cc by-sa 4.0,Fumikas Sagisavas,4000,3000,rejected,other
east_asia_0326.jpg,east_asia,Streets in Chengdu,File:2011 成都 城市花园 - panoramio.jpg,https://commons.wikimedia.org/wiki/File:2011_%E6%88%90%E9%83%BD_%E5%9F%8E%E5%B8%82%E8%8A%B1%E5%9B%AD_-_panoramio.jpg,cc by-sa 3.0,张元柏,2592,1936,rejected,other
east_asia_0327.jpg,east_asia,Streets in Chengdu,File:Alpha with Lamb Skewers - Chengdu (1649043534).jpg,https://commons.wikimedia.org/wiki/File:Alpha_with_Lamb_Skewers_-_Chengdu_(1649043534).jpg,cc by-sa 2.0,"Alpha from Melbourne, Australia",2048,1536,kept,
east_asia_0328.jpg,east_asia,Streets in Chengdu,File:Chengdu 2008 (9964485354).jpg,https://commons.wikimedia.org/wiki/File:Chengdu_2008_(9964485354).jpg,cc0,"Gary Todd from Xinzheng, China",3888,2592,kept,
east_asia_0329.jpg,east_asia,Streets in Chengdu,"File:Chengdu, China (29261763885).jpg","https://commons.wikimedia.org/wiki/File:Chengdu,_China_(29261763885).jpg",cc by 2.0,Sasha India,1600,1200,rejected,other
east_asia_0330.jpg,east_asia,Streets in Chengdu,File:Chengdu-calles-w01.jpg,https://commons.wikimedia.org/wiki/File:Chengdu-calles-w01.jpg,cc by-sa 2.1 es,,800,600,kept,
east_asia_0331.jpg,east_asia,Streets in Chengdu,"File:Duozi Alley - Chengdu, China - DSC05299.jpg","https://commons.wikimedia.org/wiki/File:Duozi_Alley_-_Chengdu,_China_-_DSC05299.jpg",cc0,Daderot,5068,3387,rejected,other
east_asia_0332.jpg,east_asia,Streets in Chengdu,File:Huanglongxi pic 1.jpg,https://commons.wikimedia.org/wiki/File:Huanglongxi_pic_1.jpg,cc by 2.0,Prince Roy,800,600,rejected,other
east_asia_0333.jpg,east_asia,Streets in Chengdu,File:Lane of Huanglongxi.jpg,https://commons.wikimedia.org/wiki/File:Lane_of_Huanglongxi.jpg,cc by-sa 3.0,BenBen/本本一世,800,600,kept,
east_asia_0334.jpg,east_asia,Streets in Chengdu,"File:Renhou Street - Chengdu, China - DSC05302.jpg","https://commons.wikimedia.org/wiki/File:Renhou_Street_-_Chengdu,_China_-_DSC05302.jpg",cc0,Daderot,5242,3224,rejected,other
east_asia_0335.jpg,east_asia,Streets in Chengdu,"File:Shangye Street - Chengdu, China - DSC05295.jpg","https://commons.wikimedia.org/wiki/File:Shangye_Street_-_Chengdu,_China_-_DSC05295.jpg",cc0,Daderot,5472,3648,rejected,other
east_asia_0336.jpg,east_asia,Streets in Chengdu,File:Wangping Street.jpg,https://commons.wikimedia.org/wiki/File:Wangping_Street.jpg,cc by-sa 4.0,TFUshkjasjk,1920,1440,kept,
east_asia_0337.jpg,east_asia,Streets in Chengdu,File:Wenshu Temple Old Town (1483806262).jpg,https://commons.wikimedia.org/wiki/File:Wenshu_Temple_Old_Town_(1483806262).jpg,cc by-sa 2.0,"Alpha from Melbourne, Australia",1536,2048,kept,
east_asia_0338.jpg,east_asia,Streets in Chengdu,File:Ĉengduo 2019-03-15 04.jpg,https://commons.wikimedia.org/wiki/File:%C4%88engduo_2019-03-15_04.jpg,cc by-sa 4.0,RG72,2592,4608,kept,
east_asia_0339.jpg,east_asia,Streets in Chengdu,File:Ĉengduo 2019-03-15 05.jpg,https://commons.wikimedia.org/wiki/File:%C4%88engduo_2019-03-15_05.jpg,cc by-sa 4.0,RG72,4608,2592,rejected,other
east_asia_0340.jpg,east_asia,Streets in Chengdu,File:Ĉengduo 2019-03-15 06.jpg,https://commons.wikimedia.org/wiki/File:%C4%88engduo_2019-03-15_06.jpg,cc by-sa 4.0,RG72,4608,2592,rejected,other
east_asia_0341.jpg,east_asia,Streets in Chengdu,File:Ĉengduo 2019-03-15 07.jpg,https://commons.wikimedia.org/wiki/File:%C4%88engduo_2019-03-15_07.jpg,cc by-sa 4.0,RG72,4608,2592,rejected,other
east_asia_0342.jpg,east_asia,Streets in Chengdu,File:Ĉengduo 2019-03-15 08.jpg,https://commons.wikimedia.org/wiki/File:%C4%88engduo_2019-03-15_08.jpg,cc by-sa 4.0,RG72,4608,2592,rejected,other
east_asia_0343.jpg,east_asia,Streets in Chengdu,File:Ĉengduo 2019-03-15 09.jpg,https://commons.wikimedia.org/wiki/File:%C4%88engduo_2019-03-15_09.jpg,cc by-sa 4.0,RG72,4608,2592,rejected,other
east_asia_0344.jpg,east_asia,Streets in Chengdu,File:Ĉengduo 2019-03-17 11.jpg,https://commons.wikimedia.org/wiki/File:%C4%88engduo_2019-03-17_11.jpg,cc by-sa 4.0,RG72,4608,2592,rejected,other
east_asia_0345.jpg,east_asia,Streets in Chengdu,File:Ĉengduo 2019-03-17 12.jpg,https://commons.wikimedia.org/wiki/File:%C4%88engduo_2019-03-17_12.jpg,cc by-sa 4.0,RG72,4608,2592,rejected,other
east_asia_0346.jpg,east_asia,Streets in Chengdu,File:Ĉengduo 2019-03-17 13.jpg,https://commons.wikimedia.org/wiki/File:%C4%88engduo_2019-03-17_13.jpg,cc by-sa 4.0,RG72,4608,2592,rejected,other
east_asia_0347.jpg,east_asia,Streets in Chengdu,File:Ĉengduo 2019-03-17 14.jpg,https://commons.wikimedia.org/wiki/File:%C4%88engduo_2019-03-17_14.jpg,cc by-sa 4.0,RG72,4474,2518,rejected,other
east_asia_0348.jpg,east_asia,Streets in Chengdu,File:Ĉengduo 2019-03-17 15.jpg,https://commons.wikimedia.org/wiki/File:%C4%88engduo_2019-03-17_15.jpg,cc by-sa 4.0,RG72,4608,2592,rejected,other
east_asia_0349.jpg,east_asia,Streets in Chengdu,File:Ĉengduo 2019-03-17 16.jpg,https://commons.wikimedia.org/wiki/File:%C4%88engduo_2019-03-17_16.jpg,cc by-sa 4.0,RG72,4608,2592,rejected,other
east_asia_0350.jpg,east_asia,Streets in Chengdu,File:Ĉengduo 2019-03-17 17.jpg,https://commons.wikimedia.org/wiki/File:%C4%88engduo_2019-03-17_17.jpg,cc by-sa 4.0,RG72,4608,2592,rejected,other
east_asia_0351.jpg,east_asia,Streets in Chengdu,File:Ĉengduo 2019-03-17 18.jpg,https://commons.wikimedia.org/wiki/File:%C4%88engduo_2019-03-17_18.jpg,cc by-sa 4.0,RG72,4608,2592,kept,
east_asia_0352.jpg,east_asia,Streets in Chengdu,File:Ĉengduo 2019-03-17 19.jpg,https://commons.wikimedia.org/wiki/File:%C4%88engduo_2019-03-17_19.jpg,cc by-sa 4.0,RG72,4608,2592,rejected,other
east_asia_0353.jpg,east_asia,Streets in Chengdu,File:Ĉengduo 2019-03-17 20.jpg,https://commons.wikimedia.org/wiki/File:%C4%88engduo_2019-03-17_20.jpg,cc by-sa 4.0,RG72,4220,2374,kept,
east_asia_0354.jpg,east_asia,Streets in Chengdu,File:东成根街 - panoramio.jpg,https://commons.wikimedia.org/wiki/File:%E4%B8%9C%E6%88%90%E6%A0%B9%E8%A1%97_-_panoramio.jpg,cc by 3.0,liuzusai刘祖赛,4288,2848,rejected,other
east_asia_0355.jpg,east_asia,Streets in Chengdu,File:丹景山二号隧道 - panoramio.jpg,https://commons.wikimedia.org/wiki/File:%E4%B8%B9%E6%99%AF%E5%B1%B1%E4%BA%8C%E5%8F%B7%E9%9A%A7%E9%81%93_-_panoramio.jpg,cc by 3.0,cyclistpzx,3264,2448,kept,
east_asia_0356.jpg,east_asia,Streets in Chengdu,File:丹景山－前面就是 - panoramio.jpg,https://commons.wikimedia.org/wiki/File:%E4%B8%B9%E6%99%AF%E5%B1%B1%EF%BC%8D%E5%89%8D%E9%9D%A2%E5%B0%B1%E6%98%AF_-_panoramio.jpg,cc by 3.0,wuzhongj,2048,1536,rejected,duplicate
east_asia_0357.jpg,east_asia,Streets in Chengdu,File:丹景山－金华寺前 - panoramio.jpg,https://commons.wikimedia.org/wiki/File:%E4%B8%B9%E6%99%AF%E5%B1%B1%EF%BC%8D%E9%87%91%E5%8D%8E%E5%AF%BA%E5%89%8D_-_panoramio.jpg,cc by 3.0,wuzhongj,2048,1536,rejected,other
east_asia_0358.jpg,east_asia,Streets in Chengdu,File:二号桥初冬清晨日出 - panoramio.jpg,https://commons.wikimedia.org/wiki/File:%E4%BA%8C%E5%8F%B7%E6%A1%A5%E5%88%9D%E5%86%AC%E6%B8%85%E6%99%A8%E6%97%A5%E5%87%BA_-_panoramio.jpg,cc by-sa 3.0,剑林,3264,2448,rejected,other
east_asia_0359.jpg,east_asia,Streets in Chengdu,File:云顶山旅游路(2013) - panoramio (1).jpg,https://commons.wikimedia.org/wiki/File:%E4%BA%91%E9%A1%B6%E5%B1%B1%E6%97%85%E6%B8%B8%E8%B7%AF(2013)_-_panoramio_(1).jpg,cc by 3.0,cyclistpzx,3264,2448,rejected,duplicate
east_asia_0360.jpg,east_asia,Streets in Chengdu,File:云顶山旅游路(2013) - panoramio (2).jpg,https://commons.wikimedia.org/wiki/File:%E4%BA%91%E9%A1%B6%E5%B1%B1%E6%97%85%E6%B8%B8%E8%B7%AF(2013)_-_panoramio_(2).jpg,cc by 3.0,cyclistpzx,2448,3264,kept,
east_asia_0361.jpg,east_asia,Streets in Chengdu,File:云顶山旅游路(2013) - panoramio.jpg,https://commons.wikimedia.org/wiki/File:%E4%BA%91%E9%A1%B6%E5%B1%B1%E6%97%85%E6%B8%B8%E8%B7%AF(2013)_-_panoramio.jpg,cc by 3.0,cyclistpzx,3264,2448,rejected,other
east_asia_0362.jpg,east_asia,Streets in Chengdu,File:亭台街 - panoramio.jpg,https://commons.wikimedia.org/wiki/File:%E4%BA%AD%E5%8F%B0%E8%A1%97_-_panoramio.jpg,cc by-sa 3.0,JtWang,2685,2073,rejected,other
east_asia_0363.jpg,east_asia,Streets in Chengdu,File:从窗口望出去 - panoramio.jpg,https://commons.wikimedia.org/wiki/File:%E4%BB%8E%E7%AA%97%E5%8F%A3%E6%9C%9B%E5%87%BA%E5%8E%BB_-_panoramio.jpg,cc by-sa 3.0,Freeman Joe,3072,2304,rejected,other
east_asia_0364.jpg,east_asia,Streets in Chengdu,File:俯视蜀源路 - panoramio.jpg,https://commons.wikimedia.org/wiki/File:%E4%BF%AF%E8%A7%86%E8%9C%80%E6%BA%90%E8%B7%AF_-_panoramio.jpg,cc by-sa 3.0,Dark Shaw,1920,1079,rejected,other
east_asia_0365.jpg,east_asia,Streets in Chengdu,File:北园大道 - panoramio.jpg,https://commons.wikimedia.org/wiki/File:%E5%8C%97%E5%9B%AD%E5%A4%A7%E9%81%93_-_panoramio.jpg,cc by-sa 3.0,jason_she,2112,2816,rejected,other
east_asia_0366.jpg,east_asia,Streets in Chengdu,File:华西口腔 2014-02-26 - panoramio.jpg,https://commons.wikimedia.org/wiki/File:%E5%8D%8E%E8%A5%BF%E5%8F%A3%E8%85%94_2014-02-26_-_panoramio.jpg,cc by 3.0,liuzusai刘祖赛,4288,2848,rejected,other
east_asia_0367.jpg,east_asia,Streets in Chengdu,File:华西老行政楼 - panoramio.jpg,https://commons.wikimedia.org/wiki/File:%E5%8D%8E%E8%A5%BF%E8%80%81%E8%A1%8C%E6%94%BF%E6%A5%BC_-_panoramio.jpg,cc by 3.0,aescula,1225,2048,rejected,other
east_asia_0368.jpg,east_asia,Streets in Chengdu,File:南桥内，望东方的另一个“南桥”(2014-1-20) - panoramio.jpg,https://commons.wikimedia.org/wiki/File:%E5%8D%97%E6%A1%A5%E5%86%85%EF%BC%8C%E6%9C%9B%E4%B8%9C%E6%96%B9%E7%9A%84%E5%8F%A6%E4%B8%80%E4%B8%AA%E2%80%9C%E5%8D%97%E6%A1%A5%E2%80%9D(2014-1-20)_-_panoramio.jpg,cc by 3.0,cyclistpzx,4912,3264,kept,
east_asia_0369.jpg,east_asia,Streets in Chengdu,File:卡子垭口(2014-1-20) - panoramio (1).jpg,https://commons.wikimedia.org/wiki/File:%E5%8D%A1%E5%AD%90%E5%9E%AD%E5%8F%A3(2014-1-20)_-_panoramio_(1).jpg,cc by 3.0,cyclistpzx,4912,3264,rejected,other
east_asia_0370.jpg,east_asia,Streets in Chengdu,File:卡子垭口(2014-1-20） - panoramio (1).jpg,https://commons.wikimedia.org/wiki/File:%E5%8D%A1%E5%AD%90%E5%9E%AD%E5%8F%A3(2014-1-20%EF%BC%89_-_panoramio_(1).jpg,cc by 3.0,cyclistpzx,8192,1856,rejected,other
east_asia_0371.jpg,east_asia,Streets in Chengdu,File:卡子垭口(2014-1-20） - panoramio.jpg,https://commons.wikimedia.org/wiki/File:%E5%8D%A1%E5%AD%90%E5%9E%AD%E5%8F%A3(2014-1-20%EF%BC%89_-_panoramio.jpg,cc by 3.0,cyclistpzx,8192,1856,rejected,other
east_asia_0372.jpg,east_asia,Streets in Chengdu,File:卡子垭口前方的五个弯(2014-1-20) - panoramio.jpg,https://commons.wikimedia.org/wiki/File:%E5%8D%A1%E5%AD%90%E5%9E%AD%E5%8F%A3%E5%89%8D%E6%96%B9%E7%9A%84%E4%BA%94%E4%B8%AA%E5%BC%AF(2014-1-20)_-_panoramio.jpg,cc by 3.0,cyclistpzx,8192,1856,rejected,other
east_asia_0373.jpg,east_asia,Streets in Chengdu,File:去往白鹿的路上 - panoramio.jpg,https://commons.wikimedia.org/wiki/File:%E5%8E%BB%E5%BE%80%E7%99%BD%E9%B9%BF%E7%9A%84%E8%B7%AF%E4%B8%8A_-_panoramio.jpg,cc by 3.0,cyclistpzx,3264,2448,kept,
east_asia_0374.jpg,east_asia,Streets in Chengdu,File:啤酒一条街(2014-1-20) - panoramio (1).jpg,https://commons.wikimedia.org/wiki/File:%E5%95%A4%E9%85%92%E4%B8%80%E6%9D%A1%E8%A1%97(2014-1-20)_-_panoramio_(1).jpg,cc by 3.0,cyclistpzx,4912,3264,kept,
east_asia_0375.jpg,east_asia,Streets in Chengdu,File:啤酒一条街(2014-1-20) - panoramio.jpg,https://commons.wikimedia.org/wiki/File:%E5%95%A4%E9%85%92%E4%B8%80%E6%9D%A1%E8%A1%97(2014-1-20)_-_panoramio.jpg,cc by 3.0,cyclistpzx,4912,3264,kept,
east_asia_0376.jpg,east_asia,Streets in Chengdu,File:啤酒一条街夜色(2014-1-20) - panoramio (1).jpg,https://commons.wikimedia.org/wiki/File:%E5%95%A4%E9%85%92%E4%B8%80%E6%9D%A1%E8%A1%97%E5%A4%9C%E8%89%B2(2014-1-20)_-_panoramio_(1).jpg,cc by 3.0,cyclistpzx,4912,3264,kept,
east_asia_0377.jpg,east_asia,Streets in Chengdu,File:啤酒一条街夜色(2014-1-20) - panoramio.jpg,https://commons.wikimedia.org/wiki/File:%E5%95%A4%E9%85%92%E4%B8%80%E6%9D%A1%E8%A1%97%E5%A4%9C%E8%89%B2(2014-1-20)_-_panoramio.jpg,cc by 3.0,cyclistpzx,4912,3264,kept,
east_asia_0378.jpg,east_asia,Streets in Chengdu,File:天府下穿 2014-02-26 - panoramio.jpg,https://commons.wikimedia.org/wiki/File:%E5%A4%A9%E5%BA%9C%E4%B8%8B%E7%A9%BF_2014-02-26_-_panoramio.jpg,cc by 3.0,liuzusai刘祖赛,4288,2848,rejected,other
east_asia_0379.jpg,east_asia,Streets in Chengdu,File:威斯顿大楼 2014-02-26 - panoramio.jpg,https://commons.wikimedia.org/wiki/File:%E5%A8%81%E6%96%AF%E9%A1%BF%E5%A4%A7%E6%A5%BC_2014-02-26_-_panoramio.jpg,cc by 3.0,liuzusai刘祖赛,4288,2848,rejected,other
east_asia_0380.jpg,east_asia,Streets in Chengdu,File:实外 - panoramio.jpg,https://commons.wikimedia.org/wiki/File:%E5%AE%9E%E5%A4%96_-_panoramio.jpg,cc by 3.0,liuzusai刘祖赛,4288,2848,rejected,other
east_asia_0381.jpg,east_asia,Streets in Chengdu,File:客家人05 - panoramio.jpg,https://commons.wikimedia.org/wiki/File:%E5%AE%A2%E5%AE%B6%E4%BA%BA05_-_panoramio.jpg,cc by-sa 3.0,苦竹,3072,2304,kept,
east_asia_0382.jpg,east_asia,Streets in Chengdu,File:导学楼 2014-02-26 - panoramio.jpg,https://commons.wikimedia.org/wiki/File:%E5%AF%BC%E5%AD%A6%E6%A5%BC_2014-02-26_-_panoramio.jpg,cc by 3.0,liuzusai刘祖赛,4288,2848,rejected,other
east_asia_0383.jpg,east_asia,Streets in Chengdu,File:成外 - panoramio (1).jpg,https://commons.wikimedia.org/wiki/File:%E6%88%90%E5%A4%96_-_panoramio_(1).jpg,cc by 3.0,liuzusai刘祖赛,4288,2848,rejected,other
east_asia_0384.jpg,east_asia,Streets in Chengdu,File:成外 - panoramio (2).jpg,https://commons.wikimedia.org/wiki/File:%E6%88%90%E5%A4%96_-_panoramio_(2).jpg,cc by 3.0,liuzusai刘祖赛,4288,2848,rejected,other
east_asia_0385.jpg,east_asia,Streets in Chengdu,File:成徳巴高速 - panoramio (1).jpg,https://commons.wikimedia.org/wiki/File:%E6%88%90%E5%BE%B3%E5%B7%B4%E9%AB%98%E9%80%9F_-_panoramio_(1).jpg,cc by 3.0,cyclistpzx,3264,2448,rejected,other
east_asia_0386.jpg,east_asia,Streets in Chengdu,File:成徳巴高速 - panoramio (2).jpg,https://commons.wikimedia.org/wiki/File:%E6%88%90%E5%BE%B3%E5%B7%B4%E9%AB%98%E9%80%9F_-_panoramio_(2).jpg,cc by 3.0,cyclistpzx,3264,2448,rejected,other
east_asia_0387.jpg,east_asia,Streets in Chengdu,File:成徳巴高速 - panoramio.jpg,https://commons.wikimedia.org/wiki/File:%E6%88%90%E5%BE%B3%E5%B7%B4%E9%AB%98%E9%80%9F_-_panoramio.jpg,cc by 3.0,cyclistpzx,3264,2448,rejected,other
east_asia_0388.jpg,east_asia,Streets in Chengdu,File:成简快速 - panoramio (1).jpg,https://commons.wikimedia.org/wiki/File:%E6%88%90%E7%AE%80%E5%BF%AB%E9%80%9F_-_panoramio_(1).jpg,cc by 3.0,liuzusai刘祖赛,4288,2848,rejected,other
east_asia_0389.jpg,east_asia,Streets in Chengdu,File:成简快速 - panoramio (2).jpg,https://commons.wikimedia.org/wiki/File:%E6%88%90%E7%AE%80%E5%BF%AB%E9%80%9F_-_panoramio_(2).jpg,cc by 3.0,liuzusai刘祖赛,4288,2848,rejected,other
east_asia_0390.jpg,east_asia,Streets in Chengdu,File:成简快速 - panoramio (3).jpg,https://commons.wikimedia.org/wiki/File:%E6%88%90%E7%AE%80%E5%BF%AB%E9%80%9F_-_panoramio_(3).jpg,cc by 3.0,liuzusai刘祖赛,4288,2848,rejected,other
east_asia_0391.jpg,east_asia,Streets in Chengdu,File:成简快速 - panoramio.jpg,https://commons.wikimedia.org/wiki/File:%E6%88%90%E7%AE%80%E5%BF%AB%E9%80%9F_-_panoramio.jpg,cc by 3.0,liuzusai刘祖赛,4288,2848,rejected,other
east_asia_0392.jpg,east_asia,Streets in Chengdu,File:成都锦里西路上街景 - panoramio.jpg,https://commons.wikimedia.org/wiki/File:%E6%88%90%E9%83%BD%E9%94%A6%E9%87%8C%E8%A5%BF%E8%B7%AF%E4%B8%8A%E8%A1%97%E6%99%AF_-_panoramio.jpg,cc by 3.0,江上清风1961,1280,960,kept,
east_asia_0393.jpg,east_asia,Streets in Chengdu,File:曹家巷 - panoramio.jpg,https://commons.wikimedia.org/wiki/File:%E6%9B%B9%E5%AE%B6%E5%B7%B7_-_panoramio.jpg,cc by 3.0,liuzusai刘祖赛,4288,2848,rejected,other
east_asia_0394.jpg,east_asia,Streets in Chengdu,File:桓侯巷成都.jpg,https://commons.wikimedia.org/wiki/File:%E6%A1%93%E4%BE%AF%E5%B7%B7%E6%88%90%E9%83%BD.jpg,cc0,Remixia,4032,3024,rejected,other
east_asia_0395.jpg,east_asia,Streets in Chengdu,File:武候大道口 - panoramio.jpg,https://commons.wikimedia.org/wiki/File:%E6%AD%A6%E5%80%99%E5%A4%A7%E9%81%93%E5%8F%A3_-_panoramio.jpg,cc by-sa 3.0,壹念之間,1824,1028,rejected,other
east_asia_0396.jpg,east_asia,Streets in Chengdu,File:白八路（2014-1-20） - panoramio.jpg,https://commons.wikimedia.org/wiki/File:%E7%99%BD%E5%85%AB%E8%B7%AF%EF%BC%882014-1-20%EF%BC%89_-_panoramio.jpg,cc by 3.0,cyclistpzx,4912,3264,rejected,other
east_asia_0397.jpg,east_asia,Streets in Chengdu,File:老摩托车 - panoramio.jpg,https://commons.wikimedia.org/wiki/File:%E8%80%81%E6%91%A9%E6%89%98%E8%BD%A6_-_panoramio.jpg,cc by-sa 3.0,苦竹,3072,2304,kept,
east_asia_0398.jpg,east_asia,Streets in Chengdu,File:蒲虹路(2014-1-20) - panoramio (1).jpg,https://commons.wikimedia.org/wiki/File:%E8%92%B2%E8%99%B9%E8%B7%AF(2014-1-20)_-_panoramio_(1).jpg,cc by 3.0,cyclistpzx,4912,3264,kept,
east_asia_0399.jpg,east_asia,Streets in Chengdu,File:蒲虹路(2014-1-20) - panoramio.jpg,https://commons.wikimedia.org/wiki/File:%E8%92%B2%E8%99%B9%E8%B7%AF(2014-1-20)_-_panoramio.jpg,cc by 3.0,cyclistpzx,4912,3264,rejected,other
east_asia_0400.jpg,east_asia,Streets in Chengdu,File:蒲虹路虹口方向(2014-1-20) - panoramio.jpg,https://commons.wikimedia.org/wiki/File:%E8%92%B2%E8%99%B9%E8%B7%AF%E8%99%B9%E5%8F%A3%E6%96%B9%E5%90%91(2014-1-20)_-_panoramio.jpg,cc by 3.0,cyclistpzx,7714,1760,rejected,other
east_asia_0401.jpg,east_asia,Streets in Chengdu,File:蒲虹路路碑简介(2014-1-20) - panoramio.jpg,https://commons.wikimedia.org/wiki/File:%E8%92%B2%E8%99%B9%E8%B7%AF%E8%B7%AF%E7%A2%91%E7%AE%80%E4%BB%8B(2014-1-20)_-_panoramio.jpg,cc by 3.0,cyclistpzx,4912,3264,rejected,other
east_asia_0402.jpg,east_asia,Streets in Chengdu,File:虹口旅游——白八路(2014-1-20) - panoramio.jpg,https://commons.wikimedia.org/wiki/File:%E8%99%B9%E5%8F%A3%E6%97%85%E6%B8%B8%E2%80%94%E2%80%94%E7%99%BD%E5%85%AB%E8%B7%AF(2014-1-20)_-_panoramio.jpg,cc by 3.0,cyclistpzx,4912,3264,rejected,other
east_asia_0403.jpg,east_asia,Streets in Chengdu,File:财富又一城 2014-02-26 - panoramio.jpg,https://commons.wikimedia.org/wiki/File:%E8%B4%A2%E5%AF%8C%E5%8F%88%E4%B8%80%E5%9F%8E_2014-02-26_-_panoramio.jpg,cc by 3.0,liuzusai刘祖赛,4288,2848,rejected,other
east_asia_0404.jpg,east_asia,Streets in Chengdu,File:青年路 Qingnian Road - panoramio.jpg,https://commons.wikimedia.org/wiki/File:%E9%9D%92%E5%B9%B4%E8%B7%AF_Qingnian_Road_-_panoramio.jpg,cc by-sa 3.0,zhuxujin,1600,1200,rejected,other
east_asia_0405.jpg,east_asia,Streets in Chengdu,File:香城绿荫 - panoramio.jpg,https://commons.wikimedia.org/wiki/File:%E9%A6%99%E5%9F%8E%E7%BB%BF%E8%8D%AB_-_panoramio.jpg,cc by-sa 3.0,张志强（西海山人）,3783,2690,kept,
east_asia_0406.jpg,east_asia,Streets in Chengdu,File:骡马市子云巷.jpg,https://commons.wikimedia.org/wiki/File:%E9%AA%A1%E9%A9%AC%E5%B8%82%E5%AD%90%E4%BA%91%E5%B7%B7.jpg,cc by 4.0,MspreilsCN,3072,4096,kept,
east_asia_0407.jpg,east_asia,Streets in Chongqing,File:2008龙湖街 - panoramio.jpg,https://commons.wikimedia.org/wiki/File:2008%E9%BE%99%E6%B9%96%E8%A1%97_-_panoramio.jpg,cc by-sa 3.0,ZH.T,2560,1920,kept,
east_asia_0408.jpg,east_asia,Streets in Chongqing,"File:Campbell in Hexinchang St., Yanjing Sub-district, Hechuan District, Chongqing City, China.jpg","https://commons.wikimedia.org/wiki/File:Campbell_in_Hexinchang_St.,_Yanjing_Sub-district,_Hechuan_District,_Chongqing_City,_China.jpg",cc by-sa 4.0,Daredemodaisuki 114514,2976,3968,rejected,other
east_asia_0409.jpg,east_asia,Streets in Chongqing,File:Chongqing bomb.jpg,https://commons.wikimedia.org/wiki/File:Chongqing_bomb.jpg,public domain,Historical record of Chongqing bombing 1941,1741,1154,rejected,other
east_asia_0410.jpg,east_asia,Streets in Chongqing,"File:Chongqing, February 18, 2024 (9).jpg","https://commons.wikimedia.org/wiki/File:Chongqing,_February_18,_2024_(9).jpg",cc by-sa 4.0,メイド理世,4080,2292,rejected,other
east_asia_0411.jpg,east_asia,Streets in Chongqing,"File:Chongqing, February 18, 2024.jpg","https://commons.wikimedia.org/wiki/File:Chongqing,_February_18,_2024.jpg",cc by-sa 4.0,メイド理世,4080,2292,rejected,other
east_asia_0412.jpg,east_asia,Streets in Chongqing,"File:Chongqing, January 22, 2024 (5).jpg","https://commons.wikimedia.org/wiki/File:Chongqing,_January_22,_2024_(5).jpg",cc by-sa 4.0,メイド理世,2292,4080,rejected,other
east_asia_0413.png,east_asia,Streets in Chongqing,"File:Methodist Episcopal Church, Chungking.png","https://commons.wikimedia.org/wiki/File:Methodist_Episcopal_Church,_Chungking.png",public domain,Board of Home Missions of the Methodist Episcopal Church,1286,1856,kept,
east_asia_0414.jpg,east_asia,Streets in Chongqing,"File:The pedestrian mall in Nanping District,Chongqing.JPG","https://commons.wikimedia.org/wiki/File:The_pedestrian_mall_in_Nanping_District,Chongqing.JPG",cc by-sa 3.0,Harveychl,3648,2736,kept,
east_asia_0415.jpg,east_asia,Streets in Chongqing,File:Typical retail street in Dianjiang.JPG,https://commons.wikimedia.org/wiki/File:Typical_retail_street_in_Dianjiang.JPG,cc by-sa 3.0,Bobquinn0801 (talk)Bob Quinn,1536,2048,kept,
east_asia_0416.jpg,east_asia,Streets in Chongqing,"File:Yongchuan, Chongqing, China - panoramio.jpg","https://commons.wikimedia.org/wiki/File:Yongchuan,_Chongqing,_China_-_panoramio.jpg",cc by-sa 3.0,JtWang,2048,1536,kept,
east_asia_0417.jpg,east_asia,Streets in Chongqing,File:万州江南 - panoramio.jpg,https://commons.wikimedia.org/wiki/File:%E4%B8%87%E5%B7%9E%E6%B1%9F%E5%8D%97_-_panoramio.jpg,cc by 3.0,图片上传者：吴显胜（China）,1100,825,rejected,other
east_asia_0418.jpg,east_asia,Streets in Chongqing,File:云湖天都 - panoramio.jpg,https://commons.wikimedia.org/wiki/File:%E4%BA%91%E6%B9%96%E5%A4%A9%E9%83%BD_-_panoramio.jpg,cc by-sa 3.0,大漠孤鹏,2560,1440,rejected,other
east_asia_0419.jpg,east_asia,Streets in Chongqing,File:仰宾门AngBin door - panoramio.jpg,https://commons.wikimedia.org/wiki/File:%E4%BB%B0%E5%AE%BE%E9%97%A8AngBin_door_-_panoramio.jpg,cc by 3.0,图片上传者：吴显胜（China）,1920,1080,rejected,other
east_asia_0420.jpg,east_asia,Streets in Chongqing,File:兴隆镇2012 - panoramio (2).jpg,https://commons.wikimedia.org/wiki/File:%E5%85%B4%E9%9A%86%E9%95%872012_-_panoramio_(2).jpg,cc by 3.0,图片上传者：吴显胜（China）,1280,960,rejected,other
east_asia_0421.jpg,east_asia,Streets in Chongqing,File:兴隆镇2012 - panoramio (3).jpg,https://commons.wikimedia.org/wiki/File:%E5%85%B4%E9%9A%86%E9%95%872012_-_panoramio_(3).jpg,cc by 3.0,图片上传者：吴显胜（China）,1280,960,rejected,other
east_asia_0422.jpg,east_asia,Streets in Chongqing,File:兴隆镇2012初雪 - panoramio (1).jpg,https://commons.wikimedia.org/wiki/File:%E5%85%B4%E9%9A%86%E9%95%872012%E5%88%9D%E9%9B%AA_-_panoramio_(1).jpg,cc by 3.0,图片上传者：吴显胜（China）,1280,960,kept,
east_asia_0423.jpg,east_asia,Streets in Chongqing,File:兴隆镇2012初雪 - panoramio.jpg,https://commons.wikimedia.org/wiki/File:%E5%85%B4%E9%9A%86%E9%95%872012%E5%88%9D%E9%9B%AA_-_panoramio.jpg,cc by 3.0,图片上传者：吴显胜（China）,1280,960,rejected,other
east_asia_0424.jpg,east_asia,Streets in Chongqing,File:北山滨江路2 - panoramio.jpg,https://commons.wikimedia.org/wiki/File:%E5%8C%97%E5%B1%B1%E6%BB%A8%E6%B1%9F%E8%B7%AF2_-_panoramio.jpg,cc by 3.0,图片上传者：吴显胜（China）,1024,769,rejected,other
east_asia_0425.jpg,east_asia,Streets in Chongqing,File:北岸新洲中庭 - panoramio.jpg,https://commons.wikimedia.org/wiki/File:%E5%8C%97%E5%B2%B8%E6%96%B0%E6%B4%B2%E4%B8%AD%E5%BA%AD_-_panoramio.jpg,cc by-sa 3.0,jogginglife,4000,2248,rejected,other
east_asia_0426.jpg,east_asia,Streets in Chongqing,File:北滨路 - panoramio (1).jpg,https://commons.wikimedia.org/wiki/File:%E5%8C%97%E6%BB%A8%E8%B7%AF_-_panoramio_(1).jpg,cc by 3.0,山城崽儿,992,662,kept,
east_asia_0427.jpg,east_asia,Streets in Chongqing,File:千野草场 - panoramio (1).jpg,https://commons.wikimedia.org/wiki/File:%E5%8D%83%E9%87%8E%E8%8D%89%E5%9C%BA_-_panoramio_(1).jpg,cc by 3.0,guan,3072,4608,kept,
east_asia_0428.jpg,east_asia,Streets in Chongqing,File:南山古道的秋景 - panoramio.jpg,https://commons.wikimedia.org/wiki/File:%E5%8D%97%E5%B1%B1%E5%8F%A4%E9%81%93%E7%9A%84%E7%A7%8B%E6%99%AF_-_panoramio.jpg,cc by-sa 3.0,Nyx Ning,3648,2736,rejected,other
east_asia_0429.jpg,east_asia,Streets in Chongqing,File:南滨路 - panoramio.jpg,https://commons.wikimedia.org/wiki/File:%E5%8D%97%E6%BB%A8%E8%B7%AF_-_panoramio.jpg,cc by 3.0,Ryo.CHO,800,651,rejected,other
east_asia_0430.jpg,east_asia,Streets in Chongqing,File:双福 小车驾考场区域 - panoramio.jpg,https://commons.wikimedia.org/wiki/File:%E5%8F%8C%E7%A6%8F_%E5%B0%8F%E8%BD%A6%E9%A9%BE%E8%80%83%E5%9C%BA%E5%8C%BA%E5%9F%9F_-_panoramio.jpg,cc by-sa 3.0,ZH.T,2560,1920,rejected,other
east_asia_0431.jpg,east_asia,Streets in Chongqing,File:双福 货车驾考场 - panoramio.jpg,https://commons.wikimedia.org/wiki/File:%E5%8F%8C%E7%A6%8F_%E8%B4%A7%E8%BD%A6%E9%A9%BE%E8%80%83%E5%9C%BA_-_panoramio.jpg,cc by-sa 3.0,ZH.T,2560,1920,rejected,other
east_asia_0432.jpg,east_asia,Streets in Chongqing,File:双龙街 - panoramio.jpg,https://commons.wikimedia.org/wiki/File:%E5%8F%8C%E9%BE%99%E8%A1%97_-_panoramio.jpg,cc by-sa 3.0,ZH.T,2560,1920,rejected,other
east_asia_0433.jpg,east_asia,Streets in Chongqing,File:嘉陵江 嘉悦大桥 - panoramio.jpg,https://commons.wikimedia.org/wiki/File:%E5%98%89%E9%99%B5%E6%B1%9F_%E5%98%89%E6%82%A6%E5%A4%A7%E6%A1%A5_-_panoramio.jpg,cc by-sa 3.0,ZH.T,2560,1920,kept,
east_asia_0434.jpg,east_asia,Streets in Chongqing,File:夜幕下的红旗河沟-世纪英皇大厦 - panoramio.jpg,https://commons.wikimedia.org/wiki/File:%E5%A4%9C%E5%B9%95%E4%B8%8B%E7%9A%84%E7%BA%A2%E6%97%97%E6%B2%B3%E6%B2%9F-%E4%B8%96%E7%BA%AA%E8%8B%B1%E7%9A%87%E5%A4%A7%E5%8E%A6_-_panoramio.jpg,cc by 3.0,山城崽儿,1000,670,kept,
east_asia_0435.jpg,east_asia,Streets in Chongqing,File:思源2.jpg,https://commons.wikimedia.org/wiki/File:%E6%80%9D%E6%BA%902.jpg,cc by-sa 4.0,重庆轨交18,4208,3120,rejected,other
east_asia_0436.jpg,east_asia,Streets in Chongqing,File:思源3.jpg,https://commons.wikimedia.org/wiki/File:%E6%80%9D%E6%BA%903.jpg,cc by-sa 4.0,重庆轨交18,4208,3120,rejected,other
east_asia_0437.jpg,east_asia,Streets in Chongqing,File:思源4.jpg,https://commons.wikimedia.org/wiki/File:%E6%80%9D%E6%BA%904.jpg,cc by-sa 4.0,重庆轨交18,4208,3120,rejected,other
east_asia_0438.jpg,east_asia,Streets in Chongqing,File:接圣街.jpg,https://commons.wikimedia.org/wiki/File:%E6%8E%A5%E5%9C%A3%E8%A1%97.jpg,cc by-sa 4.0,重庆轨交18,4160,3120,rejected,other
east_asia_0439.jpg,east_asia,Streets in Chongqing,File:新万州2012 - panoramio (1).jpg,https://commons.wikimedia.org/wiki/File:%E6%96%B0%E4%B8%87%E5%B7%9E2012_-_panoramio_(1).jpg,cc by 3.0,图片上传者：吴显胜（China）,1163,872,rejected,other
east_asia_0440.jpg,east_asia,Streets in Chongqing,File:永川朱坨 公路 - panoramio.jpg,https://commons.wikimedia.org/wiki/File:%E6%B0%B8%E5%B7%9D%E6%9C%B1%E5%9D%A8_%E5%85%AC%E8%B7%AF_-_panoramio.jpg,cc by-sa 3.0,JtWang,2626,1968,rejected,other
east_asia_0441.jpg,east_asia,Streets in Chongqing,File:永川竹海.景区大道 - panoramio.jpg,https://commons.wikimedia.org/wiki/File:%E6%B0%B8%E5%B7%9D%E7%AB%B9%E6%B5%B7.%E6%99%AF%E5%8C%BA%E5%A4%A7%E9%81%93_-_panoramio.jpg,cc by-sa 3.0,Nyx Ning,2848,2136,rejected,other
east_asia_0442.jpg,east_asia,Streets in Chongqing,File:江南 - panoramio (1).jpg,https://commons.wikimedia.org/wiki/File:%E6%B1%9F%E5%8D%97_-_panoramio_(1).jpg,cc by 3.0,图片上传者：吴显胜（China）,1024,769,rejected,other
east_asia_0443.jpg,east_asia,Streets in Chongqing,File:江南新区2012 - panoramio.jpg,https://commons.wikimedia.org/wiki/File:%E6%B1%9F%E5%8D%97%E6%96%B0%E5%8C%BA2012_-_panoramio.jpg,cc by 3.0,图片上传者：吴显胜（China）,1024,769,rejected,other
east_asia_0444.jpg,east_asia,Streets in Chongqing,File:洋河一路北口 - panoramio.jpg,https://commons.wikimedia.org/wiki/File:%E6%B4%8B%E6%B2%B3%E4%B8%80%E8%B7%AF%E5%8C%97%E5%8F%A3_-_panoramio.jpg,cc by 3.0,木棉,2048,1536,kept,
east_asia_0445.jpg,east_asia,Streets in Chongqing,File:渝中 瑞天路.jpg,https://commons.wikimedia.org/wiki/File:%E6%B8%9D%E4%B8%AD_%E7%91%9E%E5%A4%A9%E8%B7%AF.jpg,cc by-sa 4.0,Liuxingy,4208,3120,rejected,other
east_asia_0446.jpg,east_asia,Streets in Chongqing,File:渝北区-星光大道-指挥 - panoramio.jpg,https://commons.wikimedia.org/wiki/File:%E6%B8%9D%E5%8C%97%E5%8C%BA-%E6%98%9F%E5%85%89%E5%A4%A7%E9%81%93-%E6%8C%87%E6%8C%A5_-_panoramio.jpg,cc by-sa 3.0,Nyx Ning,3648,2736,rejected,other
east_asia_0447.jpg,east_asia,Streets in Chongqing,File:磁器口内 - panoramio.jpg,https://commons.wikimedia.org/wiki/File:%E7%A3%81%E5%99%A8%E5%8F%A3%E5%86%85_-_panoramio.jpg,cc by-sa 3.0,caoyadong,2251,900,kept,
east_asia_0448.jpg,east_asia,Streets in Chongqing,File:礼信街.jpg,https://commons.wikimedia.org/wiki/File:%E7%A4%BC%E4%BF%A1%E8%A1%97.jpg,cc by-sa 4.0,重庆轨交18,4160,3120,rejected,other
east_asia_0449.jpg,east_asia,Streets in Chongqing,File:茂华路.jpg,https://commons.wikimedia.org/wiki/File:%E8%8C%82%E5%8D%8E%E8%B7%AF.jpg,cc by 3.0,重庆轨交18,3072,4096,rejected,other
east_asia_0450.jpg,east_asia,Streets in Chongqing,File:街頭 - panoramio.jpg,https://commons.wikimedia.org/wiki/File:%E8%A1%97%E9%A0%AD_-_panoramio.jpg,cc by-sa 3.0,ping lin,1936,2592,rejected,other
east_asia_0451.jpg,east_asia,Streets in Chongqing,File:西园北街.jpg,https://commons.wikimedia.org/wiki/File:%E8%A5%BF%E5%9B%AD%E5%8C%97%E8%A1%97.jpg,cc by-sa 4.0,重庆轨交18,3120,4160,rejected,other
east_asia_0452.jpg,east_asia,Streets in Chongqing,File:跑马道 - panoramio.jpg,https://commons.wikimedia.org/wiki/File:%E8%B7%91%E9%A9%AC%E9%81%93_-_panoramio.jpg,cc by-sa 3.0,天王星,3648,2736,rejected,other
east_asia_0453.jpg,east_asia,Streets in Chongqing,File:重庆市巴南区（2024年10月10日）.jpg,https://commons.wikimedia.org/wiki/File:%E9%87%8D%E5%BA%86%E5%B8%82%E5%B7%B4%E5%8D%97%E5%8C%BA%EF%BC%882024%E5%B9%B410%E6%9C%8810%E6%97%A5%EF%BC%89.jpg,cc by-sa 4.0,メイド理世,4032,2268,rejected,other
east_asia_0454.jpg,east_asia,Streets in Chongqing,File:金港国际 - panoramio.jpg,https://commons.wikimedia.org/wiki/File:%E9%87%91%E6%B8%AF%E5%9B%BD%E9%99%85_-_panoramio.jpg,cc by-sa 3.0,ZH.T,2560,1920,rejected,other
east_asia_0455.jpg,east_asia,Streets in Chongqing,File:铁中第一帅杨帅的图.jpg,https://commons.wikimedia.org/wiki/File:%E9%93%81%E4%B8%AD%E7%AC%AC%E4%B8%80%E5%B8%85%E6%9D%A8%E5%B8%85%E7%9A%84%E5%9B%BE.jpg,cc by-sa 4.0,Yang lu,3120,4160,kept,
east_asia_0456.jpg,east_asia,Streets in Chongqing,File:长航江渝船厂 - CSC Jiangyu Shipyard - 2015.04 - panoramio.jpg,https://commons.wikimedia.org/wiki/File:%E9%95%BF%E8%88%AA%E6%B1%9F%E6%B8%9D%E8%88%B9%E5%8E%82_-_CSC_Jiangyu_Shipyard_-_2015.04_-_panoramio.jpg,cc by 3.0,rheins,4275,3206,rejected,other
east_asia_0457.jpg,east_asia,Streets in Dalian,File:2002年大连开发区 金马路 jin ma lu - panoramio.jpg,https://commons.wikimedia.org/wiki/File:2002%E5%B9%B4%E5%A4%A7%E8%BF%9E%E5%BC%80%E5%8F%91%E5%8C%BA_%E9%87%91%E9%A9%AC%E8%B7%AF_jin_ma_lu_-_panoramio.jpg,cc by-sa 3.0,wanghongliu,1280,960,rejected,other
east_asia_0458.jpg,east_asia,Streets in Dalian,File:2008 Anti-Carrefour Riots in Dalian1.jpg,https://commons.wikimedia.org/wiki/File:2008_Anti-Carrefour_Riots_in_Dalian1.jpg,public domain,User:Dalian star,2048,1536,kept,
east_asia_0459.jpg,east_asia,Streets in Dalian,File:Dalian Bank Tower and older shops 2005.jpg,https://commons.wikimedia.org/wiki/File:Dalian_Bank_Tower_and_older_shops_2005.jpg,public domain,by user:Pubert,855,1280,kept,
east_asia_0460.jpg,east_asia,Streets in Dalian,File:Dalian-China4450.JPG,https://commons.wikimedia.org/wiki/File:Dalian-China4450.JPG,cc by-sa 4.0,Diego Delso,2304,1728,rejected,other
east_asia_0461.jpg,east_asia,Streets in Dalian,"File:Electronics street, Dalian.JPG","https://commons.wikimedia.org/wiki/File:Electronics_street,_Dalian.JPG",cc by-sa 3.0,Paul Louis,1600,1200,kept,
east_asia_0462.jpg,east_asia,Streets in Dalian,"File:Kitaoyama Street, Dairen (NYPL Hades-2359332-4043688).jpg","https://commons.wikimedia.org/wiki/File:Kitaoyama_Street,_Dairen_(NYPL_Hades-2359332-4043688).jpg",public domain,Scan by NYPL,4718,3028,rejected,other
east_asia_0463.jpg,east_asia,Streets in Dalian,"File:Street view on Renmin Road, Dalian.jpg","https://commons.wikimedia.org/wiki/File:Street_view_on_Renmin_Road,_Dalian.jpg",cc by-sa 4.0,JesseW900,2448,3264,rejected,other
east_asia_0464.jpg,east_asia,Streets in Dalian,"File:Xigang, Dalian, Liaoning, China - panoramio (1).jpg","https://commons.wikimedia.org/wiki/File:Xigang,_Dalian,_Liaoning,_China_-_panoramio_(1).jpg",cc by-sa 3.0,Matthew Summerton,2592,1936,rejected,other
east_asia_0465.jpg,east_asia,Streets in Dalian,"File:Xigang, Dalian, Liaoning, China - panoramio (5).jpg","https://commons.wikimedia.org/wiki/File:Xigang,_Dalian,_Liaoning,_China_-_panoramio_(5).jpg",cc by-sa 3.0,Matthew Summerton,2592,1936,rejected,other
east_asia_0466.jpg,east_asia,Streets in Dalian,"File:Xigang, Dalian, Liaoning, China - panoramio (6).jpg","https://commons.wikimedia.org/wiki/File:Xigang,_Dalian,_Liaoning,_China_-_panoramio_(6).jpg",cc by-sa 3.0,Matthew Summerton,2592,1936,rejected,other
east_asia_0467.jpg,east_asia,Streets in Dalian,"File:Xigang, Dalian, Liaoning, China - panoramio (7).jpg","https://commons.wikimedia.org/wiki/File:Xigang,_Dalian,_Liaoning,_China_-_panoramio_(7).jpg",cc by-sa 3.0,Matthew Summerton,2592,1936,rejected,other
east_asia_0468.jpg,east_asia,Streets in Dalian,"File:Xigang, Dalian, Liaoning, China - panoramio (8).jpg","https://commons.wikimedia.org/wiki/File:Xigang,_Dalian,_Liaoning,_China_-_panoramio_(8).jpg",cc by-sa 3.0,Matthew Summerton,2592,1936,rejected,other
east_asia_0469.jpg,east_asia,Streets in Dalian,"File:Xigang, Dalian, Liaoning, China - panoramio (9).jpg","https://commons.wikimedia.org/wiki/File:Xigang,_Dalian,_Liaoning,_China_-_panoramio_(9).jpg",cc by-sa 3.0,Matthew Summerton,2592,1936,rejected,other
east_asia_0470.jpg,east_asia,Streets in Dalian,"File:Xigang, Dalian, Liaoning, China - panoramio.jpg","https://commons.wikimedia.org/wiki/File:Xigang,_Dalian,_Liaoning,_China_-_panoramio.jpg",cc by-sa 3.0,Matthew Summerton,2592,1936,rejected,other
east_asia_0471.jpg,east_asia,Streets in Dalian,File:凌河街 ling he jie - panoramio.jpg,https://commons.wikimedia.org/wiki/File:%E5%87%8C%E6%B2%B3%E8%A1%97_ling_he_jie_-_panoramio.jpg,cc by-sa 3.0,wanghongliu,1280,960,rejected,other
east_asia_0472.jpg,east_asia,Streets in Dalian,File:友好街青泥洼二街东向.jpg,https://commons.wikimedia.org/wiki/File:%E5%8F%8B%E5%A5%BD%E8%A1%97%E9%9D%92%E6%B3%A5%E6%B4%BC%E4%BA%8C%E8%A1%97%E4%B8%9C%E5%90%91.jpg,cc by-sa 4.0,董辰兴,2656,3984,kept,
east_asia_0473.jpg,east_asia,Streets in Dalian,File:大连 凌水河 凌水桥 （2002年） - panoramio.jpg,https://commons.wikimedia.org/wiki/File:%E5%A4%A7%E8%BF%9E_%E5%87%8C%E6%B0%B4%E6%B2%B3_%E5%87%8C%E6%B0%B4%E6%A1%A5_%EF%BC%882002%E5%B9%B4%EF%BC%89_-_panoramio.jpg,cc by-sa 3.0,wanghongliu,1280,960,rejected,other
east_asia_0474.jpg,east_asia,Streets in Dalian,File:大连 西安路 xi an lu - panoramio.jpg,https://commons.wikimedia.org/wiki/File:%E5%A4%A7%E8%BF%9E_%E8%A5%BF%E5%AE%89%E8%B7%AF_xi_an_lu_-_panoramio.jpg,cc by-sa 3.0,wanghongliu,1280,960,kept,
east_asia_0475.jpg,east_asia,Streets in Dalian,File:大连沙河口区 - panoramio.jpg,https://commons.wikimedia.org/wiki/File:%E5%A4%A7%E8%BF%9E%E6%B2%99%E6%B2%B3%E5%8F%A3%E5%8C%BA_-_panoramio.jpg,cc by 3.0,Ann Gary,1936,2592,rejected,other
east_asia_0476.jpg,east_asia,Streets in Dalian,File:大连青泥街北向.jpg,https://commons.wikimedia.org/wiki/File:%E5%A4%A7%E8%BF%9E%E9%9D%92%E6%B3%A5%E8%A1%97%E5%8C%97%E5%90%91.jpg,cc by-sa 4.0,董辰兴,3984,2656,rejected,other
east_asia_0477.jpg,east_asia,Streets in Dalian,File:大連市北京街付近通勤風景 - panoramio.jpg,https://commons.wikimedia.org/wiki/File:%E5%A4%A7%E9%80%A3%E5%B8%82%E5%8C%97%E4%BA%AC%E8%A1%97%E4%BB%98%E8%BF%91%E9%80%9A%E5%8B%A4%E9%A2%A8%E6%99%AF_-_panoramio.jpg,cc by 3.0,koorogi 8,1600,1200,rejected,other
east_asia_0478.jpg,east_asia,Streets in Dalian,File:黑石礁别墅 - panoramio.jpg,https://commons.wikimedia.org/wiki/File:%E9%BB%91%E7%9F%B3%E7%A4%81%E5%88%AB%E5%A2%85_-_panoramio.jpg,cc by 3.0,陈宏宇,3648,2056,kept,
east_asia_0479.jpg,east_asia,Streets in Dandong,File:Strasse-in-Dangdong mw 2009-09-14T15-20-30-001021 CanonDigitalIXUS70.JPG,https://commons.wikimedia.org/wiki/File:Strasse-in-Dangdong_mw_2009-09-14T15-20-30-001021_CanonDigitalIXUS70.JPG,cc by-sa 4.0,Angband,1600,1200,rejected,other
east_asia_0480.jpg,east_asia,Streets in Dandong,File:凤城市邓铁梅路.jpg,https://commons.wikimedia.org/wiki/File:%E5%87%A4%E5%9F%8E%E5%B8%82%E9%82%93%E9%93%81%E6%A2%85%E8%B7%AF.jpg,cc by-sa 4.0,Wei Wang,1440,1080,kept,
east_asia_0481.jpg,east_asia,Streets in Daqing,File:Boxue Dajie from north to south (near Daqing Library) 20250601152012.jpg,https://commons.wikimedia.org/wiki/File:Boxue_Dajie_from_north_to_south_(near_Daqing_Library)_20250601152012.jpg,cc by-sa 4.0,TurnOnTheNight,6000,4000,rejected,other
east_asia_0482.jpg,east_asia,Streets in Daqing,File:Boxue Dajie from south to north (near Daqing Library) 20250601152021.jpg,https://commons.wikimedia.org/wiki/File:Boxue_Dajie_from_south_to_north_(near_Daqing_Library)_20250601152021.jpg,cc by-sa 4.0,TurnOnTheNight,6000,4000,rejected,other
east_asia_0483.jpg,east_asia,Streets in Daqing,File:Entrance of Youyi Dajie from Children's Park Roundabout 20240427143207.jpg,https://commons.wikimedia.org/wiki/File:Entrance_of_Youyi_Dajie_from_Children%27s_Park_Roundabout_20240427143207.jpg,cc by-sa 4.0,TurnOnTheNight,5855,3903,rejected,other
east_asia_0484.jpg,east_asia,Streets in Daqing,File:Intersection of Sa'ning-lu and Jingsan-jie 20250530163022.jpg,https://commons.wikimedia.org/wiki/File:Intersection_of_Sa%27ning-lu_and_Jingsan-jie_20250530163022.jpg,cc by-sa 4.0,TurnOnTheNight,4528,3019,rejected,other
east_asia_0485.jpg,east_asia,Streets in Daqing,File:Intersection Sazheng Road and Jingsan Street 20250530124704.jpg,https://commons.wikimedia.org/wiki/File:Intersection_Sazheng_Road_and_Jingsan_Street_20250530124704.jpg,cc by-sa 4.0,TurnOnTheNight,6000,4000,rejected,other
east_asia_0486.jpg,east_asia,Streets in Daqing,File:Longqi Road looking southeast.jpg,https://commons.wikimedia.org/wiki/File:Longqi_Road_looking_southeast.jpg,cc by-sa 3.0,Jason Zhang,5184,3456,rejected,other
east_asia_0487.jpg,east_asia,Streets in Daqing,File:Wanbao Dajie (Wei'er Road to Dongfeng Road) 20250601182810.jpg,https://commons.wikimedia.org/wiki/File:Wanbao_Dajie_(Wei%27er_Road_to_Dongfeng_Road)_20250601182810.jpg,cc by-sa 4.0,TurnOnTheNight,6000,4000,rejected,other
east_asia_0488.jpg,east_asia,Streets in Daqing,File:Xiushui Road (Daqing) from east to west 20250601162817.jpg,https://commons.wikimedia.org/wiki/File:Xiushui_Road_(Daqing)_from_east_to_west_20250601162817.jpg,cc by-sa 4.0,TurnOnTheNight,6000,4000,rejected,other
east_asia_0489.jpg,east_asia,Streets in Daqing,File:Zhengxi Street (Daqing) 20250601092143.jpg,https://commons.wikimedia.org/wiki/File:Zhengxi_Street_(Daqing)_20250601092143.jpg,cc by-sa 4.0,TurnOnTheNight,6000,4000,rejected,other
east_asia_0490.jpg,east_asia,Streets in Daqing,File:大庆油田第一采油厂第三油矿办公楼-2017.jpg,https://commons.wikimedia.org/wiki/File:%E5%A4%A7%E5%BA%86%E6%B2%B9%E7%94%B0%E7%AC%AC%E4%B8%80%E9%87%87%E6%B2%B9%E5%8E%82%E7%AC%AC%E4%B8%89%E6%B2%B9%E7%9F%BF%E5%8A%9E%E5%85%AC%E6%A5%BC-2017.jpg,cc by-sa 4.0,Amarespeco,6000,4000,rejected,other
east_asia_0491.jpg,east_asia,Streets in Daqing,File:大庆艺术宫 2017.jpg,https://commons.wikimedia.org/wiki/File:%E5%A4%A7%E5%BA%86%E8%89%BA%E6%9C%AF%E5%AE%AB_2017.jpg,cc by-sa 4.0,Huanokinhejo,2560,1808,rejected,other
east_asia_0492.jpg,east_asia,Streets in Daqing,File:泰康镇街景.jpg,https://commons.wikimedia.org/wiki/File:%E6%B3%B0%E5%BA%B7%E9%95%87%E8%A1%97%E6%99%AF.jpg,cc by-sa 4.0,Huanokinhejo,3264,2280,rejected,other
east_asia_0493.jpg,east_asia,Streets in Daqing,File:泰康镇街景1-2017夏.jpg,https://commons.wikimedia.org/wiki/File:%E6%B3%B0%E5%BA%B7%E9%95%87%E8%A1%97%E6%99%AF1-2017%E5%A4%8F.jpg,cc by-sa 4.0,Amarespeco,6000,4000,kept,
east_asia_0494.jpg,east_asia,Streets in Fuzhou,"File:亜東印画輯 10 191 ""西湖公園（福州）"".jpg",https://commons.wikimedia.org/wiki/File:%E4%BA%9C%E6%9D%B1%E5%8D%B0%E7%94%BB%E8%BC%AF_10_191_%22%E8%A5%BF%E6%B9%96%E5%85%AC%E5%9C%92%EF%BC%88%E7%A6%8F%E5%B7%9E%EF%BC%89%22.jpg,public domain,亜東印画協会,1136,814,kept,
east_asia_0495.jpg,east_asia,Streets in Guangzhou,File:A Street in Canton.jpg,https://commons.wikimedia.org/wiki/File:A_Street_in_Canton.jpg,public domain,"Drawn by Thomas Allom, engraved by W. H. Capone",2282,1478,rejected,other
east_asia_0496.jpg,east_asia,Streets in Guangzhou,File:Aiman Dadao 2026.jpg,https://commons.wikimedia.org/wiki/File:Aiman_Dadao_2026.jpg,cc by-sa 4.0,Tombus20032000,4032,3024,rejected,other
east_asia_0497.jpg,east_asia,Streets in Guangzhou,File:Bai-E-Tan Bar Street.JPG,https://commons.wikimedia.org/wiki/File:Bai-E-Tan_Bar_Street.JPG,cc by-sa 3.0,Chinatravelsavvy,1200,1600,kept,
east_asia_0498.jpg,east_asia,Streets in Guangzhou,File:Bar Street in White Swan Lake.jpg,https://commons.wikimedia.org/wiki/File:Bar_Street_in_White_Swan_Lake.jpg,cc by-sa 3.0,CRCHF,3264,1836,rejected,other
east_asia_0499.jpg,east_asia,Streets in Guangzhou,"File:Beato, Felice A. - Neunstöckige Pagoda und Tartar Straße, Kanton (Zeno Fotografie).jpg","https://commons.wikimedia.org/wiki/File:Beato,_Felice_A._-_Neunst%C3%B6ckige_Pagoda_und_Tartar_Stra%C3%9Fe,_Kanton_(Zeno_Fotografie).jpg",public domain,"Beato, Felice A.",1576,1914,rejected,other
east_asia_0500.jpg,east_asia,Streets in Guangzhou,File:BingZingGaai.jpg,https://commons.wikimedia.org/wiki/File:BingZingGaai.jpg,cc by-sa 4.0,WKDx417,3264,1836,rejected,other
south_asia_0001.jpg,south_asia,People of India,"File:'The Haat' of Doraguda - 3 (The weekly village market of Doraguda, Odisha).jpg","https://commons.wikimedia.org/wiki/File:%27The_Haat%27_of_Doraguda_-_3_(The_weekly_village_market_of_Doraguda,_Odisha).jpg",cc by-sa 4.0,Ad031259,1696,3000,kept,
south_asia_0002.jpg,south_asia,People of India,File:-Barber- MET DP147399.jpg,https://commons.wikimedia.org/wiki/File:-Barber-_MET_DP147399.jpg,cc0,Unknown authorUnknown author,3145,2422,rejected,not-a-photo
south_asia_0003.jpg,south_asia,People of India,File:10d (13707934253).jpg,https://commons.wikimedia.org/wiki/File:10d_(13707934253).jpg,cc0,"Lha Socialwork from Dharamsala H.P, India",1177,872,kept,
south_asia_0004.jpg,south_asia,People of India,File:123 final.jpg,https://commons.wikimedia.org/wiki/File:123_final.jpg,cc by-sa 4.0,rishi nikam,2592,1728,kept,
south_asia_0005.jpg,south_asia,People of India,File:178A8643.jpg,https://commons.wikimedia.org/wiki/File:178A8643.jpg,cc by-sa 4.0,Vaade veedu,6720,4480,kept,
south_asia_0006.jpg,south_asia,People of India,File:1856 A Tribal girl in India.jpg,https://commons.wikimedia.org/wiki/File:1856_A_Tribal_girl_in_India.jpg,public domain,William Carpenter (painter),1652,2381,rejected,not-a-photo
south_asia_0007.jpg,south_asia,People of India,File:1930s vintage glass plate negative of an Indian couple.jpg,https://commons.wikimedia.org/wiki/File:1930s_vintage_glass_plate_negative_of_an_Indian_couple.jpg,public domain,Unknown authorUnknown author,609,800,rejected,other
south_asia_0008.jpg,south_asia,People of India,File:1A1182101XXXII014 (15101460389).jpg,https://commons.wikimedia.org/wiki/File:1A1182101XXXII014_(15101460389).jpg,no restrictions,Université de Caen Basse-Normandie,2504,1456,rejected,blurry
south_asia_0009.jpg,south_asia,People of India,File:2 book release by governor and former CM of Uttarakhand.JPG,https://commons.wikimedia.org/wiki/File:2_book_release_by_governor_and_former_CM_of_Uttarakhand.JPG,cc by-sa 4.0,Reenun,3008,2000,rejected,other
south_asia_0010.jpg,south_asia,People of India,"File:2014-03-10 03.03.26Shoot Castrol, Malaysia, Executive Producer, Adnan Safee, Producer Nine Angle Productions with Bappaditya Roy.jpg","https://commons.wikimedia.org/wiki/File:2014-03-10_03.03.26Shoot_Castrol,_Malaysia,_Executive_Producer,_Adnan_Safee,_Producer_Nine_Angle_Productions_with_Bappaditya_Roy.jpg",cc by 4.0,Safee.adnan,3264,2448,rejected,off-topic
south_asia_0011.jpg,south_asia,People of India,File:20200216064619 MG 0819 (1).jpg,https://commons.wikimedia.org/wiki/File:20200216064619_MG_0819_(1).jpg,cc by-sa 4.0,Gokulpavi2917,1173,1572,kept,
south_asia_0012.jpg,south_asia,People of India,File:20210616175137 IMG 2191.jpg,https://commons.wikimedia.org/wiki/File:20210616175137_IMG_2191.jpg,cc by-sa 4.0,Bharats20101998,1280,1920,rejected,other
south_asia_0013.jpg,south_asia,People of India,File:2nd CTBT Science Diplomacy Symposium (28466561598).jpg,https://commons.wikimedia.org/wiki/File:2nd_CTBT_Science_Diplomacy_Symposium_(28466561598).jpg,cc by 2.0,The Official CTBTO Photostream,5760,3840,rejected,other
south_asia_0014.jpg,south_asia,People of India,"File:2Shoot Castrol, Malaysia, Executive Producer, Adnan Safee, Producer Nine Angle Productions with Bappaditya Roy 014-03-06 21.33.41.jpg","https://commons.wikimedia.org/wiki/File:2Shoot_Castrol,_Malaysia,_Executive_Producer,_Adnan_Safee,_Producer_Nine_Angle_Productions_with_Bappaditya_Roy_014-03-06_21.33.41.jpg",cc by 4.0,Safee.adnan,3264,2448,kept,
south_asia_0015.jpg,south_asia,People of India,File:3 Ladies of Blues (6257889080).jpg,https://commons.wikimedia.org/wiki/File:3_Ladies_of_Blues_(6257889080).jpg,cc by 2.0,"Ramnath Bhat from PUNE, India",1500,2100,kept,
south_asia_0016.jpg,south_asia,People of India,"File:50,000 Km on Cycle.jpg","https://commons.wikimedia.org/wiki/File:50,000_Km_on_Cycle.jpg",cc by-sa 4.0,Youth Against Injustice Foundation,1280,960,kept,
south_asia_0017.jpeg,south_asia,People of India,File:500px photo (36854522).jpeg,https://commons.wikimedia.org/wiki/File:500px_photo_(36854522).jpeg,cc by-sa 3.0,Arey Wah,2048,1361,kept,
south_asia_0018.jpeg,south_asia,People of India,File:500px photo (64170239).jpeg,https://commons.wikimedia.org/wiki/File:500px_photo_(64170239).jpeg,cc by 3.0,Ranit Sanyal,1070,1170,kept,
south_asia_0019.jpeg,south_asia,People of India,File:500px photo (64184341).jpeg,https://commons.wikimedia.org/wiki/File:500px_photo_(64184341).jpeg,cc by 3.0,Ranit Sanyal,1365,2048,kept,
south_asia_0020.jpeg,south_asia,People of India,File:500px photo (64217681).jpeg,https://commons.wikimedia.org/wiki/File:500px_photo_(64217681).jpeg,cc by 3.0,Ranit Sanyal,1724,2048,kept,
south_asia_0021.jpeg,south_asia,People of India,File:500px photo (64866255).jpeg,https://commons.wikimedia.org/wiki/File:500px_photo_(64866255).jpeg,cc by 3.0,Ranit Sanyal,2048,1365,kept,
south_asia_0022.png,south_asia,People of India,File:A drawing of Tharaka Wasalamudaliarachchi.png,https://commons.wikimedia.org/wiki/File:A_drawing_of_Tharaka_Wasalamudaliarachchi.png,cc0,Tharaka123,2175,3940,rejected,off-topic
south_asia_0023.jpg,south_asia,People of India,"File:A group of Bonda tribals at Onekdeli market in Malkangiri, Odisha 02.jpg","https://commons.wikimedia.org/wiki/File:A_group_of_Bonda_tribals_at_Onekdeli_market_in_Malkangiri,_Odisha_02.jpg",cc by-sa 4.0,Drashokk,3872,2592,kept,
south_asia_0024.jpg,south_asia,People of India,"File:A group of Bonda tribals at Onekdeli market in Malkangiri, Odisha 03.jpg","https://commons.wikimedia.org/wiki/File:A_group_of_Bonda_tribals_at_Onekdeli_market_in_Malkangiri,_Odisha_03.jpg",cc by-sa 4.0,Drashokk,3872,2592,rejected,duplicate
south_asia_0025.jpg,south_asia,People of India,"File:A journalist from India at an Open Source conference, 2006.jpg","https://commons.wikimedia.org/wiki/File:A_journalist_from_India_at_an_Open_Source_conference,_2006.jpg",cc by-sa 4.0,Fredericknoronha,2816,2112,rejected,off-topic
south_asia_0026.jpg,south_asia,People of India,File:A Man Apart.jpg,https://commons.wikimedia.org/wiki/File:A_Man_Apart.jpg,cc by-sa 4.0,16.rupesh,5184,3456,rejected,off-topic
south_asia_0027.jpg,south_asia,People of India,"File:A man pouring water on face (India, 2017).jpg","https://commons.wikimedia.org/wiki/File:A_man_pouring_water_on_face_(India,_2017).jpg",cc by-sa 4.0,S0820A,6000,4000,kept,
south_asia_0028.jpg,south_asia,People of India,File:A man standing.jpg,https://commons.wikimedia.org/wiki/File:A_man_standing.jpg,cc by-sa 4.0,Prashant Kumar Panigrahi,2560,1920,rejected,other
south_asia_0029.jpg,south_asia,People of India,File:A man with a ninety-pound tumor (8616815122).jpg,https://commons.wikimedia.org/wiki/File:A_man_with_a_ninety-pound_tumor_(8616815122).jpg,no restrictions,National Library of Medicine - History of Medicine,2984,3284,rejected,not-a-photo
south_asia_0030.jpg,south_asia,People of India,File:A Mising tribal girl in traditional dress.jpg,https://commons.wikimedia.org/wiki/File:A_Mising_tribal_girl_in_traditional_dress.jpg,cc by-sa 4.0,Nayan j Nath,3996,5536,kept,
south_asia_0031.jpg,south_asia,People of India,File:A monk in prayer 01.jpg,https://commons.wikimedia.org/wiki/File:A_monk_in_prayer_01.jpg,cc by-sa 4.0,Drashokk,4928,3264,kept,
south_asia_0032.jpg,south_asia,People of India,File:A monk in prayer 02.jpg,https://commons.wikimedia.org/wiki/File:A_monk_in_prayer_02.jpg,cc by-sa 4.0,Drashokk,4928,3264,rejected,duplicate
south_asia_0033.jpg,south_asia,People of India,File:A monk in prayer 03.jpg,https://commons.wikimedia.org/wiki/File:A_monk_in_prayer_03.jpg,cc by-sa 4.0,Drashokk,3940,2610,kept,
south_asia_0034.jpg,south_asia,People of India,File:A monk with a prayer wheel in Ladakh.jpg,https://commons.wikimedia.org/wiki/File:A_monk_with_a_prayer_wheel_in_Ladakh.jpg,cc by-sa 4.0,Drashokk,2592,3872,kept,
south_asia_0035.jpg,south_asia,People of India,File:A Nap - Flickr - Dr. Santulan Mahanta.jpg,https://commons.wikimedia.org/wiki/File:A_Nap_-_Flickr_-_Dr._Santulan_Mahanta.jpg,cc by 2.0,"Santulan Mahanta from Golaghat (GLGT), Guwahati (GHY), Lucknow (LKO), New Delhi (NDLS), INDIA",6000,4000,kept,
south_asia_0036.jpg,south_asia,People of India,File:A proud elderly Brokpa.jpg,https://commons.wikimedia.org/wiki/File:A_proud_elderly_Brokpa.jpg,cc by-sa 4.0,Drashokk,4928,3264,kept,
south_asia_0037.jpg,south_asia,People of India,File:A Usui lady in traditional attire.jpg,https://commons.wikimedia.org/wiki/File:A_Usui_lady_in_traditional_attire.jpg,cc by-sa 4.0,Marmakong,2508,3627,kept,
south_asia_0038.jpg,south_asia,People of India,File:Abbas Ali Aarfi.jpg,https://commons.wikimedia.org/wiki/File:Abbas_Ali_Aarfi.jpg,cc0,Naved raza,1144,2069,rejected,other
south_asia_0039.jpg,south_asia,People of India,File:Abhyudaya KKSS1.jpg,https://commons.wikimedia.org/wiki/File:Abhyudaya_KKSS1.jpg,cc by-sa 4.0,Vnarayanaswamy,6000,4000,rejected,other
south_asia_0040.jpg,south_asia,People of India,File:ACL 3474 copy (2).jpg,https://commons.wikimedia.org/wiki/File:ACL_3474_copy_(2).jpg,cc by-sa 4.0,Jatindersonia,3264,4928,rejected,off-topic
south_asia_0041.jpg,south_asia,People of India,File:Aditya Julka 060.jpg,https://commons.wikimedia.org/wiki/File:Aditya_Julka_060.jpg,cc by-sa 4.0,AaronFowler,927,1391,rejected,off-topic
south_asia_0042.jpg,south_asia,People of India,File:ADJUSTMENT IS REQUIRED.jpg,https://commons.wikimedia.org/wiki/File:ADJUSTMENT_IS_REQUIRED.jpg,cc by 4.0,Diksha Handa Sarao,4032,3024,kept,
south_asia_0043.jpg,south_asia,People of India,File:AIMWA 008.jpg,https://commons.wikimedia.org/wiki/File:AIMWA_008.jpg,cc by-sa 4.0,Uma Challa,1747,1310,rejected,off-topic
south_asia_0044.jpg,south_asia,People of India,File:AIMWA 013.jpg,https://commons.wikimedia.org/wiki/File:AIMWA_013.jpg,cc by-sa 4.0,Uma Challa,1747,1310,rejected,off-topic
south_asia_0045.jpg,south_asia,People of India,File:Ajitabha Bose at his book launch.jpg,https://commons.wikimedia.org/wiki/File:Ajitabha_Bose_at_his_book_launch.jpg,cc by-sa 4.0,Shahbaz Nidhi Khan,959,960,kept,
south_asia_0046.png,south_asia,People of India,File:Akhilesh Anchor.png,https://commons.wikimedia.org/wiki/File:Akhilesh_Anchor.png,cc by-sa 4.0,Raji Majji,722,612,kept,
south_asia_0047.jpg,south_asia,People of India,File:Akrati Bhatia.jpg,https://commons.wikimedia.org/wiki/File:Akrati_Bhatia.jpg,cc by-sa 4.0,Anurag1141,960,720,kept,
south_asia_0048.jpg,south_asia,People of India,"File:Albumblad met drie foto's. Linksboven Jenny Visser-Hooft tussen een man en een , Bestanddeelnr 37 3.jpg","https://commons.wikimedia.org/wiki/File:Albumblad_met_drie_foto%27s._Linksboven_Jenny_Visser-Hooft_tussen_een_man_en_een_,_Bestanddeelnr_37_3.jpg",cc0,"Visser, Philips Christiaan",7212,5088,rejected,not-a-photo
south_asia_0049.jpg,south_asia,People of India,"File:Albumblad met drie foto's. Linksboven Philips Christiaan Visser in ambassadeurs, Bestanddeelnr 37 004.jpg","https://commons.wikimedia.org/wiki/File:Albumblad_met_drie_foto%27s._Linksboven_Philips_Christiaan_Visser_in_ambassadeurs,_Bestanddeelnr_37_004.jpg",cc0,"Visser, Philips Christiaan",7044,5160,rejected,not-a-photo
south_asia_0050.jpg,south_asia,People of India,"File:Albumblad met vier foto's. Linksboven gezicht op een rivierdal met bruggen. Rec, Bestanddeelnr 37 5.jpg","https://commons.wikimedia.org/wiki/File:Albumblad_met_vier_foto%27s._Linksboven_gezicht_op_een_rivierdal_met_bruggen._Rec,_Bestanddeelnr_37_5.jpg",cc0,"Visser, Philips Christiaan",7224,5232,rejected,not-a-photo
south_asia_0051.jpg,south_asia,People of India,"File:Albumblad met vier foto's. Linksboven vier personen waaronder Jenny Visser-Hoof, Bestanddeelnr 37 36.jpg","https://commons.wikimedia.org/wiki/File:Albumblad_met_vier_foto%27s._Linksboven_vier_personen_waaronder_Jenny_Visser-Hoof,_Bestanddeelnr_37_36.jpg",cc0,"Visser, Philips Christiaan",7284,5028,rejected,not-a-photo
south_asia_0052.jpg,south_asia,People of India,"File:Albumblad met vier foto's. Linksboven zomerverblijf van Philips Christiaan Viss, Bestanddeelnr 37 048.jpg","https://commons.wikimedia.org/wiki/File:Albumblad_met_vier_foto%27s._Linksboven_zomerverblijf_van_Philips_Christiaan_Viss,_Bestanddeelnr_37_048.jpg",cc0,"Visser, Philips Christiaan",7260,5052,rejected,other
south_asia_0053.jpg,south_asia,People of India,File:Almond milkshakes (6105330162).jpg,https://commons.wikimedia.org/wiki/File:Almond_milkshakes_(6105330162).jpg,cc by 2.0,"Barry Pousman from New York, NY",4000,3000,kept,
south_asia_0054.jpg,south_asia,People of India,File:ALone.jpg,https://commons.wikimedia.org/wiki/File:ALone.jpg,cc0,ABHI KANASINA KAVANA (writer),720,1280,rejected,blurry
south_asia_0055.jpg,south_asia,People of India,File:Alpona-Amala-Gouri-Jamuna.jpg,https://commons.wikimedia.org/wiki/File:Alpona-Amala-Gouri-Jamuna.jpg,public domain,unknown,1101,913,kept,
south_asia_0056.jpg,south_asia,People of India,File:Amanpreet Bedi.jpg,https://commons.wikimedia.org/wiki/File:Amanpreet_Bedi.jpg,cc by-sa 4.0,Amanpreet Singh Bedi,3456,5184,rejected,off-topic
south_asia_0057.jpg,south_asia,People of India,File:Amir Subhani.jpg,https://commons.wikimedia.org/wiki/File:Amir_Subhani.jpg,cc0,IPRD Bihar,651,773,rejected,off-topic
south_asia_0058.png,south_asia,People of India,File:An indian Banaras fakeer with his Monkey Friend.png,https://commons.wikimedia.org/wiki/File:An_indian_Banaras_fakeer_with_his_Monkey_Friend.png,cc by-sa 4.0,Ghulam freed lodhi,1080,1920,rejected,blurry
south_asia_0059.jpg,south_asia,People of India,"File:Andaman Islands, Neil, Indian family on the coast at sunset.jpg","https://commons.wikimedia.org/wiki/File:Andaman_Islands,_Neil,_Indian_family_on_the_coast_at_sunset.jpg",cc by 4.0,Vyacheslav Argenberg,4032,2688,rejected,off-topic
south_asia_0060.jpg,south_asia,People of India,"File:Andaman Islands, Neil, Indian family on the coast during sunset.jpg","https://commons.wikimedia.org/wiki/File:Andaman_Islands,_Neil,_Indian_family_on_the_coast_during_sunset.jpg",cc by 4.0,Vyacheslav Argenberg,4032,2688,kept,
south_asia_0061.jpg,south_asia,People of India,File:Anees-Fatimah-ne-Karim-Lady-Imam.jpg,https://commons.wikimedia.org/wiki/File:Anees-Fatimah-ne-Karim-Lady-Imam.jpg,public domain,Bassano Ltd,621,800,rejected,not-a-photo
south_asia_0062.jpg,south_asia,People of India,File:Anekaksn100.jpg,https://commons.wikimedia.org/wiki/File:Anekaksn100.jpg,cc by-sa 4.0,Nitheshkk,5086,3049,kept,
south_asia_0063.jpg,south_asia,People of India,File:Anil patang 2014-06-05 23-24.jpg,https://commons.wikimedia.org/wiki/File:Anil_patang_2014-06-05_23-24.jpg,cc by-sa 3.0,User:Ranjan.rajiv2,3264,2448,rejected,blurry
south_asia_0064.jpg,south_asia,People of India,File:Animesh Bhattarai 2016 (Unsplash).jpg,https://commons.wikimedia.org/wiki/File:Animesh_Bhattarai_2016_(Unsplash).jpg,cc0,Animesh Bhattarai aanimesh111,3783,2820,kept,
south_asia_0065.jpg,south_asia,People of India,File:Anindita Bhadra.jpg,https://commons.wikimedia.org/wiki/File:Anindita_Bhadra.jpg,cc by-sa 4.0,Abhadra,932,807,rejected,not-a-photo
south_asia_0066.jpg,south_asia,People of India,File:Anish NR India.jpg,https://commons.wikimedia.org/wiki/File:Anish_NR_India.jpg,cc by-sa 4.0,Rev.anishnr,640,853,rejected,not-a-photo
south_asia_0067.jpg,south_asia,People of India,File:Ankit chaudhary.jpg,https://commons.wikimedia.org/wiki/File:Ankit_chaudhary.jpg,cc by-sa 4.0,AnkitChaudharyM.Speaker,1280,720,rejected,other
south_asia_0068.jpg,south_asia,People of India,File:Ankush Prasad Kumar.jpg,https://commons.wikimedia.org/wiki/File:Ankush_Prasad_Kumar.jpg,cc by-sa 4.0,Ankush Kumar (Ansh),2896,4344,rejected,not-a-photo
south_asia_0069.jpg,south_asia,People of India,File:Anna Hazare supporters (6103434033).jpg,https://commons.wikimedia.org/wiki/File:Anna_Hazare_supporters_(6103434033).jpg,cc by 2.0,"Barry Pousman from New York, NY",4000,3000,kept,
south_asia_0070.jpg,south_asia,People of India,File:Anukul Munshi.jpg,https://commons.wikimedia.org/wiki/File:Anukul_Munshi.jpg,cc0,TirtharajartHISTORY,2688,3078,rejected,blurry
south_asia_0071.jpg,south_asia,People of India,File:Anupam Saha 07.jpg,https://commons.wikimedia.org/wiki/File:Anupam_Saha_07.jpg,cc by-sa 4.0,Anupam  Saha,1080,810,kept,
south_asia_0072.jpg,south_asia,People of India,File:AnvitDixit2506.jpg,https://commons.wikimedia.org/wiki/File:AnvitDixit2506.jpg,cc by-sa 4.0,1anvitdixit,3024,4032,kept,
south_asia_0073.jpg,south_asia,People of India,File:Appears like the crowd is waiting for the Nainital Express - Flickr - Dr. Santulan Mahanta.jpg,https://commons.wikimedia.org/wiki/File:Appears_like_the_crowd_is_waiting_for_the_Nainital_Express_-_Flickr_-_Dr._Santulan_Mahanta.jpg,cc by 2.0,"Santulan Mahanta from Golaghat (GLGT), Guwahati (GHY), Lucknow (LKO), New Delhi (NDLS), INDIA",2000,1500,kept,
south_asia_0074.jpg,south_asia,People of India,File:Apurva Asrani in 2012.jpg,https://commons.wikimedia.org/wiki/File:Apurva_Asrani_in_2012.jpg,cc by-sa 3.0,Cinemadaladla21,2188,2125,rejected,other
south_asia_0075.jpg,south_asia,People of India,"File:Arabinda Muduli Live in Concert at Embassy of India, Kuwait 2015 - 14.JPG","https://commons.wikimedia.org/wiki/File:Arabinda_Muduli_Live_in_Concert_at_Embassy_of_India,_Kuwait_2015_-_14.JPG",cc by-sa 4.0,Krupasindhu Muduli,4104,2736,kept,
south_asia_0076.jpg,south_asia,People of India,File:Arhan Bagati as Deputy Chef de Mission at the Tokyo Paralympics.jpg,https://commons.wikimedia.org/wiki/File:Arhan_Bagati_as_Deputy_Chef_de_Mission_at_the_Tokyo_Paralympics.jpg,cc by-sa 4.0,Provided by Arhan Bagati for Wikipedia use,960,1280,kept,
south_asia_0077.jpeg,south_asia,People of India,File:Armymoustacheman (177511751).jpeg,https://commons.wikimedia.org/wiki/File:Armymoustacheman_(177511751).jpeg,cc by-sa 3.0,Kamlesh Isal,1477,985,rejected,other
south_asia_0078.jpg,south_asia,People of India,File:Arun Kumar Anthore.jpg,https://commons.wikimedia.org/wiki/File:Arun_Kumar_Anthore.jpg,cc0,Chithragnair,1024,1024,rejected,not-a-photo
south_asia_0079.jpg,south_asia,People of India,File:Arun Lad.jpg,https://commons.wikimedia.org/wiki/File:Arun_Lad.jpg,cc by-sa 4.0,Vishal Patil Sangli,4000,6000,rejected,other
south_asia_0080.jpg,south_asia,People of India,File:Arvind C Ranade.jpg,https://commons.wikimedia.org/wiki/File:Arvind_C_Ranade.jpg,cc by-sa 4.0,Arvind.C.Ranade,4160,2773,rejected,other
south_asia_0081.jpg,south_asia,People of India,File:Asha image.jpg,https://commons.wikimedia.org/wiki/File:Asha_image.jpg,cc by-sa 4.0,Vinnycrm,1536,1533,rejected,other
south_asia_0082.jpg,south_asia,People of India,File:Ashish-Behal-Image.jpg,https://commons.wikimedia.org/wiki/File:Ashish-Behal-Image.jpg,cc by-sa 4.0,Karansharma1732,1084,1280,rejected,other
south_asia_0083.jpg,south_asia,People of India,File:Asif Iqbal Tanha.jpg,https://commons.wikimedia.org/wiki/File:Asif_Iqbal_Tanha.jpg,cc by-sa 4.0,Hishampgm,1280,853,rejected,other
south_asia_0084.jpg,south_asia,People of India,File:Asit Modi From Tarak Mehta ka ultaah Chasma with his wife and Amitabh Shah from yuva Unstoppable with his wife rashmi shah.jpg,https://commons.wikimedia.org/wiki/File:Asit_Modi_From_Tarak_Mehta_ka_ultaah_Chasma_with_his_wife_and_Amitabh_Shah_from_yuva_Unstoppable_with_his_wife_rashmi_shah.jpg,cc by-sa 4.0,Maihuherotera,1024,768,rejected,other
south_asia_0085.jpg,south_asia,People of India,File:Athar Aamir Khan.jpg,https://commons.wikimedia.org/wiki/File:Athar_Aamir_Khan.jpg,cc by-sa 4.0,Govind Ram,1079,790,kept,
south_asia_0086.jpg,south_asia,People of India,File:Auburnisacommittee2014-2015.jpg,https://commons.wikimedia.org/wiki/File:Auburnisacommittee2014-2015.jpg,cc by-sa 4.0,AuburnISA,2048,995,kept,
south_asia_0087.jpg,south_asia,People of India,File:Baba-e-Poonch.jpg,https://commons.wikimedia.org/wiki/File:Baba-e-Poonch.jpg,public domain,Sardar Jay Khan,2111,2713,rejected,other
south_asia_0088.jpg,south_asia,People of India,"File:Babanrao Gholap (In red shirt) an Indian politician, in India with Roshan Bhondekar (in black blazer and brown shoes) also along with Anandrao Vithoba Adsul (in yellow jacket) - Member of the 16th Lok Sabha of India.jpg","https://commons.wikimedia.org/wiki/File:Babanrao_Gholap_(In_red_shirt)_an_Indian_politician,_in_India_with_Roshan_Bhondekar_(in_black_blazer_and_brown_shoes)_also_along_with_Anandrao_Vithoba_Adsul_(in_yellow_jacket)_-_Member_of_the_16th_Lok_Sabha_of_India.jpg",cc by-sa 2.0,Envision Studio,3456,1566,kept,
south_asia_0089.jpg,south_asia,People of India,"File:Babanrao Gholap (In red shirt) an Indian politician, in India with Roshan Bhondekar (in black blazer and brown shoes) shaking hand in 20016 also along with Anandrao Vithoba Adsul (in yellow jacket) - Member of the 16th Lok Sabha of Ind.jpg","https://commons.wikimedia.org/wiki/File:Babanrao_Gholap_(In_red_shirt)_an_Indian_politician,_in_India_with_Roshan_Bhondekar_(in_black_blazer_and_brown_shoes)_shaking_hand_in_20016_also_along_with_Anandrao_Vithoba_Adsul_(in_yellow_jacket)_-_Member_of_the_16th_Lok_Sabha_of_Ind.jpg",cc by-sa 2.0,Envision Studio,2719,1566,rejected,other
south_asia_0090.jpg,south_asia,People of India,File:Babul roy.JPG,https://commons.wikimedia.org/wiki/File:Babul_roy.JPG,cc by-sa 3.0,User:Unkonwn,3216,2136,kept,
south_asia_0091.jpg,south_asia,People of India,File:Babusaheb indrasan rai.jpg,https://commons.wikimedia.org/wiki/File:Babusaheb_indrasan_rai.jpg,cc by-sa 4.0,Classic poke,3024,4032,rejected,other
south_asia_0092.jpg,south_asia,People of India,"File:Baiga Tribal Women of Madhya Pradesh, they are known for their unique tattoos that they make all over their bodies.jpg","https://commons.wikimedia.org/wiki/File:Baiga_Tribal_Women_of_Madhya_Pradesh,_they_are_known_for_their_unique_tattoos_that_they_make_all_over_their_bodies.jpg",cc by-sa 4.0,Sandy &amp; Vyjay,6000,4000,kept,
south_asia_0093.jpg,south_asia,People of India,File:Bairagis.jpg,https://commons.wikimedia.org/wiki/File:Bairagis.jpg,public domain,EDGAR THURSTON,1168,834,rejected,other
south_asia_0094.jpg,south_asia,People of India,File:Bakarwals of Kalakote Rajouri.jpg,https://commons.wikimedia.org/wiki/File:Bakarwals_of_Kalakote_Rajouri.jpg,cc by-sa 4.0,Oliver139,1280,960,kept,
south_asia_0095.jpg,south_asia,People of India,File:BAKARWALS RAJOURI.jpg,https://commons.wikimedia.org/wiki/File:BAKARWALS_RAJOURI.jpg,cc by-sa 4.0,Oliver139,4624,2084,rejected,other
south_asia_0096.jpg,south_asia,People of India,File:Balloonflowing.jpg,https://commons.wikimedia.org/wiki/File:Balloonflowing.jpg,cc by-sa 3.0,Spandanuo,3648,2736,rejected,other
south_asia_0097.jpg,south_asia,People of India,File:Banjara men Traditional dress.jpg,https://commons.wikimedia.org/wiki/File:Banjara_men_Traditional_dress.jpg,cc0,RATHOD SRAVAN,1600,899,kept,
south_asia_0098.jpg,south_asia,People of India,File:Banjara Women Traditional dress.jpg,https://commons.wikimedia.org/wiki/File:Banjara_Women_Traditional_dress.jpg,cc0,RATHOD SRAVAN,1280,839,kept,
south_asia_0099.jpg,south_asia,People of India,File:Bapuji ramdevbaba.jpg,https://commons.wikimedia.org/wiki/File:Bapuji_ramdevbaba.jpg,cc by-sa 4.0,Airtechno,5760,3840,kept,
south_asia_0100.jpg,south_asia,People of India,File:Barin Ghosh.jpg,https://commons.wikimedia.org/wiki/File:Barin_Ghosh.jpg,public domain,Unknown authorUnknown author,1032,1416,rejected,other
south_asia_0101.jpg,south_asia,People of India,File:Bastar tribal with firewood.jpg,https://commons.wikimedia.org/wiki/File:Bastar_tribal_with_firewood.jpg,cc by-sa 4.0,Drashokk,2048,1536,kept,
south_asia_0102.jpg,south_asia,People of India,File:Bazigar girl performance.jpg,https://commons.wikimedia.org/wiki/File:Bazigar_girl_performance.jpg,cc0,Harvinder Chandigarh,3024,4032,kept,
south_asia_0103.jpg,south_asia,People of India,File:Be with nature.jpg,https://commons.wikimedia.org/wiki/File:Be_with_nature.jpg,cc by-sa 4.0,Raj-1984,2448,3264,kept,
south_asia_0104.jpeg,south_asia,People of India,File:Beautiful Leh Couple In Traditional Dress (202673443).jpeg,https://commons.wikimedia.org/wiki/File:Beautiful_Leh_Couple_In_Traditional_Dress_(202673443).jpeg,cc by 3.0,Amit Patel,2048,1960,kept,
south_asia_0105.jpg,south_asia,People of India,File:Bega Tribe Dance.jpg,https://commons.wikimedia.org/wiki/File:Bega_Tribe_Dance.jpg,cc by-sa 4.0,Chetansoni,2100,1400,kept,
south_asia_0106.jpg,south_asia,People of India,File:Behind the man.jpg,https://commons.wikimedia.org/wiki/File:Behind_the_man.jpg,cc by 4.0,Mcnikhilmc,3088,1744,rejected,other
south_asia_0107.jpg,south_asia,People of India,File:Bhasa-pain-24.jpg,https://commons.wikimedia.org/wiki/File:Bhasa-pain-24.jpg,cc by-sa 4.0,Mamali panda,960,720,kept,
south_asia_0108.jpg,south_asia,People of India,File:Bhushita Aahuja.jpg,https://commons.wikimedia.org/wiki/File:Bhushita_Aahuja.jpg,cc by-sa 4.0,Super30867,1170,1664,rejected,other
south_asia_0109.jpg,south_asia,People of India,File:Bijoy Kumar Hrangkhawl.jpg,https://commons.wikimedia.org/wiki/File:Bijoy_Kumar_Hrangkhawl.jpg,cc by-sa 4.0,Brendonmotom,4000,5605,rejected,other
south_asia_0110.jpeg,south_asia,People of India,File:Biker (246772737).jpeg,https://commons.wikimedia.org/wiki/File:Biker_(246772737).jpeg,cc by 3.0,Kevin Doncaster,2048,1369,kept,
south_asia_0111.jpg,south_asia,People of India,File:Birdcatcher1875.jpg,https://commons.wikimedia.org/wiki/File:Birdcatcher1875.jpg,public domain,After Félix Élie Régamey,851,600,rejected,other
south_asia_0112.jpg,south_asia,People of India,File:Biswa Kalyan Rath (cropped).jpg,https://commons.wikimedia.org/wiki/File:Biswa_Kalyan_Rath_(cropped).jpg,cc by-sa 4.0,Sanket Oswal,1572,1487,rejected,other
south_asia_0113.jpg,south_asia,People of India,File:Biswa Kalyan Rath.jpg,https://commons.wikimedia.org/wiki/File:Biswa_Kalyan_Rath.jpg,cc by-sa 4.0,Sanket Oswal,4032,3024,rejected,other
south_asia_0114.jpg,south_asia,People of India,File:Black n white.jpg,https://commons.wikimedia.org/wiki/File:Black_n_white.jpg,cc by-sa 3.0,Ijohnnywalker,5160,2406,rejected,other
south_asia_0115.jpg,south_asia,People of India,File:Bonda women at the market 10.jpg,https://commons.wikimedia.org/wiki/File:Bonda_women_at_the_market_10.jpg,cc by-sa 4.0,Drashokk,2560,1714,kept,
south_asia_0116.jpg,south_asia,People of India,File:BPV.jpg,https://commons.wikimedia.org/wiki/File:BPV.jpg,cc by-sa 4.0,Rvrpandith,2048,1365,kept,
south_asia_0117.jpg,south_asia,People of India,File:Brahmarishi Daivaratha 1.jpg,https://commons.wikimedia.org/wiki/File:Brahmarishi_Daivaratha_1.jpg,cc by-sa 4.0,Shreenidhi B,851,1224,rejected,other
south_asia_0118.jpg,south_asia,People of India,File:Brahmeshanand swamiji.jpg,https://commons.wikimedia.org/wiki/File:Brahmeshanand_swamiji.jpg,cc by-sa 4.0,Sadgurudevgoa,6264,4180,rejected,other
south_asia_0119.jpg,south_asia,People of India,File:Brahmrishi Shree Kumar Swami Ji.jpg,https://commons.wikimedia.org/wiki/File:Brahmrishi_Shree_Kumar_Swami_Ji.jpg,cc by-sa 4.0,Princehr999,716,927,rejected,other
south_asia_0120.jpg,south_asia,People of India,File:Brass band players in India IMG 8870.jpg,https://commons.wikimedia.org/wiki/File:Brass_band_players_in_India_IMG_8870.jpg,cc by-sa 4.0,Sumita Roy Dutta,5184,3456,kept,
south_asia_0121.jpg,south_asia,People of India,File:Bright future? (159405824).jpg,https://commons.wikimedia.org/wiki/File:Bright_future%3F_(159405824).jpg,cc by 2.0,Paul Varuni,1966,1647,kept,
south_asia_0122.jpg,south_asia,People of India,File:Brothers lock.jpg,https://commons.wikimedia.org/wiki/File:Brothers_lock.jpg,cc by-sa 4.0,Nitin goje 1,3320,2204,kept,
south_asia_0123.jpg,south_asia,People of India,File:Bukan at press conference meeting DLF.jpg,https://commons.wikimedia.org/wiki/File:Bukan_at_press_conference_meeting_DLF.jpg,cc by-sa 3.0,BukanDas,3291,2219,kept,
south_asia_0124.jpg,south_asia,People of India,File:CAC CC 001 18 34 0000 3363a.jpg,https://commons.wikimedia.org/wiki/File:CAC_CC_001_18_34_0000_3363a.jpg,cc by-sa 4.0,"Carl Albert Research and Studies Center, Congressional Collection",2872,2145,kept,
south_asia_0125.jpg,south_asia,People of India,File:Can-protect-foundation-north-india-first-thermo-mammography-machine.jpg,https://commons.wikimedia.org/wiki/File:Can-protect-foundation-north-india-first-thermo-mammography-machine.jpg,cc by-sa 4.0,Gizingle,2500,2085,kept,
south_asia_0126.jpg,south_asia,People of India,File:Captain Jai Singh Sadana.jpg,https://commons.wikimedia.org/wiki/File:Captain_Jai_Singh_Sadana.jpg,cc by-sa 4.0,Captain Jai Singh Sadana,1920,989,rejected,other
south_asia_0127.jpg,south_asia,People of India,File:Cedar Walton Trio-01 (6257886564).jpg,https://commons.wikimedia.org/wiki/File:Cedar_Walton_Trio-01_(6257886564).jpg,cc by 2.0,"Ramnath Bhat from PUNE, India",2100,1500,rejected,other
south_asia_0128.jpg,south_asia,People of India,File:Cedar Walton Trio-02 (6257358323).jpg,https://commons.wikimedia.org/wiki/File:Cedar_Walton_Trio-02_(6257358323).jpg,cc by 2.0,"Ramnath Bhat from PUNE, India",2100,1500,kept,
south_asia_0129.jpg,south_asia,People of India,File:Cedar Walton Trio-03 (6257357987).jpg,https://commons.wikimedia.org/wiki/File:Cedar_Walton_Trio-03_(6257357987).jpg,cc by 2.0,"Ramnath Bhat from PUNE, India",2100,1500,kept,
south_asia_0130.jpg,south_asia,People of India,File:Chaka Kedar doti gadsera.jpg,https://commons.wikimedia.org/wiki/File:Chaka_Kedar_doti_gadsera.jpg,cc by-sa 4.0,कत्यूरी राजाका वंशज,988,741,rejected,other
south_asia_0131.jpg,south_asia,People of India,File:Character in “Gavari” - Rajasthan's mystical tribal dance drama-Edit.jpg,https://commons.wikimedia.org/wiki/File:Character_in_%E2%80%9CGavari%E2%80%9D_-_Rajasthan%27s_mystical_tribal_dance_drama-Edit.jpg,cc by-sa 4.0,TAPAS KUMAR HALDER,6000,4000,kept,
south_asia_0132.jpg,south_asia,People of India,"File:Chaulmoogra oil factory of Prasana Kumar Sen, Chittagong. Ph Wellcome V0027698.jpg","https://commons.wikimedia.org/wiki/File:Chaulmoogra_oil_factory_of_Prasana_Kumar_Sen,_Chittagong._Ph_Wellcome_V0027698.jpg",cc by 4.0,,3288,2264,rejected,other
south_asia_0133.jpg,south_asia,People of India,File:Chemistry lab (6146864098).jpg,https://commons.wikimedia.org/wiki/File:Chemistry_lab_(6146864098).jpg,cc by 2.0,"Barry Pousman from New York, NY",4000,3000,rejected,other
south_asia_0134.jpg,south_asia,People of India,File:Child plays cricket.jpg,https://commons.wikimedia.org/wiki/File:Child_plays_cricket.jpg,cc by-sa 4.0,Skp000,2448,3264,kept,
south_asia_0135.jpg,south_asia,People of India,File:Children in alleyway (Unsplash).jpg,https://commons.wikimedia.org/wiki/File:Children_in_alleyway_(Unsplash).jpg,cc0,Nischal Masand nischalmasand,5184,2912,kept,
south_asia_0136.jpg,south_asia,People of India,File:Chunnu. The girl of indian village .jpg,https://commons.wikimedia.org/wiki/File:Chunnu._The_girl_of_indian_village_.jpg,cc by-sa 4.0,Rajeshbahuguna.in,4160,3120,kept,
south_asia_0137.jpg,south_asia,People of India,File:Cii-meeting.jpg,https://commons.wikimedia.org/wiki/File:Cii-meeting.jpg,cc by-sa 4.0,Omprakash Sugumar,2544,3480,rejected,other
south_asia_0138.jpg,south_asia,People of India,File:City of india.jpg,https://commons.wikimedia.org/wiki/File:City_of_india.jpg,cc by-sa 4.0,Manoj manoj 002,2448,3264,kept,
south_asia_0139.jpg,south_asia,People of India,File:Class (6146303085).jpg,https://commons.wikimedia.org/wiki/File:Class_(6146303085).jpg,cc by 2.0,"Barry Pousman from New York, NY",4000,3000,kept,
south_asia_0140.jpg,south_asia,People of India,File:Colors Of India by Bob Rottenberg (49848026103).jpg,https://commons.wikimedia.org/wiki/File:Colors_Of_India_by_Bob_Rottenberg_(49848026103).jpg,cc by 2.0,"Channel City Camera Club from Santa Barbara, US",4000,2300,kept,
south_asia_0141.jpg,south_asia,People of India,File:Colours of Holi - Flickr - Dr. Santulan Mahanta.jpg,https://commons.wikimedia.org/wiki/File:Colours_of_Holi_-_Flickr_-_Dr._Santulan_Mahanta.jpg,cc by 2.0,"Santulan Mahanta from Golaghat (GLGT), Guwahati (GHY), Lucknow (LKO), New Delhi (NDLS), INDIA",2448,1836,kept,
south_asia_0142.jpg,south_asia,People of India,File:Comeback to nature.jpg,https://commons.wikimedia.org/wiki/File:Comeback_to_nature.jpg,cc by-sa 4.0,Raj-1984,3264,2448,kept,
south_asia_0143.jpg,south_asia,People of India,File:Communist parade (6297059793).jpg,https://commons.wikimedia.org/wiki/File:Communist_parade_(6297059793).jpg,cc by 2.0,"Barry Pousman from New York, NY",4000,2672,kept,
south_asia_0144.jpg,south_asia,People of India,File:Communist Rally in Pondicherry (6290925239).jpg,https://commons.wikimedia.org/wiki/File:Communist_Rally_in_Pondicherry_(6290925239).jpg,cc by 2.0,"Barry Pousman from New York, NY",4000,2672,kept,
south_asia_0145.jpg,south_asia,People of India,File:Communist women (6297059809).jpg,https://commons.wikimedia.org/wiki/File:Communist_women_(6297059809).jpg,cc by 2.0,"Barry Pousman from New York, NY",4000,2672,kept,
south_asia_0146.jpg,south_asia,People of India,File:Community Development through Football.jpg,https://commons.wikimedia.org/wiki/File:Community_Development_through_Football.jpg,cc by-sa 4.0,Slum Soccer,4433,3236,kept,
south_asia_0147.jpg,south_asia,People of India,File:Construction high up (7663110408).jpg,https://commons.wikimedia.org/wiki/File:Construction_high_up_(7663110408).jpg,cc by 2.0,Apoorva Jinka,4000,3000,kept,
south_asia_0148.jpg,south_asia,People of India,"File:Cooling overheated Jeep, West Sikkim.jpg","https://commons.wikimedia.org/wiki/File:Cooling_overheated_Jeep,_West_Sikkim.jpg",cc by-sa 4.0,Drashokk,2560,1697,kept,
south_asia_0149.jpg,south_asia,People of India,"File:Copalaswami Ayyangar, Minister for States, Addressing the Rajpramukhs’ Conference in New Delhi on March 16 1952.jpg","https://commons.wikimedia.org/wiki/File:Copalaswami_Ayyangar,_Minister_for_States,_Addressing_the_Rajpramukhs%E2%80%99_Conference_in_New_Delhi_on_March_16_1952.jpg",public domain,"Photo division, Government of India",807,623,kept,
south_asia_0150.jpg,south_asia,People of India,File:Crowd in HMM.jpg,https://commons.wikimedia.org/wiki/File:Crowd_in_HMM.jpg,cc by-sa 4.0,Pragya Gulati 1992,6016,4000,kept,
south_asia_0151.jpg,south_asia,People of India,File:CSI 2015 Convention.jpg,https://commons.wikimedia.org/wiki/File:CSI_2015_Convention.jpg,cc by-sa 4.0,Hagohel,1600,1200,kept,
south_asia_0152.jpg,south_asia,People of India,File:Cultural dance in India.jpg,https://commons.wikimedia.org/wiki/File:Cultural_dance_in_India.jpg,cc by-sa 4.0,"J. Vimal, Director of Epiphany Centre",4608,3072,kept,
south_asia_0153.jpg,south_asia,People of India,File:Culture Minister.jpg,https://commons.wikimedia.org/wiki/File:Culture_Minister.jpg,cc by-sa 4.0,Dhammapower,820,725,kept,
south_asia_0154.jpg,south_asia,People of India,File:Cute (6146333353).jpg,https://commons.wikimedia.org/wiki/File:Cute_(6146333353).jpg,cc by 2.0,"Barry Pousman from New York, NY",4000,3000,kept,
south_asia_0155.jpg,south_asia,People of India,File:Cycle van in Taki.jpg,https://commons.wikimedia.org/wiki/File:Cycle_van_in_Taki.jpg,cc by 2.0,"Santanu Chandra from Kolkata, India",3864,2180,kept,
south_asia_0156.jpg,south_asia,People of India,File:Cyclopedia universal history - embracing the most complete and recent presentation of the subject in two principal parts or divisions of more than six thousand pages (1895) (14780825714).jpg,https://commons.wikimedia.org/wiki/File:Cyclopedia_universal_history_-_embracing_the_most_complete_and_recent_presentation_of_the_subject_in_two_principal_parts_or_divisions_of_more_than_six_thousand_pages_(1895)_(14780825714).jpg,no restrictions,Internet Archive Book Images,2656,1728,rejected,other
south_asia_0157.jpg,south_asia,People of India,File:Dam naature.jpg,https://commons.wikimedia.org/wiki/File:Dam_naature.jpg,cc by-sa 4.0,Akashj298,2136,801,rejected,other
south_asia_0158.jpg,south_asia,People of India,File:Dance drama (6193870369).jpg,https://commons.wikimedia.org/wiki/File:Dance_drama_(6193870369).jpg,cc by 2.0,"Ramnath Bhat from PUNE, India",1200,857,kept,
south_asia_0159.jpg,south_asia,People of India,File:Dance Drama (6194387980).jpg,https://commons.wikimedia.org/wiki/File:Dance_Drama_(6194387980).jpg,cc by 2.0,"Ramnath Bhat from PUNE, India",1200,857,kept,
south_asia_0160.jpg,south_asia,People of India,"File:Dancers, New Delhi (10691300943).jpg","https://commons.wikimedia.org/wiki/File:Dancers,_New_Delhi_(10691300943).jpg",cc by 2.0,Department of Foreign Affairs and Trade,2818,1879,kept,
south_asia_0161.jpg,south_asia,People of India,File:Dandi-natana.jpg,https://commons.wikimedia.org/wiki/File:Dandi-natana.jpg,cc by-sa 3.0,Desvanbhaskar (talk) (Uploads),1232,1600,kept,
south_asia_0162.png,south_asia,People of India,File:Darbara Singh.png,https://commons.wikimedia.org/wiki/File:Darbara_Singh.png,public domain,Government of Punjab,720,1096,rejected,other
south_asia_0163.jpg,south_asia,People of India,File:Darwesh kaliyari .jpg,https://commons.wikimedia.org/wiki/File:Darwesh_kaliyari_.jpg,cc by-sa 4.0,Abu swaleh Muhammad,732,976,kept,
south_asia_0164.jpg,south_asia,People of India,File:Darwesh kaliyari jpg..jpg,https://commons.wikimedia.org/wiki/File:Darwesh_kaliyari_jpg..jpg,cc by-sa 4.0,Aashiq e Rihan kaliyari,896,1888,kept,
south_asia_0165.jpg,south_asia,People of India,File:Dasar05.jpg,https://commons.wikimedia.org/wiki/File:Dasar05.jpg,cc by-sa 4.0,Dasari Krishna,6240,4160,kept,
south_asia_0166.jpg,south_asia,People of India,File:Dasari02.jpg,https://commons.wikimedia.org/wiki/File:Dasari02.jpg,cc by-sa 4.0,Dasari Krishna,6240,4160,kept,
south_asia_0167.jpg,south_asia,People of India,File:Dasari03.jpg,https://commons.wikimedia.org/wiki/File:Dasari03.jpg,cc by-sa 4.0,Dasari Krishna,6240,4160,kept,
south_asia_0168.jpg,south_asia,People of India,File:Dasari04.jpg,https://commons.wikimedia.org/wiki/File:Dasari04.jpg,cc by-sa 4.0,Dasari Krishna,4160,6240,kept,
south_asia_0169.jpg,south_asia,People of India,File:Dasari06.jpg,https://commons.wikimedia.org/wiki/File:Dasari06.jpg,cc by-sa 4.0,Dasari Krishna,6240,4160,kept,
south_asia_0170.jpg,south_asia,People of India,File:DCP 0951 (100421677).jpg,https://commons.wikimedia.org/wiki/File:DCP_0951_(100421677).jpg,cc by-sa 2.0,"Frederick Noronha  fredericknoronha1@gmail.com from Goa, India, India",1760,1168,kept,
south_asia_0171.jpg,south_asia,People of India,File:Debjit Lahiri in Milwaukee (2025).jpg,https://commons.wikimedia.org/wiki/File:Debjit_Lahiri_in_Milwaukee_(2025).jpg,cc by-sa 4.0,EmotionalCricket,1206,1153,rejected,other
south_asia_0172.png,south_asia,People of India,File:Deepak Panchal.png,https://commons.wikimedia.org/wiki/File:Deepak_Panchal.png,cc by-sa 4.0,Deepak Panchal 4,864,1184,rejected,other
south_asia_0173.png,south_asia,People of India,File:DevantMaharaj.png,https://commons.wikimedia.org/wiki/File:DevantMaharaj.png,cc by-sa 4.0,Arimaboss,1304,1570,rejected,other
south_asia_0174.jpg,south_asia,People of India,File:Developmental pathway in Singbhum region.jpg,https://commons.wikimedia.org/wiki/File:Developmental_pathway_in_Singbhum_region.jpg,cc by-sa 4.0,Gauravsoy,2448,3060,rejected,other
south_asia_0175.jpg,south_asia,People of India,File:Devendra Kumar Gupta.jpg,https://commons.wikimedia.org/wiki/File:Devendra_Kumar_Gupta.jpg,cc by-sa 4.0,Laadlidevendra,4072,3456,kept,
south_asia_0176.jpg,south_asia,People of India,File:Devendra Kumar Nayan.jpg,https://commons.wikimedia.org/wiki/File:Devendra_Kumar_Nayan.jpg,cc by-sa 4.0,Dknayan,1282,1721,rejected,other
south_asia_0177.jpg,south_asia,People of India,File:Devotee.jpg,https://commons.wikimedia.org/wiki/File:Devotee.jpg,cc by-sa 4.0,Sukantamondal72,1676,1080,kept,
south_asia_0178.jpg,south_asia,People of India,File:Devotional (alagukuthuthal).jpg,https://commons.wikimedia.org/wiki/File:Devotional_(alagukuthuthal).jpg,cc by-sa 4.0,Ram2909,2656,3984,kept,
south_asia_0179.png,south_asia,People of India,File:Dhanya Varma.png,https://commons.wikimedia.org/wiki/File:Dhanya_Varma.png,cc by-sa 4.0,Joseph~enwiki,1920,1080,rejected,other
south_asia_0180.jpg,south_asia,People of India,File:Dharna (protest).jpg,https://commons.wikimedia.org/wiki/File:Dharna_(protest).jpg,cc by-sa 4.0,Fai2569,5184,3456,kept,
south_asia_0181.jpg,south_asia,People of India,File:Dheeraj saraswat taking Award from HH Vice President of India.jpg,https://commons.wikimedia.org/wiki/File:Dheeraj_saraswat_taking_Award_from_HH_Vice_President_of_India.jpg,cc by-sa 4.0,Rusianejohn,1280,861,kept,
south_asia_0182.jpg,south_asia,People of India,File:Dhobi-washerman-clean.jpg,https://commons.wikimedia.org/wiki/File:Dhobi-washerman-clean.jpg,cc by 4.0,Paper Jewels,849,1200,rejected,other
south_asia_0183.jpg,south_asia,People of India,File:Dhrubajyoti Chattopadhyay Shakes Hands with Anil Shrikrishna Manekar - Science City - Kolkata 2016-07-01 5430.JPG,https://commons.wikimedia.org/wiki/File:Dhrubajyoti_Chattopadhyay_Shakes_Hands_with_Anil_Shrikrishna_Manekar_-_Science_City_-_Kolkata_2016-07-01_5430.JPG,cc by 3.0,Biswarup Ganguly,4288,2848,kept,
south_asia_0184.jpg,south_asia,People of India,File:Dhrubajyoti Chattopadhyay Shakes Hands with Arijit Dutta Choudhury - Science City - Kolkata 2016-07-01 5426.jpg,https://commons.wikimedia.org/wiki/File:Dhrubajyoti_Chattopadhyay_Shakes_Hands_with_Arijit_Dutta_Choudhury_-_Science_City_-_Kolkata_2016-07-01_5426.jpg,cc by 3.0,Biswarup Ganguly,4288,2848,rejected,other
south_asia_0185.jpg,south_asia,People of India,File:Dhruv Mohite Profile Picture at Racing Track.jpg,https://commons.wikimedia.org/wiki/File:Dhruv_Mohite_Profile_Picture_at_Racing_Track.jpg,cc by-sa 4.0,Ramborau,2677,4016,kept,
south_asia_0186.jpg,south_asia,People of India,File:Digitaldon.jpg,https://commons.wikimedia.org/wiki/File:Digitaldon.jpg,cc by-sa 4.0,Mandapam,1024,768,kept,
south_asia_0187.jpg,south_asia,People of India,File:DILSLKS-Anita.jpg,https://commons.wikimedia.org/wiki/File:DILSLKS-Anita.jpg,public domain,User:Usingha,1600,1200,kept,
south_asia_0188.jpg,south_asia,People of India,File:Dipin Augustine.jpg,https://commons.wikimedia.org/wiki/File:Dipin_Augustine.jpg,cc by-sa 4.0,Dipin.Augustine,2598,2244,kept,
south_asia_0189.jpg,south_asia,People of India,File:Directors Rohit & Sasi.jpg,https://commons.wikimedia.org/wiki/File:Directors_Rohit_%26_Sasi.jpg,cc by-sa 4.0,Avanti Ruya,6000,4000,kept,
south_asia_0190.jpg,south_asia,People of India,File:Distributing Food Packets.jpg,https://commons.wikimedia.org/wiki/File:Distributing_Food_Packets.jpg,cc by-sa 4.0,Opeshsingh,6000,4000,kept,
south_asia_0191.jpg,south_asia,People of India,File:Distributing raveladdu to children1.jpg,https://commons.wikimedia.org/wiki/File:Distributing_raveladdu_to_children1.jpg,cc by-sa 4.0,Nashvara,4032,3024,kept,
south_asia_0192.jpg,south_asia,People of India,File:Distributing raveladdu to children2.jpg,https://commons.wikimedia.org/wiki/File:Distributing_raveladdu_to_children2.jpg,cc by-sa 4.0,Nashvara,4032,3024,rejected,other
south_asia_0193.jpg,south_asia,People of India,File:Divyansh Shukla (photograph).jpg,https://commons.wikimedia.org/wiki/File:Divyansh_Shukla_(photograph).jpg,cc by-sa 4.0,Adam884420,1024,936,rejected,other
south_asia_0194.jpg,south_asia,People of India,File:Diwali at Shaniwar Wada (6279090011).jpg,https://commons.wikimedia.org/wiki/File:Diwali_at_Shaniwar_Wada_(6279090011).jpg,cc by 2.0,"Ramnath Bhat from PUNE, India",1500,2100,kept,
south_asia_0195.jpg,south_asia,People of India,File:DN Mishra.jpg,https://commons.wikimedia.org/wiki/File:DN_Mishra.jpg,cc by 3.0,Mrsudhanshukr,1080,657,rejected,other
south_asia_0196.jpg,south_asia,People of India,File:Doli at Palitana.jpg,https://commons.wikimedia.org/wiki/File:Doli_at_Palitana.jpg,cc by-sa 4.0,Bhavyesh Acharya,2400,1600,kept,
south_asia_0197.jpg,south_asia,People of India,"File:Dolon Prova and Afifa Afrin with the performers of cultural program at Wikiconference India 2016, 5 August 2016 01.jpg","https://commons.wikimedia.org/wiki/File:Dolon_Prova_and_Afifa_Afrin_with_the_performers_of_cultural_program_at_Wikiconference_India_2016,_5_August_2016_01.jpg",cc by-sa 4.0,Ibrahim Husain Meraj,4608,3456,rejected,other
south_asia_0198.jpg,south_asia,People of India,"File:Dolon Prova and Afifa Afrin with the performers of cultural program at Wikiconference India 2016, 5 August 2016.jpg","https://commons.wikimedia.org/wiki/File:Dolon_Prova_and_Afifa_Afrin_with_the_performers_of_cultural_program_at_Wikiconference_India_2016,_5_August_2016.jpg",cc by-sa 4.0,Ibrahim Husain Meraj,4608,3456,kept,
south_asia_0199.jpg,south_asia,People of India,"File:Dr Arvind Gupta, tracking down grassroot innovation in INdia.jpg","https://commons.wikimedia.org/wiki/File:Dr_Arvind_Gupta,_tracking_down_grassroot_innovation_in_INdia.jpg",cc by-sa 4.0,Fredericknoronha,2816,2112,kept,
south_asia_0200.jpg,south_asia,People of India,File:Dr Ashish Bhanot.jpg,https://commons.wikimedia.org/wiki/File:Dr_Ashish_Bhanot.jpg,cc by 2.0,Bhanot  Ashish,2268,2835,rejected,other
south_asia_0201.jpg,south_asia,People of India,File:Dr Dulari receving award.JPG,https://commons.wikimedia.org/wiki/File:Dr_Dulari_receving_award.JPG,cc by-sa 3.0,Nefirious at English Wikipedia,1323,876,kept,
south_asia_0202.jpg,south_asia,People of India,File:Dr harleen Kaur mansar lake near udhampur.jpg,https://commons.wikimedia.org/wiki/File:Dr_harleen_Kaur_mansar_lake_near_udhampur.jpg,cc by-sa 4.0,Drharleen,1960,4032,kept,
south_asia_0203.jpg,south_asia,People of India,"File:Dr KR Balakrishnan, Fortis Malar Hospital, Chennai.jpg","https://commons.wikimedia.org/wiki/File:Dr_KR_Balakrishnan,_Fortis_Malar_Hospital,_Chennai.jpg",cc by-sa 3.0,Brandvenkatr,5760,3840,kept,
south_asia_0204.jpg,south_asia,People of India,File:Dr Ricardo Baptista Leite with Dr. Edmond & Cynthia Fernandes outside the Portugese National Parliament in Lisbon.jpg,https://commons.wikimedia.org/wiki/File:Dr_Ricardo_Baptista_Leite_with_Dr._Edmond_%26_Cynthia_Fernandes_outside_the_Portugese_National_Parliament_in_Lisbon.jpg,cc by-sa 4.0,Ginevrajocosa88,4608,3456,kept,
south_asia_0205.jpg,south_asia,People of India,File:Dr Sunil Gupta.jpg,https://commons.wikimedia.org/wiki/File:Dr_Sunil_Gupta.jpg,cc by-sa 4.0,Harsh7agl,4928,3264,rejected,other
south_asia_0206.jpg,south_asia,People of India,File:Dr Thampil Pankaj.jpg,https://commons.wikimedia.org/wiki/File:Dr_Thampil_Pankaj.jpg,cc by-sa 4.0,Vinayannediyiruppu,937,1085,rejected,other
south_asia_0207.jpg,south_asia,People of India,File:Dr. Amanullah Madani.jpg,https://commons.wikimedia.org/wiki/File:Dr._Amanullah_Madani.jpg,cc by-sa 4.0,TosifBuilds,2048,2048,rejected,other
south_asia_0208.jpg,south_asia,People of India,File:Dr. Edmond Fernandes in 2023.jpg,https://commons.wikimedia.org/wiki/File:Dr._Edmond_Fernandes_in_2023.jpg,cc by-sa 4.0,Ginevrajocosa88,4032,3024,rejected,other
south_asia_0209.jpg,south_asia,People of India,File:Dr. Emani ShivaNagiReddy.jpg,https://commons.wikimedia.org/wiki/File:Dr._Emani_ShivaNagiReddy.jpg,cc by-sa 4.0,Dr. Emani ShivaNagiReddy,1275,1275,rejected,other
south_asia_0210.jpg,south_asia,People of India,File:Dr. Gauthamadas Rising Leadership Award.jpg,https://commons.wikimedia.org/wiki/File:Dr._Gauthamadas_Rising_Leadership_Award.jpg,cc by-sa 4.0,Docgautham,4928,3264,kept,
south_asia_0211.jpg,south_asia,People of India,File:Dr. James Shepherd (of Udaipur).jpg,https://commons.wikimedia.org/wiki/File:Dr._James_Shepherd_(of_Udaipur).jpg,public domain,unnamed,2968,3951,rejected,other
south_asia_0212.png,south_asia,People of India,File:Dr. Omprakash Shete.png,https://commons.wikimedia.org/wiki/File:Dr._Omprakash_Shete.png,cc by-sa 4.0,Rahulkthorat,2480,2942,rejected,other
south_asia_0213.jpg,south_asia,People of India,File:Dr. Ramakanta Panda.jpg,https://commons.wikimedia.org/wiki/File:Dr._Ramakanta_Panda.jpg,cc by-sa 4.0,Phunsuk Deshwa,916,612,kept,
south_asia_0214.jpg,south_asia,People of India,File:Dr. Smt. Prabha Atre (9415373204).jpg,https://commons.wikimedia.org/wiki/File:Dr._Smt._Prabha_Atre_(9415373204).jpg,cc by 2.0,"Ramnath Bhat from PUNE, India",1500,2100,rejected,other
south_asia_0215.jpg,south_asia,People of India,File:Dr. Suri Sehgal.jpg,https://commons.wikimedia.org/wiki/File:Dr._Suri_Sehgal.jpg,cc0,Sehgal Foundation,2409,3733,rejected,other
south_asia_0216.jpg,south_asia,People of India,File:Dr.Abdul Kalam Appreciating Mohamed Ashik.jpg,https://commons.wikimedia.org/wiki/File:Dr.Abdul_Kalam_Appreciating_Mohamed_Ashik.jpg,cc by-sa 4.0,Mohamed Ashik,2400,3405,kept,
south_asia_0217.jpg,south_asia,People of India,File:DR.S.SELVAGANESH.jpg,https://commons.wikimedia.org/wiki/File:DR.S.SELVAGANESH.jpg,cc by-sa 4.0,S.SELVAGANESH BHP,1280,853,rejected,other
south_asia_0218.jpg,south_asia,People of India,File:Dr.Utpaljyoti Mahanta.jpg,https://commons.wikimedia.org/wiki/File:Dr.Utpaljyoti_Mahanta.jpg,cc by-sa 4.0,JyotiPN,2548,1969,rejected,other
south_asia_0219.jpg,south_asia,People of India,File:Dr.Vijayalakshmi Ishwarappa Balekundri.jpg,https://commons.wikimedia.org/wiki/File:Dr.Vijayalakshmi_Ishwarappa_Balekundri.jpg,cc by-sa 4.0,Vinay Ramesh R,1280,1084,kept,
south_asia_0220.jpg,south_asia,People of India,File:DSC06949 Magical Moments captured by Adnan Safee.jpg,https://commons.wikimedia.org/wiki/File:DSC06949_Magical_Moments_captured_by_Adnan_Safee.jpg,cc by 4.0,Safee.adnan,6000,4000,kept,
south_asia_0221.jpg,south_asia,People of India,File:DSC06952 Magical Moments captured by Adnan Safee.jpg,https://commons.wikimedia.org/wiki/File:DSC06952_Magical_Moments_captured_by_Adnan_Safee.jpg,cc by 4.0,Safee.adnan,6000,4000,kept,
south_asia_0222.jpg,south_asia,People of India,File:DSC06977 Magical Moments captured by Adnan Safee.jpg,https://commons.wikimedia.org/wiki/File:DSC06977_Magical_Moments_captured_by_Adnan_Safee.jpg,cc by 4.0,Safee.adnan,6000,4000,rejected,other
south_asia_0223.jpg,south_asia,People of India,File:DSC06989 Magical Moments captured by Adnan Safee.jpg,https://commons.wikimedia.org/wiki/File:DSC06989_Magical_Moments_captured_by_Adnan_Safee.jpg,cc by 4.0,Safee.adnan,6000,4000,rejected,other
south_asia_0224.jpg,south_asia,People of India,File:DSC06997 Magical Moments captured by Adnan Safee.jpg,https://commons.wikimedia.org/wiki/File:DSC06997_Magical_Moments_captured_by_Adnan_Safee.jpg,cc by 4.0,Safee.adnan,6000,4000,rejected,other
south_asia_0225.jpg,south_asia,People of India,File:DSC07006 Magical Moments captured by Adnan Safee.jpg,https://commons.wikimedia.org/wiki/File:DSC07006_Magical_Moments_captured_by_Adnan_Safee.jpg,cc by 4.0,Safee.adnan,6000,4000,rejected,other
south_asia_0226.jpg,south_asia,People of India,File:DSC07023 Magical Moments captured by Adnan Safee.jpg,https://commons.wikimedia.org/wiki/File:DSC07023_Magical_Moments_captured_by_Adnan_Safee.jpg,cc by 4.0,Safee.adnan,6000,4000,rejected,other
south_asia_0227.jpg,south_asia,People of India,File:DSC07026 Magical Moments captured by Adnan Safee.jpg,https://commons.wikimedia.org/wiki/File:DSC07026_Magical_Moments_captured_by_Adnan_Safee.jpg,cc by 4.0,Safee.adnan,6000,4000,rejected,other
south_asia_0228.jpg,south_asia,People of India,File:DSC07034 Magical Moments captured by Adnan Safee.jpg,https://commons.wikimedia.org/wiki/File:DSC07034_Magical_Moments_captured_by_Adnan_Safee.jpg,cc by 4.0,Safee.adnan,6000,4000,rejected,other
south_asia_0229.jpg,south_asia,People of India,File:DSC07044 Magical Moments captured by Adnan Safee.jpg,https://commons.wikimedia.org/wiki/File:DSC07044_Magical_Moments_captured_by_Adnan_Safee.jpg,cc by 4.0,Safee.adnan,6000,4000,rejected,other
south_asia_0230.jpg,south_asia,People of India,File:DSC07065 Magical Moments captured by Adnan Safee.jpg,https://commons.wikimedia.org/wiki/File:DSC07065_Magical_Moments_captured_by_Adnan_Safee.jpg,cc by 4.0,Safee.adnan,6000,4000,kept,
south_asia_0231.jpg,south_asia,People of India,File:DSC07089 Magical Moments captured by Adnan Safee.jpg,https://commons.wikimedia.org/wiki/File:DSC07089_Magical_Moments_captured_by_Adnan_Safee.jpg,cc by 4.0,Safee.adnan,6000,4000,rejected,other
south_asia_0232.jpg,south_asia,People of India,File:DSC07105 Magical Moments captured by Adnan Safee.jpg,https://commons.wikimedia.org/wiki/File:DSC07105_Magical_Moments_captured_by_Adnan_Safee.jpg,cc by 4.0,Safee.adnan,6000,4000,rejected,other
south_asia_0233.jpg,south_asia,People of India,File:DSC07107 Magical Moments captured by Adnan Safee.jpg,https://commons.wikimedia.org/wiki/File:DSC07107_Magical_Moments_captured_by_Adnan_Safee.jpg,cc by 4.0,Safee.adnan,6000,4000,rejected,other
south_asia_0234.jpg,south_asia,People of India,File:DSC07110 Magical Moments captured by Adnan Safee.jpg,https://commons.wikimedia.org/wiki/File:DSC07110_Magical_Moments_captured_by_Adnan_Safee.jpg,cc by 4.0,Safee.adnan,6000,4000,rejected,other
south_asia_0235.jpg,south_asia,People of India,File:DSC07134 Magical Moments captured by Adnan Safee.jpg,https://commons.wikimedia.org/wiki/File:DSC07134_Magical_Moments_captured_by_Adnan_Safee.jpg,cc by 4.0,Safee.adnan,6000,4000,kept,
south_asia_0236.jpg,south_asia,People of India,File:DSC07135 Magical Moments captured by Adnan Safee.jpg,https://commons.wikimedia.org/wiki/File:DSC07135_Magical_Moments_captured_by_Adnan_Safee.jpg,cc by 4.0,Safee.adnan,6000,4000,rejected,other
south_asia_0237.jpg,south_asia,People of India,File:DSC07138 Magical Moments captured by Adnan Safee.jpg,https://commons.wikimedia.org/wiki/File:DSC07138_Magical_Moments_captured_by_Adnan_Safee.jpg,cc by 4.0,Safee.adnan,6000,4000,rejected,other
south_asia_0238.jpg,south_asia,People of India,File:DSC07152 Magical Moments captured by Adnan Safee.jpg,https://commons.wikimedia.org/wiki/File:DSC07152_Magical_Moments_captured_by_Adnan_Safee.jpg,cc by 4.0,Safee.adnan,6000,4000,rejected,other
south_asia_0239.jpg,south_asia,People of India,File:DSC07158 Magical Moments captured by Adnan Safee.jpg,https://commons.wikimedia.org/wiki/File:DSC07158_Magical_Moments_captured_by_Adnan_Safee.jpg,cc by 4.0,Safee.adnan,6000,4000,rejected,other
south_asia_0240.jpg,south_asia,People of India,File:DSC07182 Magical Moments captured by Adnan Safee.jpg,https://commons.wikimedia.org/wiki/File:DSC07182_Magical_Moments_captured_by_Adnan_Safee.jpg,cc by 4.0,Safee.adnan,6000,4000,rejected,other
south_asia_0241.jpg,south_asia,People of India,File:DSC07183 Magical Moments captured by Adnan Safee.jpg,https://commons.wikimedia.org/wiki/File:DSC07183_Magical_Moments_captured_by_Adnan_Safee.jpg,cc by 4.0,Safee.adnan,6000,4000,rejected,other
south_asia_0242.jpg,south_asia,People of India,File:DSC07186 Magical Moments captured by Adnan Safee.jpg,https://commons.wikimedia.org/wiki/File:DSC07186_Magical_Moments_captured_by_Adnan_Safee.jpg,cc by 4.0,Safee.adnan,6000,4000,rejected,other
south_asia_0243.jpg,south_asia,People of India,File:DSC07194 Magical Moments captured by Adnan Safee.jpg,https://commons.wikimedia.org/wiki/File:DSC07194_Magical_Moments_captured_by_Adnan_Safee.jpg,cc by 4.0,Safee.adnan,6000,4000,rejected,other
south_asia_0244.jpg,south_asia,People of India,File:DSC07203 Magical Moments captured by Adnan Safee.jpg,https://commons.wikimedia.org/wiki/File:DSC07203_Magical_Moments_captured_by_Adnan_Safee.jpg,cc by 4.0,Safee.adnan,6000,4000,kept,
south_asia_0245.jpg,south_asia,People of India,File:DSC07209 Magical Moments captured by Adnan Safee.jpg,https://commons.wikimedia.org/wiki/File:DSC07209_Magical_Moments_captured_by_Adnan_Safee.jpg,cc by 4.0,Safee.adnan,6000,4000,kept,
south_asia_0246.jpg,south_asia,People of India,File:DSC07212 Magical Moments captured by Adnan Safee.jpg,https://commons.wikimedia.org/wiki/File:DSC07212_Magical_Moments_captured_by_Adnan_Safee.jpg,cc by 4.0,Safee.adnan,6000,4000,kept,
south_asia_0247.jpg,south_asia,People of India,File:DSC07233 Magical Moments captured by Adnan Safee.jpg,https://commons.wikimedia.org/wiki/File:DSC07233_Magical_Moments_captured_by_Adnan_Safee.jpg,cc by 4.0,Safee.adnan,6000,4000,rejected,other
south_asia_0248.jpg,south_asia,People of India,File:DSC07293 Magical Moments captured by Adnan Safee.jpg,https://commons.wikimedia.org/wiki/File:DSC07293_Magical_Moments_captured_by_Adnan_Safee.jpg,cc by 4.0,Safee.adnan,6000,4000,rejected,other
south_asia_0249.jpg,south_asia,People of India,File:DSC07295 Magical Moments captured by Adnan Safee.jpg,https://commons.wikimedia.org/wiki/File:DSC07295_Magical_Moments_captured_by_Adnan_Safee.jpg,cc by 4.0,Safee.adnan,6000,4000,rejected,other
south_asia_0250.jpg,south_asia,People of India,File:Elderly man in traditional turban and shawl in rural India.jpg,https://commons.wikimedia.org/wiki/File:Elderly_man_in_traditional_turban_and_shawl_in_rural_India.jpg,cc by-sa 4.0,The open draft,3060,4080,kept,
south_asia_0251.jpg,south_asia,People of India,File:Elderly monk at Prayer wheels in Lamayuru Monastery.jpg,https://commons.wikimedia.org/wiki/File:Elderly_monk_at_Prayer_wheels_in_Lamayuru_Monastery.jpg,cc by-sa 4.0,Drashokk,3872,2592,kept,
south_asia_0252.jpg,south_asia,People of India,File:Elders enjoying raveladdu.jpg,https://commons.wikimedia.org/wiki/File:Elders_enjoying_raveladdu.jpg,cc by-sa 4.0,Nashvara,3264,2448,kept,
south_asia_0253.jpg,south_asia,People of India,File:Election India.jpg,https://commons.wikimedia.org/wiki/File:Election_India.jpg,cc by-sa 4.0,Pradipguhilote123,6000,4000,kept,
south_asia_0254.jpg,south_asia,People of India,File:Enjoyable moment.jpg,https://commons.wikimedia.org/wiki/File:Enjoyable_moment.jpg,cc by-sa 4.0,Virendra suman,879,668,rejected,other
south_asia_0255.jpg,south_asia,People of India,File:ESC GOVT POLYTECHNIC.JPG,https://commons.wikimedia.org/wiki/File:ESC_GOVT_POLYTECHNIC.JPG,cc by-sa 4.0,Dhayapule sreenivasarao,3174,1930,kept,
south_asia_0256.jpg,south_asia,People of India,File:Evidence of permission Mahindra Group CC0 Anish Shah.jpg,https://commons.wikimedia.org/wiki/File:Evidence_of_permission_Mahindra_Group_CC0_Anish_Shah.jpg,cc0,IVickyChoudhary,1328,684,rejected,other
south_asia_0257.jpg,south_asia,People of India,File:Exchange of betal-leaf during engament.jpg,https://commons.wikimedia.org/wiki/File:Exchange_of_betal-leaf_during_engament.jpg,cc by-sa 4.0,Dr Chandra Shekhara Shetty,3388,1793,kept,
south_asia_0258.jpg,south_asia,People of India,File:FAIYAZ KHAN.jpg,https://commons.wikimedia.org/wiki/File:FAIYAZ_KHAN.jpg,public domain,Unknown authorUnknown author,2480,3507,rejected,other
south_asia_0259.jpg,south_asia,People of India,File:Farmer resting after his harvesting.jpg,https://commons.wikimedia.org/wiki/File:Farmer_resting_after_his_harvesting.jpg,cc by-sa 4.0,James Alexander,2592,1728,kept,
south_asia_0260.jpg,south_asia,People of India,File:Farmer sowing India.jpg,https://commons.wikimedia.org/wiki/File:Farmer_sowing_India.jpg,cc by-sa 4.0,Pappu Sarkar01,5152,3864,kept,
south_asia_0261.jpg,south_asia,People of India,"File:Fashion Designer Manish Malhotra, Dr.Mukesh Batra, Pfizer MD Kewal Handa & Network 7 Media Group Founder Satya Brahma at the Award Ceremony.jpg","https://commons.wikimedia.org/wiki/File:Fashion_Designer_Manish_Malhotra,_Dr.Mukesh_Batra,_Pfizer_MD_Kewal_Handa_%26_Network_7_Media_Group_Founder_Satya_Brahma_at_the_Award_Ceremony.jpg",cc by-sa 4.0,Network7research,5184,3456,kept,
south_asia_0262.jpg,south_asia,People of India,File:Father with son.jpg,https://commons.wikimedia.org/wiki/File:Father_with_son.jpg,cc by-sa 4.0,Chetansoni,3100,2061,kept,
south_asia_0263.jpg,south_asia,People of India,File:Father's angel.jpg,https://commons.wikimedia.org/wiki/File:Father%27s_angel.jpg,cc by-sa 4.0,Aditya.singh112,2592,2592,kept,
south_asia_0264.jpg,south_asia,People of India,File:Father's love for his daughter.jpg,https://commons.wikimedia.org/wiki/File:Father%27s_love_for_his_daughter.jpg,cc by-sa 4.0,Samridhiupadhyay,6000,4000,kept,
south_asia_0265.jpg,south_asia,People of India,File:FcX0u9zaIAI72dx.jpg,https://commons.wikimedia.org/wiki/File:FcX0u9zaIAI72dx.jpg,cc by-sa 4.0,ShubhamSay,1080,1527,kept,
south_asia_0266.jpg,south_asia,People of India,File:Fired-up.jpg,https://commons.wikimedia.org/wiki/File:Fired-up.jpg,cc by-sa 4.0,Shubhankar.sengupta19,4640,6960,rejected,other
south_asia_0267.jpg,south_asia,People of India,File:First woman Teacher Savitri Bai Phule.jpg,https://commons.wikimedia.org/wiki/File:First_woman_Teacher_Savitri_Bai_Phule.jpg,cc0,RATHOD SRAVAN,953,1275,rejected,other
south_asia_0268.png,south_asia,People of India,File:FMPC Inaugration.png,https://commons.wikimedia.org/wiki/File:FMPC_Inaugration.png,cc by-sa 4.0,Family medicine India,960,720,kept,
south_asia_0269.jpg,south_asia,People of India,File:Food Photography 1.jpg,https://commons.wikimedia.org/wiki/File:Food_Photography_1.jpg,cc by-sa 4.0,K.G.Suriya Prakash,3600,2400,kept,
south_asia_0270.jpg,south_asia,People of India,File:Food Stalls at Juhu Beach (238517601).jpg,https://commons.wikimedia.org/wiki/File:Food_Stalls_at_Juhu_Beach_(238517601).jpg,cc by-sa 2.0,Rakesh from Bangalore,1632,1224,rejected,other
south_asia_0271.jpg,south_asia,People of India,File:Foto de Grado.jpg,https://commons.wikimedia.org/wiki/File:Foto_de_Grado.jpg,cc by-sa 4.0,Armando Luis Carreazo Gutierrez,960,960,kept,
south_asia_0272.jpg,south_asia,People of India,File:Friends by the dying light.jpg,https://commons.wikimedia.org/wiki/File:Friends_by_the_dying_light.jpg,cc by-sa 4.0,Pranav Kumar,4608,2592,kept,
south_asia_0273.jpg,south_asia,People of India,File:Friends getting natural.jpg,https://commons.wikimedia.org/wiki/File:Friends_getting_natural.jpg,cc by-sa 4.0,Sourav kushwaha,2560,1440,kept,
south_asia_0274.jpg,south_asia,People of India,File:G (113).JPG,https://commons.wikimedia.org/wiki/File:G_(113).JPG,cc by-sa 4.0,Booloo.hota,3888,2592,kept,
south_asia_0275.jpg,south_asia,People of India,File:G kumar Naik Ex IAS MP.jpg,https://commons.wikimedia.org/wiki/File:G_kumar_Naik_Ex_IAS_MP.jpg,cc0,RATHOD SRAVAN,1004,1070,rejected,other
south_asia_0276.jpg,south_asia,People of India,File:Gadda Yatra.jpg,https://commons.wikimedia.org/wiki/File:Gadda_Yatra.jpg,cc by-sa 4.0,RajguruShekhar,1536,2304,kept,
south_asia_0277.jpg,south_asia,People of India,File:Ganapathi created traffic.jpg,https://commons.wikimedia.org/wiki/File:Ganapathi_created_traffic.jpg,cc by-sa 4.0,Mohan456,2304,4096,rejected,other
south_asia_0278.jpg,south_asia,People of India,File:Ganauri Prasad Singh.jpg,https://commons.wikimedia.org/wiki/File:Ganauri_Prasad_Singh.jpg,cc by-sa 4.0,Ajitamit87,1870,2048,rejected,other
south_asia_0279.jpg,south_asia,People of India,File:Gandhi funeral (cropped).jpg,https://commons.wikimedia.org/wiki/File:Gandhi_funeral_(cropped).jpg,public domain,Unknown authorUnknown author,3314,2070,rejected,other
south_asia_0280.jpg,south_asia,People of India,File:Gandhi funeral.jpg,https://commons.wikimedia.org/wiki/File:Gandhi_funeral.jpg,public domain,Unknown authorUnknown author,3324,2302,rejected,other
south_asia_0281.jpg,south_asia,People of India,File:GAURAVMEENAIN2026.IMAGE.jpg,https://commons.wikimedia.org/wiki/File:GAURAVMEENAIN2026.IMAGE.jpg,cc by-sa 4.0,GRV2009,2304,4096,rejected,other
south_asia_0282.jpg,south_asia,People of India,File:Gayathri Govind.jpg,https://commons.wikimedia.org/wiki/File:Gayathri_Govind.jpg,cc by-sa 4.0,Harikrishnanuk,4000,6000,kept,
south_asia_0283.jpg,south_asia,People of India,File:Ghanshyam Gupta Zaveri 2023.jpg,https://commons.wikimedia.org/wiki/File:Ghanshyam_Gupta_Zaveri_2023.jpg,cc by-sa 4.0,Editorranjitksharma,1200,1600,rejected,other
south_asia_0284.jpg,south_asia,People of India,File:GIFF - Monita Borgohain and Apurba Sarma.jpg,https://commons.wikimedia.org/wiki/File:GIFF_-_Monita_Borgohain_and_Apurba_Sarma.jpg,cc by-sa 4.0,Dalton,4240,2832,kept,
south_asia_0285.jpg,south_asia,People of India,File:Girl at Nek Chand Fantasy Rock Garden - Chandigarh U.T. - India (25901690013).jpg,https://commons.wikimedia.org/wiki/File:Girl_at_Nek_Chand_Fantasy_Rock_Garden_-_Chandigarh_U.T._-_India_(25901690013).jpg,cc by-sa 2.0,"Adam Jones from Kelowna, BC, Canada",2736,3648,kept,
south_asia_0286.jpg,south_asia,People of India,File:Girl in Handicrafts Shop - Manali - Himachal Pradesh - India (26615014965).jpg,https://commons.wikimedia.org/wiki/File:Girl_in_Handicrafts_Shop_-_Manali_-_Himachal_Pradesh_-_India_(26615014965).jpg,cc by-sa 2.0,"Adam Jones from Kelowna, BC, Canada",2736,3648,kept,
south_asia_0287.jpg,south_asia,People of India,File:Girl of Bazigar tribe performing acrobatics.jpg,https://commons.wikimedia.org/wiki/File:Girl_of_Bazigar_tribe_performing_acrobatics.jpg,cc0,Harvinder Chandigarh,2838,3738,kept,
south_asia_0288.jpg,south_asia,People of India,"File:Goa, India. Computer exhibition 2.jpg","https://commons.wikimedia.org/wiki/File:Goa,_India._Computer_exhibition_2.jpg",cc by-sa 4.0,Fredericknoronha,2816,2112,rejected,other
south_asia_0289.jpg,south_asia,People of India,File:Gokulbora.jpg,https://commons.wikimedia.org/wiki/File:Gokulbora.jpg,cc by-sa 4.0,Psychenaut13,1080,1091,rejected,other
south_asia_0290.jpg,south_asia,People of India,File:Golden Jubilee Rally.jpg,https://commons.wikimedia.org/wiki/File:Golden_Jubilee_Rally.jpg,cc by-sa 4.0,FahimRahmanKhan,2816,2112,kept,
south_asia_0291.jpg,south_asia,People of India,File:Goldsmith Amjad Ali .jpg,https://commons.wikimedia.org/wiki/File:Goldsmith_Amjad_Ali_.jpg,cc by-sa 4.0,Arendaja,1987,2781,rejected,other
south_asia_0292.jpg,south_asia,People of India,File:Gopaul chetty.jpg,https://commons.wikimedia.org/wiki/File:Gopaul_chetty.jpg,public domain,AnonymousUnknown author,1120,1210,rejected,other
south_asia_0293.jpg,south_asia,People of India,File:Goputhra1 jpg.jpg,https://commons.wikimedia.org/wiki/File:Goputhra1_jpg.jpg,cc by-sa 4.0,Mahanthapathi,1400,1228,kept,
south_asia_0294.jpg,south_asia,People of India,"File:Group of boys, India, ca. 1920 (IMP-CSCNWW33-OS16-33).jpg","https://commons.wikimedia.org/wiki/File:Group_of_boys,_India,_ca._1920_(IMP-CSCNWW33-OS16-33).jpg",public domain,Unknown authorUnknown author,3536,2470,kept,
south_asia_0295.jpg,south_asia,People of India,File:Group of male and female workers in South India (unknown date).jpg,https://commons.wikimedia.org/wiki/File:Group_of_male_and_female_workers_in_South_India_(unknown_date).jpg,public domain,Unknown authorUnknown author,1024,745,kept,
south_asia_0296.jpg,south_asia,People of India,"File:Group of Nagas, marauding tribe, Cachar.jpg","https://commons.wikimedia.org/wiki/File:Group_of_Nagas,_marauding_tribe,_Cachar.jpg",public domain,J. Forbes Watson and John William Kaye,760,734,rejected,other
south_asia_0297.jpg,south_asia,People of India,File:Group of people in costume for play in South India (unknown date).jpg,https://commons.wikimedia.org/wiki/File:Group_of_people_in_costume_for_play_in_South_India_(unknown_date).jpg,public domain,Unknown authorUnknown author,1024,622,rejected,other
south_asia_0298.jpg,south_asia,People of India,File:Group of Snake Charmers with Drums and Been (4).JPG,https://commons.wikimedia.org/wiki/File:Group_of_Snake_Charmers_with_Drums_and_Been_(4).JPG,public domain,Unknown authorUnknown author,800,617,kept,
south_asia_0299.jpg,south_asia,People of India,"File:Group of women and children in a village - Madura, South India (unknown date).jpg","https://commons.wikimedia.org/wiki/File:Group_of_women_and_children_in_a_village_-_Madura,_South_India_(unknown_date).jpg",public domain,Unknown authorUnknown author,1024,744,kept,
south_asia_0300.jpg,south_asia,People of India,File:Grup photo.jpg,https://commons.wikimedia.org/wiki/File:Grup_photo.jpg,cc by-sa 4.0,Stalinjeet,3216,2136,kept,
south_asia_0301.jpg,south_asia,People of India,File:Grup photo1.jpg,https://commons.wikimedia.org/wiki/File:Grup_photo1.jpg,cc by-sa 4.0,Stalinjeet,3216,2136,kept,
south_asia_0302.jpg,south_asia,People of India,File:Gsbanerjee in bangkok seminar.jpg,https://commons.wikimedia.org/wiki/File:Gsbanerjee_in_bangkok_seminar.jpg,cc by-sa 4.0,Anonymous1990 editor,3264,2448,rejected,other
south_asia_0303.jpg,south_asia,People of India,File:GSS Quiz Team on Extreme left.jpg,https://commons.wikimedia.org/wiki/File:GSS_Quiz_Team_on_Extreme_left.jpg,cc by-sa 4.0,Yashbaldawa.4,960,639,rejected,other
south_asia_0304.jpg,south_asia,People of India,File:Gulam Ali (8319275198).jpg,https://commons.wikimedia.org/wiki/File:Gulam_Ali_(8319275198).jpg,cc by 2.0,"Ramnath Bhat from PUNE, India",2100,1500,rejected,other
south_asia_0305.jpg,south_asia,People of India,"File:Guruji-Murugan-with-Sarawak-Minister-of-Tourism,Art,Culture,Youth-and-Sports.jpg","https://commons.wikimedia.org/wiki/File:Guruji-Murugan-with-Sarawak-Minister-of-Tourism,Art,Culture,Youth-and-Sports.jpg",cc0,Tara-sumitra,4160,2352,kept,
south_asia_0306.jpg,south_asia,People of India,File:Gus Riza in his appartment in Louvain-la-Neuve.jpg,https://commons.wikimedia.org/wiki/File:Gus_Riza_in_his_appartment_in_Louvain-la-Neuve.jpg,cc by-sa 4.0,Ayang Utriza Yakin,933,1920,rejected,other
south_asia_0307.jpg,south_asia,People of India,File:Gussadi Dance Of Gond Tribals.jpg,https://commons.wikimedia.org/wiki/File:Gussadi_Dance_Of_Gond_Tribals.jpg,cc by-sa 4.0,Varaprasad Sidam,1920,1280,kept,
south_asia_0308.jpg,south_asia,People of India,File:Gussadi Kanakaraju.jpg,https://commons.wikimedia.org/wiki/File:Gussadi_Kanakaraju.jpg,cc by-sa 4.0,Pranayraj1985,3840,5760,kept,
south_asia_0309.jpg,south_asia,People of India,File:Gyan Singh playing tabla.jpg,https://commons.wikimedia.org/wiki/File:Gyan_Singh_playing_tabla.jpg,cc by-sa 4.0,9was6ik,1703,2048,kept,
south_asia_0310.jpg,south_asia,People of India,File:H. C. Rajpoot.jpg,https://commons.wikimedia.org/wiki/File:H._C._Rajpoot.jpg,cc0,Shiong Tegoi,1605,2556,rejected,other
south_asia_0311.jpg,south_asia,People of India,File:Habitoflife.jpg,https://commons.wikimedia.org/wiki/File:Habitoflife.jpg,cc by 4.0,Mahe4248,3327,3456,kept,
south_asia_0312.jpg,south_asia,People of India,File:Haimanti Sukla MA01.jpg,https://commons.wikimedia.org/wiki/File:Haimanti_Sukla_MA01.jpg,cc by-sa 4.0,Marajozkee,3024,4032,kept,
south_asia_0313.jpg,south_asia,People of India,File:Hal Vokkaligas.jpg,https://commons.wikimedia.org/wiki/File:Hal_Vokkaligas.jpg,cc0,"Census of India 1901 (Mysore);  Pt.1 (Report)

by Row, T. Ananda",1470,922,kept,
south_asia_0314.jpg,south_asia,People of India,File:Halvakkalmakkalu.jpg,https://commons.wikimedia.org/wiki/File:Halvakkalmakkalu.jpg,cc0,"Census of India 1901 (Mysore);  Pt.1 (Report)

by Row, T. Ananda",1683,1064,rejected,other
south_asia_0315.jpg,south_asia,People of India,"File:Hampi, India, Sunset afterglow on the Matanga Hill.jpg","https://commons.wikimedia.org/wiki/File:Hampi,_India,_Sunset_afterglow_on_the_Matanga_Hill.jpg",cc by 4.0,Vyacheslav Argenberg,4032,2688,kept,
south_asia_0316.jpg,south_asia,People of India,File:Happy indian family.jpg,https://commons.wikimedia.org/wiki/File:Happy_indian_family.jpg,cc by-sa 4.0,Praveenpaavni,5456,3064,kept,
south_asia_0317.png,south_asia,People of India,File:Hari Prasad MedTech professional India.png,https://commons.wikimedia.org/wiki/File:Hari_Prasad_MedTech_professional_India.png,cc0,Hariprasadbme,1961,1961,rejected,other
south_asia_0318.jpg,south_asia,People of India,File:Hari Santhosh.jpg,https://commons.wikimedia.org/wiki/File:Hari_Santhosh.jpg,cc by-sa 4.0,Dishasshetty,853,1280,rejected,other
south_asia_0319.jpg,south_asia,People of India,File:Harinama.jpg,https://commons.wikimedia.org/wiki/File:Harinama.jpg,cc by-sa 4.0,Prasannayogini,1280,850,kept,
south_asia_0320.jpg,south_asia,People of India,File:Haripriya Bhargav.jpg,https://commons.wikimedia.org/wiki/File:Haripriya_Bhargav.jpg,cc0,Data455BHU,1066,1600,kept,
south_asia_0321.jpg,south_asia,People of India,File:Harshad Mehta.jpg,https://commons.wikimedia.org/wiki/File:Harshad_Mehta.jpg,cc by-sa 4.0,Sharminshiroor,1200,900,rejected,other
south_asia_0322.jpg,south_asia,People of India,File:HarshitDatta.jpg,https://commons.wikimedia.org/wiki/File:HarshitDatta.jpg,cc by-sa 4.0,Viraltalks,788,746,rejected,other
south_asia_0323.jpg,south_asia,People of India,File:Harvesting Paddy 01.jpg,https://commons.wikimedia.org/wiki/File:Harvesting_Paddy_01.jpg,cc by-sa 4.0,Drashokk,2560,1714,kept,
south_asia_0324.jpg,south_asia,People of India,File:Harvesting Paddy 02.jpg,https://commons.wikimedia.org/wiki/File:Harvesting_Paddy_02.jpg,cc by-sa 4.0,Drashokk,2560,1714,rejected,other
south_asia_0325.jpg,south_asia,People of India,File:Heershil Parmar.jpg,https://commons.wikimedia.org/wiki/File:Heershil_Parmar.jpg,cc by-sa 4.0,Heershil Parmar,4500,6000,rejected,other
south_asia_0326.jpg,south_asia,People of India,File:Henna (11326177686).jpg,https://commons.wikimedia.org/wiki/File:Henna_(11326177686).jpg,cc by 2.0,"John Hoey from Framingham, MA, United States",5688,3624,kept,
south_asia_0327.jpg,south_asia,People of India,File:Highzirad.jpg,https://commons.wikimedia.org/wiki/File:Highzirad.jpg,cc by-sa 4.0,Barshaulzirad2,3023,4031,rejected,other
south_asia_0328.jpg,south_asia,People of India,File:Hitendra on the Cannon (75113091).jpg,https://commons.wikimedia.org/wiki/File:Hitendra_on_the_Cannon_(75113091).jpg,cc by-sa 2.0,Rakesh from Bangalore,1024,768,rejected,other
south_asia_0329.jpg,south_asia,People of India,File:Ho people.jpg,https://commons.wikimedia.org/wiki/File:Ho_people.jpg,public domain,Dalton,3216,1427,rejected,other
south_asia_0330.jpg,south_asia,People of India,File:Ho Tribal Lady.jpg,https://commons.wikimedia.org/wiki/File:Ho_Tribal_Lady.jpg,cc by 2.0,Ramesh Lalwani,682,1024,kept,
south_asia_0331.jpg,south_asia,People of India,File:Holi group 2.jpg,https://commons.wikimedia.org/wiki/File:Holi_group_2.jpg,cc by-sa 4.0,Dilpu,2048,1536,kept,
south_asia_0332.jpg,south_asia,People of India,File:Holi indian.jpg,https://commons.wikimedia.org/wiki/File:Holi_indian.jpg,cc by-sa 4.0,ChocolateLr18,3840,5760,kept,
south_asia_0333.jpg,south_asia,People of India,File:Homam (246244297).jpg,https://commons.wikimedia.org/wiki/File:Homam_(246244297).jpg,cc by-sa 2.0,Rakesh from Bangalore,1632,1224,rejected,other
south_asia_0334.jpg,south_asia,People of India,File:Homam (246246081).jpg,https://commons.wikimedia.org/wiki/File:Homam_(246246081).jpg,cc by-sa 2.0,Rakesh from Bangalore,1632,1224,kept,
south_asia_0335.jpg,south_asia,People of India,File:Homeward (5711512538).jpg,https://commons.wikimedia.org/wiki/File:Homeward_(5711512538).jpg,no restrictions,Museum of Photographic Arts Collections,2000,1598,rejected,other
south_asia_0336.jpg,south_asia,People of India,File:Howrah!.jpg,https://commons.wikimedia.org/wiki/File:Howrah!.jpg,cc by-sa 4.0,Govindsourabh,4608,3456,kept,
south_asia_0337.jpg,south_asia,People of India,File:Huddle (13000693014).jpg,https://commons.wikimedia.org/wiki/File:Huddle_(13000693014).jpg,cc by 2.0,"John Hoey from Framingham, MA, United States",2560,1707,kept,
south_asia_0338.jpg,south_asia,People of India,File:Human birth Gods Miracle.jpg,https://commons.wikimedia.org/wiki/File:Human_birth_Gods_Miracle.jpg,cc by-sa 4.0,Nitin goje 1,1866,2804,rejected,other
south_asia_0339.jpg,south_asia,People of India,File:IA ARPAN BASU CHOWDHURY Foldscope - A revolutionary Microscope.jpg,https://commons.wikimedia.org/wiki/File:IA_ARPAN_BASU_CHOWDHURY_Foldscope_-_A_revolutionary_Microscope.jpg,cc by-sa 4.0,Arpan.basuchowdhury,3993,2658,kept,
south_asia_0340.jpg,south_asia,People of India,File:Idle times (5580829115).jpg,https://commons.wikimedia.org/wiki/File:Idle_times_(5580829115).jpg,cc by 2.0,Nico Crisafulli from USA,4752,3168,kept,
south_asia_0341.jpg,south_asia,People of India,File:IGRVMN007.IMAGE.jpg,https://commons.wikimedia.org/wiki/File:IGRVMN007.IMAGE.jpg,cc by-sa 4.0,GRV2009,2304,4096,kept,
south_asia_0342.jpg,south_asia,People of India,File:IHLSOCIETY15.jpg,https://commons.wikimedia.org/wiki/File:IHLSOCIETY15.jpg,cc by-sa 4.0,Indian helpline society,3284,2304,kept,
south_asia_0343.jpg,south_asia,People of India,File:IHLSOCIETY17.jpg,https://commons.wikimedia.org/wiki/File:IHLSOCIETY17.jpg,cc by-sa 4.0,Indian helpline society,2304,4096,kept,
south_asia_0344.jpg,south_asia,People of India,File:Image taken from page 33 of 'The Land of Temples (India)' (11282620793).jpg,https://commons.wikimedia.org/wiki/File:Image_taken_from_page_33_of_%27The_Land_of_Temples_(India)%27_(11282620793).jpg,no restrictions,The British Library,1712,1193,rejected,other
south_asia_0345.jpg,south_asia,People of India,File:IMG 20161224 174017 HDR.jpg,https://commons.wikimedia.org/wiki/File:IMG_20161224_174017_HDR.jpg,cc by 4.0,Bramaramba75,3202,2137,rejected,other
south_asia_0346.jpg,south_asia,People of India,File:IMG-20190222-WA0006.jpg,https://commons.wikimedia.org/wiki/File:IMG-20190222-WA0006.jpg,cc by-sa 4.0,Chirag M Parejiya,720,1280,kept,
south_asia_0347.jpg,south_asia,People of India,File:IMG-20230721-WA0015.jpg,https://commons.wikimedia.org/wiki/File:IMG-20230721-WA0015.jpg,cc by-sa 4.0,Saini photography,716,700,kept,
south_asia_0348.jpeg,south_asia,People of India,File:In Safe Hands (127673427).jpeg,https://commons.wikimedia.org/wiki/File:In_Safe_Hands_(127673427).jpeg,cc by 3.0,Ravi Kumar,2048,1366,kept,
south_asia_0349.jpg,south_asia,People of India,File:In the rush hour of Vũ Phạm Hàm Street 27-02-2026.jpg,https://commons.wikimedia.org/wiki/File:In_the_rush_hour_of_V%C5%A9_Ph%E1%BA%A1m_H%C3%A0m_Street_27-02-2026.jpg,cc by-sa 4.0,Bohdan Phúc Đan,4080,3060,rejected,other
south_asia_0350.jpg,south_asia,People of India,File:Inbound139501038.jpg,https://commons.wikimedia.org/wiki/File:Inbound139501038.jpg,cc by-sa 4.0,Ranju Bhushan Roy,3264,2448,kept,
south_asia_0351.jpg,south_asia,People of India,File:Inbound4285299937550127938.jpg,https://commons.wikimedia.org/wiki/File:Inbound4285299937550127938.jpg,cc by-sa 4.0,Raymund A.Espiritu,720,960,kept,
south_asia_0352.jpg,south_asia,People of India,File:Inbound928428092.jpg,https://commons.wikimedia.org/wiki/File:Inbound928428092.jpg,cc by-sa 4.0,Ranju Bhushan Roy,4160,3120,kept,
south_asia_0353.jpg,south_asia,People of India,File:Indan slam portrait.jpg,https://commons.wikimedia.org/wiki/File:Indan_slam_portrait.jpg,cc by-sa 4.0,Alberto Buscató Vázquez,5184,3456,kept,
south_asia_0354.jpg,south_asia,People of India,"File:Independence Day 2019- A R M REDDY IFS DEVELOPMENT COMMISSIONER, ADDRESS.jpg","https://commons.wikimedia.org/wiki/File:Independence_Day_2019-_A_R_M_REDDY_IFS_DEVELOPMENT_COMMISSIONER,_ADDRESS.jpg",cc by-sa 4.0,A R M REDDY IFS,5760,3840,kept,
south_asia_0355.jpg,south_asia,People of India,File:India (303078677).jpg,https://commons.wikimedia.org/wiki/File:India_(303078677).jpg,cc by 2.0,Bryan Ledgard,2048,1361,kept,
south_asia_0356.jpg,south_asia,People of India,File:India (303082120).jpg,https://commons.wikimedia.org/wiki/File:India_(303082120).jpg,cc by 2.0,Bryan Ledgard,2048,1361,rejected,other
south_asia_0357.jpg,south_asia,People of India,File:India (303082313).jpg,https://commons.wikimedia.org/wiki/File:India_(303082313).jpg,cc by 2.0,Bryan Ledgard,1361,2048,kept,
south_asia_0358.jpg,south_asia,People of India,File:India (303082513).jpg,https://commons.wikimedia.org/wiki/File:India_(303082513).jpg,cc by 2.0,Bryan Ledgard,2048,1361,kept,
south_asia_0359.jpg,south_asia,People of India,File:India (303082728).jpg,https://commons.wikimedia.org/wiki/File:India_(303082728).jpg,cc by 2.0,Bryan Ledgard,2048,1361,kept,
south_asia_0360.jpg,south_asia,People of India,File:India (303082965).jpg,https://commons.wikimedia.org/wiki/File:India_(303082965).jpg,cc by 2.0,Bryan Ledgard,2048,1361,kept,
south_asia_0361.jpg,south_asia,People of India,File:India (303083151).jpg,https://commons.wikimedia.org/wiki/File:India_(303083151).jpg,cc by 2.0,Bryan Ledgard,2048,1361,kept,
south_asia_0362.jpg,south_asia,People of India,File:India (303083411).jpg,https://commons.wikimedia.org/wiki/File:India_(303083411).jpg,cc by 2.0,Bryan Ledgard,2048,1361,kept,
south_asia_0363.jpg,south_asia,People of India,File:India (4128563988).jpg,https://commons.wikimedia.org/wiki/File:India_(4128563988).jpg,cc by-sa 2.0,M M from Switzerland,4288,2848,kept,
south_asia_0364.jpg,south_asia,People of India,File:India (85).jpg,https://commons.wikimedia.org/wiki/File:India_(85).jpg,cc by-sa 4.0,Savannah Rivka,4160,3120,kept,
south_asia_0365.jpg,south_asia,People of India,File:India (Unsplash Tb3bX2b9CmU).jpg,https://commons.wikimedia.org/wiki/File:India_(Unsplash_Tb3bX2b9CmU).jpg,cc0,Jayden Yoon jaydenyoonzk,5184,3456,rejected,other
south_asia_0366.jpg,south_asia,People of India,"File:India 2, GHR 14 (10265551223).jpg","https://commons.wikimedia.org/wiki/File:India_2,_GHR_14_(10265551223).jpg",cc by 2.0,Trocaire from Ireland,5164,3327,kept,
south_asia_0367.jpg,south_asia,People of India,"File:India 2, Governance and Human Rights 4) (8392706966).jpg","https://commons.wikimedia.org/wiki/File:India_2,_Governance_and_Human_Rights_4)_(8392706966).jpg",cc by 2.0,Trocaire from Ireland,2400,3600,kept,
south_asia_0368.jpg,south_asia,People of India,File:India general gallery (303081935).jpg,https://commons.wikimedia.org/wiki/File:India_general_gallery_(303081935).jpg,cc by 2.0,Bryan Ledgard,2048,1361,kept,
south_asia_0369.jpg,south_asia,People of India,"File:INDIA is Nature,Nature is INDIA.jpg","https://commons.wikimedia.org/wiki/File:INDIA_is_Nature,Nature_is_INDIA.jpg",cc by-sa 4.0,Deepak madhesiya,640,1284,kept,
south_asia_0370.jpg,south_asia,People of India,File:India North-West Frontier tribesmen - late 19th century.jpg,https://commons.wikimedia.org/wiki/File:India_North-West_Frontier_tribesmen_-_late_19th_century.jpg,public domain,"Unidentified photographer, printer or publisher",1057,658,rejected,other
south_asia_0371.jpg,south_asia,People of India,File:India Team.JPG,https://commons.wikimedia.org/wiki/File:India_Team.JPG,cc by-sa 3.0,Vinayak.p.more,4288,2848,kept,
south_asia_0372.jpg,south_asia,People of India,File:India Tribal.jpg,https://commons.wikimedia.org/wiki/File:India_Tribal.jpg,cc by-sa 4.0,VishnuMunda,4160,3120,kept,
south_asia_0373.jpeg,south_asia,People of India,File:India Woman (44403498).jpeg,https://commons.wikimedia.org/wiki/File:India_Woman_(44403498).jpeg,cc by-sa 3.0,David Ma,1620,1080,kept,
south_asia_0374.jpg,south_asia,People of India,"File:India, Hindoo (i.e., Hindu) burning ghat LCCN2016820986 (cropped).jpg","https://commons.wikimedia.org/wiki/File:India,_Hindoo_(i.e.,_Hindu)_burning_ghat_LCCN2016820986_(cropped).jpg",public domain,National Photo Company Collection,5344,3868,kept,
south_asia_0375.jpg,south_asia,People of India,"File:India, Hindoo (i.e., Hindu) burning ghat LCCN2016820986.jpg","https://commons.wikimedia.org/wiki/File:India,_Hindoo_(i.e.,_Hindu)_burning_ghat_LCCN2016820986.jpg",public domain,National Photo Company Collection,6070,4369,rejected,other
south_asia_0376.jpg,south_asia,People of India,File:Indian Administrative Service officer Balasubramanian.jpg,https://commons.wikimedia.org/wiki/File:Indian_Administrative_Service_officer_Balasubramanian.jpg,cc by-sa 4.0,TennGal,4608,3456,rejected,other
south_asia_0377.jpg,south_asia,People of India,File:Indian Bird-catcher.jpg,https://commons.wikimedia.org/wiki/File:Indian_Bird-catcher.jpg,public domain,William Hollidge / After Félix Élie Régamey,1024,764,rejected,other
south_asia_0378.jpg,south_asia,People of India,File:Indian Caravan.jpg,https://commons.wikimedia.org/wiki/File:Indian_Caravan.jpg,cc by-sa 4.0,Deepak B. Dhanavade,4128,2322,kept,
south_asia_0379.jpg,south_asia,People of India,File:Indian carriage and pair - DPLA - 30bf4f196ec22454641e82f85b61528b.jpg,https://commons.wikimedia.org/wiki/File:Indian_carriage_and_pair_-_DPLA_-_30bf4f196ec22454641e82f85b61528b.jpg,public domain,,1024,708,rejected,other
south_asia_0380.jpg,south_asia,People of India,File:Indian dugouts (Gallipoli) (14646869787).jpg,https://commons.wikimedia.org/wiki/File:Indian_dugouts_(Gallipoli)_(14646869787).jpg,no restrictions,Tasmanian Archive and Heritage Office Commons,3508,2268,rejected,other
south_asia_0381.jpg,south_asia,People of India,File:Indian family visiting Istanbul.jpg,https://commons.wikimedia.org/wiki/File:Indian_family_visiting_Istanbul.jpg,cc by-sa 4.0,Miomir Magdevski,5784,4704,kept,
south_asia_0382.jpg,south_asia,People of India,File:Indian family.jpg,https://commons.wikimedia.org/wiki/File:Indian_family.jpg,cc by-sa 4.0,Nushi eda,5333,4000,kept,
south_asia_0383.jpg,south_asia,People of India,File:Indian Farmer by Bill Hallier (49936483567).jpg,https://commons.wikimedia.org/wiki/File:Indian_Farmer_by_Bill_Hallier_(49936483567).jpg,cc by 2.0,"Channel City Camera Club from Santa Barbara, US",960,1200,rejected,other
south_asia_0384.jpg,south_asia,People of India,File:Indian folk Cuisine Images (130).jpg,https://commons.wikimedia.org/wiki/File:Indian_folk_Cuisine_Images_(130).jpg,cc by-sa 4.0,AmanAgrahari01,2592,4608,kept,
south_asia_0385.jpg,south_asia,People of India,File:Indian girl bathing a child.jpg,https://commons.wikimedia.org/wiki/File:Indian_girl_bathing_a_child.jpg,cc by-sa 4.0,Alberto Buscató Vázquez,5184,3456,kept,
south_asia_0386.jpg,south_asia,People of India,File:Indian Girl Dancing.jpg,https://commons.wikimedia.org/wiki/File:Indian_Girl_Dancing.jpg,cc by-sa 4.0,CaliforniaCat0001,1694,2184,kept,
south_asia_0387.jpg,south_asia,People of India,File:Indian Goddess at farm.jpg,https://commons.wikimedia.org/wiki/File:Indian_Goddess_at_farm.jpg,cc by-sa 4.0,Rohit Roy,1600,1600,kept,
south_asia_0388.jpg,south_asia,People of India,File:Indian interior.jpg,https://commons.wikimedia.org/wiki/File:Indian_interior.jpg,cc0,Cloud Consciousness,731,942,kept,
south_asia_0389.jpg,south_asia,People of India,"File:Indian Jugglers, Aleksei Vysheslavtsev, page 141 (1867).jpg","https://commons.wikimedia.org/wiki/File:Indian_Jugglers,_Aleksei_Vysheslavtsev,_page_141_(1867).jpg",public domain,Aleksei Vysheslavtsev,1497,1026,rejected,other
south_asia_0390.png,south_asia,People of India,File:Indian lady in sleeveless top.png,https://commons.wikimedia.org/wiki/File:Indian_lady_in_sleeveless_top.png,cc by-sa 4.0,Wikipedianone,783,604,kept,
south_asia_0391.jpg,south_asia,People of India,File:Indian male face.jpg,https://commons.wikimedia.org/wiki/File:Indian_male_face.jpg,cc by-sa 4.0,Alberto Buscató Vázquez,5184,3456,kept,
south_asia_0392.jpg,south_asia,People of India,File:Indian male portrait.jpg,https://commons.wikimedia.org/wiki/File:Indian_male_portrait.jpg,cc by-sa 4.0,Alberto Buscató Vázquez,5184,3456,kept,
south_asia_0393.jpg,south_asia,People of India,File:Indian man face.jpg,https://commons.wikimedia.org/wiki/File:Indian_man_face.jpg,cc by-sa 4.0,Alberto Buscató Vázquez,5184,3456,rejected,other
south_asia_0394.jpg,south_asia,People of India,File:Indian man standing in doorway (Unsplash).jpg,https://commons.wikimedia.org/wiki/File:Indian_man_standing_in_doorway_(Unsplash).jpg,cc0,Abhas Mishra abhas1108,3651,5469,kept,
south_asia_0395.jpg,south_asia,People of India,"File:Indian Migrant Workers, Jamaica, ca.1875-ca.1940 (imp-cswc-GB-237-CSWC47-LS11-042).jpg","https://commons.wikimedia.org/wiki/File:Indian_Migrant_Workers,_Jamaica,_ca.1875-ca.1940_(imp-cswc-GB-237-CSWC47-LS11-042).jpg",public domain,Unknown authorUnknown author,4855,4862,rejected,other
south_asia_0396.jpg,south_asia,People of India,File:Indian oldman portrait.jpg,https://commons.wikimedia.org/wiki/File:Indian_oldman_portrait.jpg,cc by-sa 4.0,Alberto Buscató Vázquez,5184,3456,kept,
south_asia_0397.jpg,south_asia,People of India,File:Indian patriarch.jpg,https://commons.wikimedia.org/wiki/File:Indian_patriarch.jpg,cc by-sa 4.0,Alberto Buscató Vázquez,5184,3456,kept,
south_asia_0398.jpg,south_asia,People of India,File:Indian peasants.jpg,https://commons.wikimedia.org/wiki/File:Indian_peasants.jpg,cc by-sa 4.0,Milei.vencel,990,854,kept,
south_asia_0399.jpg,south_asia,People of India,File:Indian people by ArmAg (1).jpg,https://commons.wikimedia.org/wiki/File:Indian_people_by_ArmAg_(1).jpg,cc by-sa 4.0,Armineaghayan,1960,3777,kept,
south_asia_0400.jpg,south_asia,People of India,File:Indian people by ArmAg (2).jpg,https://commons.wikimedia.org/wiki/File:Indian_people_by_ArmAg_(2).jpg,cc by-sa 4.0,Armineaghayan,4032,1960,kept,
south_asia_0401.jpg,south_asia,People of India,File:Indian peoples.jpg,https://commons.wikimedia.org/wiki/File:Indian_peoples.jpg,cc by-sa 4.0,Mywikicommons,932,766,rejected,other
south_asia_0402.jpg,south_asia,People of India,File:Indian pictures and problems (1907) (14775281024).jpg,https://commons.wikimedia.org/wiki/File:Indian_pictures_and_problems_(1907)_(14775281024).jpg,no restrictions,Internet Archive Book Images,2272,1504,rejected,other
south_asia_0403.jpg,south_asia,People of India,File:Indian Poor old people.jpg,https://commons.wikimedia.org/wiki/File:Indian_Poor_old_people.jpg,cc by-sa 4.0,Masoom,1536,2048,kept,
south_asia_0404.jpg,south_asia,People of India,File:Indian rare love to kid.jpg,https://commons.wikimedia.org/wiki/File:Indian_rare_love_to_kid.jpg,cc by-sa 4.0,Rimjam,2323,3774,rejected,other
south_asia_0405.jpg,south_asia,People of India,File:Indian ruler.jpg,https://commons.wikimedia.org/wiki/File:Indian_ruler.jpg,cc by-sa 4.0,Amit20081980,3000,4000,rejected,other
south_asia_0406.jpg,south_asia,People of India,File:Indian stretcher bearers at work (Gallipoli) (14831089314).jpg,https://commons.wikimedia.org/wiki/File:Indian_stretcher_bearers_at_work_(Gallipoli)_(14831089314).jpg,no restrictions,Tasmanian Archive and Heritage Office Commons,3508,2277,rejected,other
south_asia_0407.jpg,south_asia,People of India,File:Indian students with Carl Albert on the Capitol steps.jpg,https://commons.wikimedia.org/wiki/File:Indian_students_with_Carl_Albert_on_the_Capitol_steps.jpg,cc by-sa 4.0,"Carl Albert Research and Studies Center, Congressional Collection",2743,2145,kept,
south_asia_0408.jpg,south_asia,People of India,File:Indian Tamil wedding ceremony.jpg,https://commons.wikimedia.org/wiki/File:Indian_Tamil_wedding_ceremony.jpg,cc by-sa 4.0,Dilan007,2779,1753,kept,
south_asia_0409.jpg,south_asia,People of India,File:Indian tradition.jpg,https://commons.wikimedia.org/wiki/File:Indian_tradition.jpg,cc by-sa 4.0,Hariomsharnam,2128,4608,kept,
south_asia_0410.jpg,south_asia,People of India,File:Indian Tro Ou Player.jpg,https://commons.wikimedia.org/wiki/File:Indian_Tro_Ou_Player.jpg,cc by-sa 4.0,AjarnRichard,840,1120,kept,
south_asia_0411.jpg,south_asia,People of India,File:Indian Wedding Couple (Unsplash).jpg,https://commons.wikimedia.org/wiki/File:Indian_Wedding_Couple_(Unsplash).jpg,cc0,Pablo Heimplatz pabloheimplatz,3337,5000,kept,
south_asia_0412.jpg,south_asia,People of India,File:Indian wedding tradition 12.jpg,https://commons.wikimedia.org/wiki/File:Indian_wedding_tradition_12.jpg,cc by-sa 4.0,Akashsalla14,960,1280,rejected,other
south_asia_0413.jpg,south_asia,People of India,File:Indian wending.jpg,https://commons.wikimedia.org/wiki/File:Indian_wending.jpg,cc by-sa 4.0,,2560,1440,kept,
south_asia_0414.jpg,south_asia,People of India,File:Indian woman portrait.jpg,https://commons.wikimedia.org/wiki/File:Indian_woman_portrait.jpg,cc by-sa 4.0,Alberto Buscató Vázquez,5184,3456,kept,
south_asia_0415.jpg,south_asia,People of India,"File:Indian young men in Creative Commons tee shirts, Mumbai 2007.jpg","https://commons.wikimedia.org/wiki/File:Indian_young_men_in_Creative_Commons_tee_shirts,_Mumbai_2007.jpg",cc by-sa 2.0,Frederick Noronha  fredericknoronha1@gmail.com,2816,2112,rejected,other
south_asia_0416.jpg,south_asia,People of India,File:Indian-Spanish Entrepreneur Roshan Bhondekar and Artist Sahra Ardah and during public social event in India in 2018.jpg,https://commons.wikimedia.org/wiki/File:Indian-Spanish_Entrepreneur_Roshan_Bhondekar_and_Artist_Sahra_Ardah_and_during_public_social_event_in_India_in_2018.jpg,cc by-sa 2.0,Envision Studio,4928,3264,kept,
south_asia_0417.jpg,south_asia,People of India,File:Indianos (17167333880).jpg,https://commons.wikimedia.org/wiki/File:Indianos_(17167333880).jpg,cc by 2.0,Núcleo Editorial,1125,1724,kept,
south_asia_0418.jpg,south_asia,People of India,File:Indianos (17354541461).jpg,https://commons.wikimedia.org/wiki/File:Indianos_(17354541461).jpg,cc by 2.0,Núcleo Editorial,1699,1135,kept,
south_asia_0419.jpg,south_asia,People of India,File:Indians in Delhi.jpg,https://commons.wikimedia.org/wiki/File:Indians_in_Delhi.jpg,cc by-sa 4.0,Виктор Пинчук,1360,1148,kept,
south_asia_0420.jpg,south_asia,People of India,"File:Indigenous group, India, ca. 1920 (IMP-CSCNWW33-OS16-48).jpg","https://commons.wikimedia.org/wiki/File:Indigenous_group,_India,_ca._1920_(IMP-CSCNWW33-OS16-48).jpg",public domain,Unknown authorUnknown author,3696,2527,rejected,other
south_asia_0421.jpg,south_asia,People of India,"File:Indigenous man with disease, India, ca. 1920 (IMP-CSCNWW33-OS16-61).jpg","https://commons.wikimedia.org/wiki/File:Indigenous_man_with_disease,_India,_ca._1920_(IMP-CSCNWW33-OS16-61).jpg",public domain,Unknown authorUnknown author,2184,3709,rejected,other
south_asia_0422.jpg,south_asia,People of India,File:Indigo hands.jpg,https://commons.wikimedia.org/wiki/File:Indigo_hands.jpg,cc by-sa 3.0,Anjora Noronha,800,1224,kept,
south_asia_0423.jpg,south_asia,People of India,File:Indisches Fest.jpg,https://commons.wikimedia.org/wiki/File:Indisches_Fest.jpg,cc by-sa 4.0,Mike Jähnichen,5472,3648,kept,
south_asia_0424.jpg,south_asia,People of India,"File:Indiërs, RP-T-1949-674-9.jpg","https://commons.wikimedia.org/wiki/File:Indi%C3%ABrs,_RP-T-1949-674-9.jpg",cc0,Rijksmuseum,1572,2428,rejected,other
south_asia_0425.jpg,south_asia,People of India,"File:Indiërs, van voren gezien, RP-T-1949-674-105.jpg","https://commons.wikimedia.org/wiki/File:Indi%C3%ABrs,_van_voren_gezien,_RP-T-1949-674-105.jpg",cc0,Rijksmuseum,2752,1775,rejected,other
south_asia_0426.jpg,south_asia,People of India,File:Indo Pak Kushti Championship .jpg,https://commons.wikimedia.org/wiki/File:Indo_Pak_Kushti_Championship_.jpg,cc by-sa 4.0,Indopakkushtichampionship,4000,6000,kept,
south_asia_0427.jpg,south_asia,People of India,File:Indutai.jpg,https://commons.wikimedia.org/wiki/File:Indutai.jpg,cc by-sa 4.0,Krantivir2014,640,960,kept,
south_asia_0428.jpg,south_asia,People of India,File:Inshah3.JPG,https://commons.wikimedia.org/wiki/File:Inshah3.JPG,cc by-sa 4.0,,1205,897,kept,
south_asia_0429.jpg,south_asia,People of India,File:Inspire Scholarship Winner 2014.jpg,https://commons.wikimedia.org/wiki/File:Inspire_Scholarship_Winner_2014.jpg,cc by-sa 4.0,Ccmc.india,3696,2448,kept,
south_asia_0430.jpg,south_asia,People of India,File:International Player .jpg,https://commons.wikimedia.org/wiki/File:International_Player_.jpg,cc by-sa 4.0,International player Harsh Yadav,720,907,kept,
south_asia_0431.jpg,south_asia,People of India,File:International Team in India - panoramio.jpg,https://commons.wikimedia.org/wiki/File:International_Team_in_India_-_panoramio.jpg,cc by-sa 3.0,Chanilim714,1280,960,kept,
south_asia_0432.jpg,south_asia,People of India,File:Intzaar.jpg,https://commons.wikimedia.org/wiki/File:Intzaar.jpg,cc by-sa 4.0,Megh singh,3264,2448,rejected,other
south_asia_0433.jpg,south_asia,People of India,File:IqbalAmrohi.jpg,https://commons.wikimedia.org/wiki/File:IqbalAmrohi.jpg,cc by-sa 4.0,NaghmaAmroha,600,600,rejected,other
south_asia_0434.jpg,south_asia,People of India,File:IqbalAmrohi2.jpg,https://commons.wikimedia.org/wiki/File:IqbalAmrohi2.jpg,cc by-sa 4.0,NaghmaAmroha,4000,6000,rejected,other
south_asia_0435.png,south_asia,People of India,File:IqbalAmrohi4.png,https://commons.wikimedia.org/wiki/File:IqbalAmrohi4.png,cc by-sa 4.0,NaghmaAmroha,853,1095,rejected,other
south_asia_0436.jpg,south_asia,People of India,File:Ishwarsinh Patel.jpg,https://commons.wikimedia.org/wiki/File:Ishwarsinh_Patel.jpg,cc by-sa 4.0,Snehrashmi,3456,5184,kept,
south_asia_0437.jpg,south_asia,People of India,File:ISPAM2 (8074940934).jpg,https://commons.wikimedia.org/wiki/File:ISPAM2_(8074940934).jpg,public domain,"Forest Service Northern Region from Missoula, MT, USA",4000,3000,kept,
south_asia_0438.jpg,south_asia,People of India,File:Jagannath temple Koraput 01.jpg,https://commons.wikimedia.org/wiki/File:Jagannath_temple_Koraput_01.jpg,cc by-sa 4.0,Drashokk,1848,2502,kept,
south_asia_0439.jpg,south_asia,People of India,File:Jagannath temple Koraput 02.jpg,https://commons.wikimedia.org/wiki/File:Jagannath_temple_Koraput_02.jpg,cc by-sa 4.0,Drashokk,1714,2553,rejected,other
south_asia_0440.jpg,south_asia,People of India,File:Jagannath temple Koraput 03.jpg,https://commons.wikimedia.org/wiki/File:Jagannath_temple_Koraput_03.jpg,cc by-sa 4.0,Drashokk,1440,1920,kept,
south_asia_0441.jpg,south_asia,People of India,File:JaideepMalhotraProfile.jpg,https://commons.wikimedia.org/wiki/File:JaideepMalhotraProfile.jpg,cc by-sa 4.0,Zenmotor,3264,4928,rejected,other
south_asia_0442.jpg,south_asia,People of India,File:Jaijo-Joseph-Bangalore.jpg,https://commons.wikimedia.org/wiki/File:Jaijo-Joseph-Bangalore.jpg,cc by-sa 4.0,Pauljins,1420,2216,rejected,other
south_asia_0443.jpg,south_asia,People of India,File:Jal Singh Saini – Indian Tour Operator.jpg,https://commons.wikimedia.org/wiki/File:Jal_Singh_Saini_%E2%80%93_Indian_Tour_Operator.jpg,cc0,Topdeck-jal,2304,4096,rejected,other
south_asia_0444.jpg,south_asia,People of India,File:Jam-Shri-Digvijaysinhji-Ranjitsinhji-Jadeja-Maharaja-Jam-Saheb-of-Nawanagar.jpg,https://commons.wikimedia.org/wiki/File:Jam-Shri-Digvijaysinhji-Ranjitsinhji-Jadeja-Maharaja-Jam-Saheb-of-Nawanagar.jpg,public domain,Bassano Ltd,1029,1296,rejected,other
south_asia_0445.jpg,south_asia,People of India,File:Jasmine P. Mishra Karate.jpg,https://commons.wikimedia.org/wiki/File:Jasmine_P._Mishra_Karate.jpg,cc by 4.0,Government of Odisha,1040,853,kept,
south_asia_0446.jpg,south_asia,People of India,File:Jawahar Chavda.jpg,https://commons.wikimedia.org/wiki/File:Jawahar_Chavda.jpg,cc by-sa 4.0,Snehrashmi,5184,3456,kept,
south_asia_0447.jpg,south_asia,People of India,File:Jazz Festival Pune-2011-01 (6257357353).jpg,https://commons.wikimedia.org/wiki/File:Jazz_Festival_Pune-2011-01_(6257357353).jpg,cc by 2.0,"Ramnath Bhat from PUNE, India",2100,1500,kept,
south_asia_0448.jpg,south_asia,People of India,File:JDU LEADER1.jpg,https://commons.wikimedia.org/wiki/File:JDU_LEADER1.jpg,cc by-sa 4.0,SachTd2008,776,634,rejected,other
south_asia_0449.jpg,south_asia,People of India,File:Jean-Pierre Poulain India 5339.jpg,https://commons.wikimedia.org/wiki/File:Jean-Pierre_Poulain_India_5339.jpg,cc by-sa 4.0,Nialoup31,1600,1600,kept,
south_asia_0450.jpg,south_asia,People of India,File:Jeevan kumar HRF Photo.jpg,https://commons.wikimedia.org/wiki/File:Jeevan_kumar_HRF_Photo.jpg,cc by-sa 4.0,Sanju189,4000,6016,kept,
south_asia_0451.jpg,south_asia,People of India,File:Jijoiravi.jpg,https://commons.wikimedia.org/wiki/File:Jijoiravi.jpg,cc by-sa 4.0,Jijo mg,932,1000,rejected,other
south_asia_0452.jpg,south_asia,People of India,File:Joseph m puthussery.jpg,https://commons.wikimedia.org/wiki/File:Joseph_m_puthussery.jpg,cc by-sa 4.0,Satheeshmlpy,4608,2218,kept,
south_asia_0453.jpg,south_asia,People of India,File:Jp photography2.jpg,https://commons.wikimedia.org/wiki/File:Jp_photography2.jpg,cc by-sa 4.0,Jaypait,3264,2448,kept,
south_asia_0454.jpg,south_asia,People of India,File:JRD - Costumes da Índia Portuguesa – Vendedor de manilhas (pulseiras).jpg,https://commons.wikimedia.org/wiki/File:JRD_-_Costumes_da_%C3%8Dndia_Portuguesa_%E2%80%93_Vendedor_de_manilhas_(pulseiras).jpg,public domain,unknown/unstated at the source,960,620,kept,
south_asia_0455.jpg,south_asia,People of India,File:Jugalbandhi (6748462495).jpg,https://commons.wikimedia.org/wiki/File:Jugalbandhi_(6748462495).jpg,cc by 2.0,"Ramnath Bhat from PUNE, India",1734,1134,kept,
south_asia_0456.jpg,south_asia,People of India,"File:Jugolchandra receiving Natya Rattna Award, 2012.jpg","https://commons.wikimedia.org/wiki/File:Jugolchandra_receiving_Natya_Rattna_Award,_2012.jpg",cc by-sa 3.0,Anumesh13,1717,1326,kept,
south_asia_0457.jpg,south_asia,People of India,File:JUJU (knees and hands crop).JPG,https://commons.wikimedia.org/wiki/File:JUJU_(knees_and_hands_crop).JPG,cc by-sa 4.0,Manishdhuria,1257,1671,rejected,other
south_asia_0458.jpg,south_asia,People of India,File:JUJU.JPG,https://commons.wikimedia.org/wiki/File:JUJU.JPG,cc by-sa 4.0,Manishdhuria,4608,3456,rejected,other
south_asia_0459.jpg,south_asia,People of India,"File:Julia Stanley Palmer Shum (1824-1890), from 1848 wife of J.H.A.H. de Salis (1818-1894).jpg","https://commons.wikimedia.org/wiki/File:Julia_Stanley_Palmer_Shum_(1824-1890),_from_1848_wife_of_J.H.A.H._de_Salis_(1818-1894).jpg",public domain,"anon 

(Life time: sitter: Julia Stanley Palmer Shum (1824-1890))",1360,1719,rejected,other
south_asia_0460.png,south_asia,People of India,File:Jyothika Sahoo (portrait).png,https://commons.wikimedia.org/wiki/File:Jyothika_Sahoo_(portrait).png,cc by 4.0,Jyothika  Sahoo,1886,2048,kept,
south_asia_0461.jpg,south_asia,People of India,"File:K Karunakar, Indian Open Source techie.jpg","https://commons.wikimedia.org/wiki/File:K_Karunakar,_Indian_Open_Source_techie.jpg",cc by-sa 4.0,Fredericknoronha,2816,2112,rejected,other
south_asia_0462.jpg,south_asia,People of India,"File:K Karunakar, Open Source techie in New Delhi, India 2.jpg","https://commons.wikimedia.org/wiki/File:K_Karunakar,_Open_Source_techie_in_New_Delhi,_India_2.jpg",cc by-sa 4.0,Fredericknoronha,2816,2112,rejected,other
south_asia_0463.jpg,south_asia,People of India,"File:K Karunakar, Open Source techie in New Delhi, India.jpg","https://commons.wikimedia.org/wiki/File:K_Karunakar,_Open_Source_techie_in_New_Delhi,_India.jpg",cc by-sa 4.0,Fredericknoronha,2816,2112,kept,
south_asia_0464.jpg,south_asia,People of India,"File:Kaavya Kaajaana, Mahila Kavigoshti.jpg","https://commons.wikimedia.org/wiki/File:Kaavya_Kaajaana,_Mahila_Kavigoshti.jpg",cc by-sa 4.0,BhoomikaGudenkatti,1024,683,kept,
south_asia_0465.jpg,south_asia,People of India,File:Kabir Samman President Kovind Nov 2017.jpg,https://commons.wikimedia.org/wiki/File:Kabir_Samman_President_Kovind_Nov_2017.jpg,cc by-sa 4.0,Sarvajnadwivedi,849,794,kept,
south_asia_0466.jpg,south_asia,People of India,File:Kailash 129 (13708443794).jpg,https://commons.wikimedia.org/wiki/File:Kailash_129_(13708443794).jpg,cc0,"Lha Socialwork from Dharamsala H.P, India",1280,960,kept,
south_asia_0467.jpg,south_asia,People of India,File:Kailash 136 (13708095773).jpg,https://commons.wikimedia.org/wiki/File:Kailash_136_(13708095773).jpg,cc0,"Lha Socialwork from Dharamsala H.P, India",1280,960,kept,
south_asia_0468.jpg,south_asia,People of India,File:Kamal Nathani 2.jpg,https://commons.wikimedia.org/wiki/File:Kamal_Nathani_2.jpg,cc by-sa 4.0,Diveshnathani,1159,1716,rejected,other
south_asia_0469.jpg,south_asia,People of India,File:Kamal Nathani.jpg,https://commons.wikimedia.org/wiki/File:Kamal_Nathani.jpg,cc by-sa 4.0,Diveshnathani,1159,2448,rejected,other
south_asia_0470.jpg,south_asia,People of India,File:Kaman Mishmi.jpg,https://commons.wikimedia.org/wiki/File:Kaman_Mishmi.jpg,cc by-sa 4.0,Sony Manyu,1280,853,kept,
south_asia_0471.jpg,south_asia,People of India,File:Kamlesh D Patel (Daaji).jpg,https://commons.wikimedia.org/wiki/File:Kamlesh_D_Patel_(Daaji).jpg,cc by-sa 2.0,Heartfulness Photos,726,968,rejected,other
south_asia_0472.jpg,south_asia,People of India,File:Karam puja 4.jpg,https://commons.wikimedia.org/wiki/File:Karam_puja_4.jpg,cc by-sa 4.0,Pankaj076,900,720,kept,
south_asia_0473.jpg,south_asia,People of India,File:Karan Singh Tanwar Bopiya.jpg,https://commons.wikimedia.org/wiki/File:Karan_Singh_Tanwar_Bopiya.jpg,cc by-sa 4.0,Sikad147,960,645,kept,
south_asia_0474.jpg,south_asia,People of India,File:Karan Singh Tanwar Bopiya2.jpg,https://commons.wikimedia.org/wiki/File:Karan_Singh_Tanwar_Bopiya2.jpg,cc by-sa 4.0,Sikad147,1280,960,kept,
south_asia_0475.jpg,south_asia,People of India,File:Karimul haque another image.jpg,https://commons.wikimedia.org/wiki/File:Karimul_haque_another_image.jpg,cc by-sa 4.0,Rahulgupta786786,971,724,kept,
south_asia_0476.jpg,south_asia,People of India,File:Kathakali (8152744978).jpg,https://commons.wikimedia.org/wiki/File:Kathakali_(8152744978).jpg,cc by 2.0,"Ramnath Bhat from PUNE, India",2100,1500,kept,
south_asia_0477.jpg,south_asia,People of India,File:Kathiravan Veeramani.jpg,https://commons.wikimedia.org/wiki/File:Kathiravan_Veeramani.jpg,cc by-sa 4.0,Kathiravan79,853,1280,kept,
south_asia_0478.jpg,south_asia,People of India,File:Katta Shekar Reddy.jpg,https://commons.wikimedia.org/wiki/File:Katta_Shekar_Reddy.jpg,cc by-sa 4.0,Pranayraj1985,3061,2972,kept,
south_asia_0479.jpeg,south_asia,People of India,File:Keep Smiling Always (57918212).jpeg,https://commons.wikimedia.org/wiki/File:Keep_Smiling_Always_(57918212).jpeg,cc by 3.0,Ranit Sanyal,2048,1466,kept,
south_asia_0480.jpg,south_asia,People of India,File:Keertana Kesari Bhadragiri Shri Achutdasa Swamiji at the Keertana Saptaha in 1992.jpg,https://commons.wikimedia.org/wiki/File:Keertana_Kesari_Bhadragiri_Shri_Achutdasa_Swamiji_at_the_Keertana_Saptaha_in_1992.jpg,cc by-sa 4.0,Anupvshenoy,2052,1427,kept,
south_asia_0481.jpg,south_asia,People of India,File:Kendresaikumar.jpg,https://commons.wikimedia.org/wiki/File:Kendresaikumar.jpg,cc by-sa 4.0,Kendresaikumar,3120,4160,kept,
south_asia_0482.jpg,south_asia,People of India,File:Khalid Isar.jpg,https://commons.wikimedia.org/wiki/File:Khalid_Isar.jpg,cc by-sa 4.0,Khalid Isar,683,1024,rejected,other
south_asia_0483.jpg,south_asia,People of India,"File:Kharia of Ranchi, 1903.jpg","https://commons.wikimedia.org/wiki/File:Kharia_of_Ranchi,_1903.jpg",public domain,Bradley-Birt,1050,1400,rejected,other
south_asia_0484.jpg,south_asia,People of India,"File:Khas or Kus group, Goorkha, dominant tribe, Nipal.jpg","https://commons.wikimedia.org/wiki/File:Khas_or_Kus_group,_Goorkha,_dominant_tribe,_Nipal.jpg",public domain,J. Forbes Watson and John William Kaye,616,700,rejected,other
south_asia_0485.jpg,south_asia,People of India,File:Khazir Mohammad Malla.jpg,https://commons.wikimedia.org/wiki/File:Khazir_Mohammad_Malla.jpg,cc by-sa 4.0,Amanisofia,1536,1931,rejected,other
south_asia_0486.jpg,south_asia,People of India,File:KIDS.jpg,https://commons.wikimedia.org/wiki/File:KIDS.jpg,cc by-sa 4.0,Samarth1992001,4000,6000,kept,
south_asia_0487.jpg,south_asia,People of India,File:Kinnaura tribe of India.jpg,https://commons.wikimedia.org/wiki/File:Kinnaura_tribe_of_India.jpg,cc by-sa 4.0,Vanyanegi07,3072,1772,kept,
south_asia_0488.jpg,south_asia,People of India,File:Kirtan.jpg,https://commons.wikimedia.org/wiki/File:Kirtan.jpg,cc by-sa 4.0,Baban Dey KKR 2019,3280,1840,kept,
south_asia_0489.jpg,south_asia,People of India,"File:Korewah group, aboriginal, Chota Nagpoor.jpg","https://commons.wikimedia.org/wiki/File:Korewah_group,_aboriginal,_Chota_Nagpoor.jpg",public domain,J. Forbes Watson and John William Kaye,629,760,rejected,other
south_asia_0490.jpg,south_asia,People of India,File:Korku resting a while.JPG,https://commons.wikimedia.org/wiki/File:Korku_resting_a_while.JPG,cc by-sa 4.0,वि.नरसीकर,2304,2657,kept,
south_asia_0491.jpg,south_asia,People of India,File:Krishna Prakash IPS.jpg,https://commons.wikimedia.org/wiki/File:Krishna_Prakash_IPS.jpg,cc by-sa 4.0,Manoj Divakaran,608,872,kept,
south_asia_0492.jpg,south_asia,People of India,File:Krishnaiahs family.JPG,https://commons.wikimedia.org/wiki/File:Krishnaiahs_family.JPG,cc by-sa 3.0,Ramana6slr,4000,3000,kept,
south_asia_0493.jpg,south_asia,People of India,File:KrishnaJanmashtmi celebration.jpg,https://commons.wikimedia.org/wiki/File:KrishnaJanmashtmi_celebration.jpg,cc by-sa 4.0,Shraddhasinghuikey,3120,4160,kept,
south_asia_0494.jpg,south_asia,People of India,File:Kulasai 01.jpg,https://commons.wikimedia.org/wiki/File:Kulasai_01.jpg,cc by-sa 4.0,Dallton dapperjo,6000,4000,kept,
south_asia_0495.jpg,south_asia,People of India,File:Kulasai 03.jpg,https://commons.wikimedia.org/wiki/File:Kulasai_03.jpg,cc by-sa 4.0,Dallton dapperjo,6000,4000,kept,
south_asia_0496.jpg,south_asia,People of India,File:Kulasai 04.jpg,https://commons.wikimedia.org/wiki/File:Kulasai_04.jpg,cc by-sa 4.0,Dallton dapperjo,4000,6000,rejected,other
south_asia_0497.jpg,south_asia,People of India,File:Kulasai 05.jpg,https://commons.wikimedia.org/wiki/File:Kulasai_05.jpg,cc by-sa 4.0,Dallton dapperjo,6000,4000,kept,
south_asia_0498.jpg,south_asia,People of India,File:Kuldeep portrait.jpg,https://commons.wikimedia.org/wiki/File:Kuldeep_portrait.jpg,cc by-sa 4.0,Kuldeep singh raghuwanshi,3000,3000,rejected,other
south_asia_0499.jpg,south_asia,People of India,File:Kuldeepsogun@90.jpg,https://commons.wikimedia.org/wiki/File:Kuldeepsogun@90.jpg,cc by-sa 4.0,Kuldeep Sogun,3979,2652,rejected,other
south_asia_0500.jpg,south_asia,People of India,File:Kusuma dharmanna.jpg,https://commons.wikimedia.org/wiki/File:Kusuma_dharmanna.jpg,public domain,Unknown authorUnknown author,724,852,rejected,other
mena_0001.png,mena,People of Egypt,"File:""...common values that bind them in harmony."" (12677533805).png",https://commons.wikimedia.org/wiki/File:%22...common_values_that_bind_them_in_harmony.%22_(12677533805).png,cc0,Exchanges Photos,1837,1119,rejected,other
mena_0002.jpg,mena,People of Egypt,File:A child buys sweets next to the lantern tent.jpg,https://commons.wikimedia.org/wiki/File:A_child_buys_sweets_next_to_the_lantern_tent.jpg,cc by-sa 4.0,Foua42000,4080,2296,kept,
mena_0003.jpg,mena,People of Egypt,File:A cup of laban rayeb.jpg,https://commons.wikimedia.org/wiki/File:A_cup_of_laban_rayeb.jpg,cc by-sa 4.0,Mint eggy93,4160,3120,rejected,other
mena_0004.jpg,mena,People of Egypt,"File:A group of women, children and one man with sheep and goats on the water, Egypt.jpg","https://commons.wikimedia.org/wiki/File:A_group_of_women,_children_and_one_man_with_sheep_and_goats_on_the_water,_Egypt.jpg",cc0,Unknown authorUnknown author,1953,2560,rejected,other
mena_0005.jpg,mena,People of Egypt,File:A Night of Celebration.jpg,https://commons.wikimedia.org/wiki/File:A_Night_of_Celebration.jpg,cc by-sa 4.0,Loai.zedan234,6016,4016,kept,
mena_0006.jpg,mena,People of Egypt,File:A Taste of Heritage.jpg,https://commons.wikimedia.org/wiki/File:A_Taste_of_Heritage.jpg,cc by-sa 4.0,Loai.zedan234,5958,4002,kept,
mena_0007.png,mena,People of Egypt,File:Abaza-crest-regular Egyptian Abaza Family.png,https://commons.wikimedia.org/wiki/File:Abaza-crest-regular_Egyptian_Abaza_Family.png,cc by-sa 4.0,Commons 356568,2995,3944,rejected,other
mena_0008.jpg,mena,People of Egypt,File:AbdallahMogy EG-Siwa-Oasis(Amazigh)-1.jpg,https://commons.wikimedia.org/wiki/File:AbdallahMogy_EG-Siwa-Oasis(Amazigh)-1.jpg,cc by 4.0,Amogy,2000,1418,kept,
mena_0009.jpg,mena,People of Egypt,File:AbdallahMogy EG-Siwa-Oasis(Amazigh)-3.jpg,https://commons.wikimedia.org/wiki/File:AbdallahMogy_EG-Siwa-Oasis(Amazigh)-3.jpg,cc by 4.0,Amogy,2000,1300,kept,
mena_0010.png,mena,People of Egypt,File:Ahmose-Nefertari 4 depictions from various Tombs.png,https://commons.wikimedia.org/wiki/File:Ahmose-Nefertari_4_depictions_from_various_Tombs.png,cc0,Central16,668,1189,rejected,other
mena_0011.jpg,mena,People of Egypt,File:Al-Gamaleya Street 1.jpg,https://commons.wikimedia.org/wiki/File:Al-Gamaleya_Street_1.jpg,cc by-sa 4.0,Foua42000,8160,6144,kept,
mena_0012.jpg,mena,People of Egypt,File:Al-Gamaleya Street2.jpg,https://commons.wikimedia.org/wiki/File:Al-Gamaleya_Street2.jpg,cc by-sa 4.0,Foua42000,7645,5448,kept,
mena_0013.jpg,mena,People of Egypt,File:Ali Saber (Owner & Chairman).jpg,https://commons.wikimedia.org/wiki/File:Ali_Saber_(Owner_%26_Chairman).jpg,cc0,,1320,1700,rejected,other
mena_0014.jpg,mena,People of Egypt,File:An Egyptian dancing girl.jpg,https://commons.wikimedia.org/wiki/File:An_Egyptian_dancing_girl.jpg,public domain,Montbard,1188,933,rejected,other
mena_0015.jpg,mena,People of Egypt,"File:Arab restaurant, Egypt.jpg","https://commons.wikimedia.org/wiki/File:Arab_restaurant,_Egypt.jpg",public domain,"Unknown authorUnknown author 

possibly Emilio Lauro (1880–1900)[2][3] or Zangaki brothers (active 1860–1890) (source: Rakstniecības un mūzikas muzejs. Akti. Fakti. Artefakti. 2023 (1). ISSN 2592-9879",698,760,kept,
mena_0016.jpg,mena,People of Egypt,"File:Beads and Scarabs, Aswan, Egypt, Pitt Rivers Museum.jpg","https://commons.wikimedia.org/wiki/File:Beads_and_Scarabs,_Aswan,_Egypt,_Pitt_Rivers_Museum.jpg",cc by-sa 4.0,SpeakingArch,736,920,rejected,other
mena_0017.jpg,mena,People of Egypt,File:Cap Sayed Reda acc.jpg,https://commons.wikimedia.org/wiki/File:Cap_Sayed_Reda_acc.jpg,cc by-sa 4.0,كابيتانو مصر كارتيه,1080,715,rejected,other
mena_0018.jpg,mena,People of Egypt,File:Carrying the Future A Young Girl in Rural Egypt’s Daily Rituals.jpg,https://commons.wikimedia.org/wiki/File:Carrying_the_Future_A_Young_Girl_in_Rural_Egypt%E2%80%99s_Daily_Rituals.jpg,cc by-sa 4.0,Loai.zedan234,4016,6016,kept,
mena_0019.jpg,mena,People of Egypt,"File:Costumes de Different Pays, 'Egyptien' LACMA M.83.190.272.jpg","https://commons.wikimedia.org/wiki/File:Costumes_de_Different_Pays,_%27Egyptien%27_LACMA_M.83.190.272.jpg",public domain,"Jacques Grasset de Saint-Sauveur (France, 1757-1810), Labrousse (France, Bordeaux, active late 18th century)",1425,2100,rejected,other
mena_0020.jpg,mena,People of Egypt,"File:Costumes de Different Pays, 'Egyptienne' LACMA M.83.190.273.jpg","https://commons.wikimedia.org/wiki/File:Costumes_de_Different_Pays,_%27Egyptienne%27_LACMA_M.83.190.273.jpg",public domain,"Jacques Grasset de Saint-Sauveur (France, 1757-1810), Labrousse (France, Bordeaux, active late 18th century)",1417,2100,rejected,other
mena_0021.jpg,mena,People of Egypt,File:Crimson Lane.jpg,https://commons.wikimedia.org/wiki/File:Crimson_Lane.jpg,cc by-sa 4.0,Foua42000,8160,5769,kept,
mena_0022.png,mena,People of Egypt,File:Diaa Kamal Creator of Zorro 2030.png,https://commons.wikimedia.org/wiki/File:Diaa_Kamal_Creator_of_Zorro_2030.png,cc by-sa 4.0,Diaa Kamal Zorro,2500,2500,rejected,other
mena_0023.jpg,mena,People of Egypt,File:Egyptian views; Thebes. Entrance to a royal tomb LOC matpc.01561.jpg,https://commons.wikimedia.org/wiki/File:Egyptian_views;_Thebes._Entrance_to_a_royal_tomb_LOC_matpc.01561.jpg,public domain,Matson Collection,1024,753,rejected,other
mena_0024.jpg,mena,People of Egypt,"File:Faience tile with rekhyt-birds. Ramesses III (1183-1152 BCE) The royal palace, Tell el Yahudiyeh.jpg","https://commons.wikimedia.org/wiki/File:Faience_tile_with_rekhyt-birds._Ramesses_III_(1183-1152_BCE)_The_royal_palace,_Tell_el_Yahudiyeh.jpg",cc by-sa 4.0,SpeakingArch,736,736,rejected,other
mena_0025.png,mena,People of Egypt,File:Flag used by Egypt and Tlemcen.png,https://commons.wikimedia.org/wiki/File:Flag_used_by_Egypt_and_Tlemcen.png,cc by-sa 4.0,AlKhaznadji,2160,1620,rejected,other
mena_0026.jpg,mena,People of Egypt,File:Grand parents.jpg,https://commons.wikimedia.org/wiki/File:Grand_parents.jpg,cc by-sa 4.0,Mona Hassan Abo-Abda,3215,4813,kept,
mena_0027.jpg,mena,People of Egypt,File:Green & Red.jpg,https://commons.wikimedia.org/wiki/File:Green_%26_Red.jpg,cc by-sa 4.0,Mona Hassan Abo-Abda,3967,3966,rejected,other
mena_0028.jpg,mena,People of Egypt,File:Henna Celebration.jpg,https://commons.wikimedia.org/wiki/File:Henna_Celebration.jpg,cc by-sa 4.0,Abdelazizibrahim,6000,4000,kept,
mena_0029.jpg,mena,People of Egypt,File:Henna night.jpg,https://commons.wikimedia.org/wiki/File:Henna_night.jpg,cc by-sa 4.0,Abdelazizibrahim,5628,3752,kept,
mena_0030.jpg,mena,People of Egypt,File:Ihaveproveditmyself.jpg,https://commons.wikimedia.org/wiki/File:Ihaveproveditmyself.jpg,cc by-sa 4.0,Temerarius,1110,856,rejected,other
mena_0031.jpg,mena,People of Egypt,File:Khedive Tawfik Order at 1st January 1883.jpg,https://commons.wikimedia.org/wiki/File:Khedive_Tawfik_Order_at_1st_January_1883.jpg,cc0,Ashashyou,1753,1546,rejected,other
mena_0032.jpg,mena,People of Egypt,File:Leeds City Museum 27 October 2023 (16).JPG,https://commons.wikimedia.org/wiki/File:Leeds_City_Museum_27_October_2023_(16).JPG,cc by-sa 4.0,Storye book,3000,4000,rejected,other
mena_0033.jpg,mena,People of Egypt,File:Leeds City Museum 27 October 2023 (18).JPG,https://commons.wikimedia.org/wiki/File:Leeds_City_Museum_27_October_2023_(18).JPG,cc by-sa 4.0,Storye book,3000,4000,rejected,other
mena_0034.jpg,mena,People of Egypt,File:Men of the lower classes from Lane's Modern Egyptians.jpg,https://commons.wikimedia.org/wiki/File:Men_of_the_lower_classes_from_Lane%27s_Modern_Egyptians.jpg,public domain,Edward William Lane,769,1218,rejected,other
mena_0035.jpg,mena,People of Egypt,File:Moamen Islam Talima Portrait.jpg,https://commons.wikimedia.org/wiki/File:Moamen_Islam_Talima_Portrait.jpg,cc0,Moamen Islam Talima,2029,2503,rejected,other
mena_0036.jpg,mena,People of Egypt,File:Nesayamun facial reconstruction.jpg,https://commons.wikimedia.org/wiki/File:Nesayamun_facial_reconstruction.jpg,cc by 4.0,Rip Wiggles,3144,4192,rejected,other
mena_0037.jpg,mena,People of Egypt,File:Night food carts in Old Cairo.jpg,https://commons.wikimedia.org/wiki/File:Night_food_carts_in_Old_Cairo.jpg,cc by-sa 4.0,Foua42000,4080,2296,kept,
mena_0038.jpg,mena,People of Egypt,File:Rima Saloum Actress.jpg,https://commons.wikimedia.org/wiki/File:Rima_Saloum_Actress.jpg,cc0,Noura Adam,1122,1280,rejected,other
mena_0039.jpg,mena,People of Egypt,File:Rima Saloum.jpg,https://commons.wikimedia.org/wiki/File:Rima_Saloum.jpg,cc0,Noura Adam,1170,1227,rejected,other
mena_0040.jpg,mena,People of Egypt,File:Rosaline Elbay 2025 Full 2.jpg,https://commons.wikimedia.org/wiki/File:Rosaline_Elbay_2025_Full_2.jpg,cc0,Arabworldcontributor,4480,6720,rejected,other
mena_0041.jpg,mena,People of Egypt,File:Rosaline Elbay 2025.jpg,https://commons.wikimedia.org/wiki/File:Rosaline_Elbay_2025.jpg,cc0,Arabworldcontributor,3461,4080,rejected,other
mena_0042.jpg,mena,People of Egypt,File:Saad Ahmed Mohamed.jpg,https://commons.wikimedia.org/wiki/File:Saad_Ahmed_Mohamed.jpg,cc by-sa 4.0,Hanaelbndar,2952,2519,rejected,other
mena_0043.jpg,mena,People of Egypt,File:Sarahelnahas.jpg,https://commons.wikimedia.org/wiki/File:Sarahelnahas.jpg,cc by-sa 4.0,Rabak7584,1440,1440,rejected,other
mena_0044.jpg,mena,People of Egypt,File:Tarek gamal khalaf mohamed.jpg,https://commons.wikimedia.org/wiki/File:Tarek_gamal_khalaf_mohamed.jpg,cc by-sa 4.0,Tarek khallaf95,4096,4096,rejected,other
mena_0045.jpg,mena,People of Egypt,"File:Temple of Edfu, Corridors, Egypt.jpg","https://commons.wikimedia.org/wiki/File:Temple_of_Edfu,_Corridors,_Egypt.jpg",cc by 4.0,Vyacheslav Argenberg,3072,2048,rejected,other
mena_0046.jpg,mena,People of Egypt,File:The Order of the Republic was awarded to Major General Ghada Salah El-Manbawi.jpg,https://commons.wikimedia.org/wiki/File:The_Order_of_the_Republic_was_awarded_to_Major_General_Ghada_Salah_El-Manbawi.jpg,cc by-sa 4.0,Walid777999,2941,4411,rejected,other
mena_0047.jpg,mena,People of Egypt,"File:Thebes, Medinet Habu, Egypt, Temple of Ramesses III, Ancient Egypt, Guards.jpg","https://commons.wikimedia.org/wiki/File:Thebes,_Medinet_Habu,_Egypt,_Temple_of_Ramesses_III,_Ancient_Egypt,_Guards.jpg",cc by 4.0,Vyacheslav Argenberg,3072,2048,kept,
mena_0048.jpg,mena,People of Egypt,"File:Thebes, Medinet Habu, Egypt, Temple of Ramesses III, Peristyle Court, Ancient Egypt.jpg","https://commons.wikimedia.org/wiki/File:Thebes,_Medinet_Habu,_Egypt,_Temple_of_Ramesses_III,_Peristyle_Court,_Ancient_Egypt.jpg",cc by 4.0,Vyacheslav Argenberg,3072,2048,kept,
mena_0049.jpg,mena,People of Egypt,File:Traditional Henna night.jpg,https://commons.wikimedia.org/wiki/File:Traditional_Henna_night.jpg,cc by-sa 4.0,Abdelazizibrahim,6000,4000,kept,
mena_0050.jpg,mena,People of Egypt,File:Using irrigation water for bathing (1629).jpg,https://commons.wikimedia.org/wiki/File:Using_irrigation_water_for_bathing_(1629).jpg,cc by 2.0,James Buck,1000,667,kept,
mena_0051.jpg,mena,People of Egypt,File:Voyage de l'Égypte à l'Indochine - btv1b84515897 (20 of 99).jpg,https://commons.wikimedia.org/wiki/File:Voyage_de_l%27%C3%89gypte_%C3%A0_l%27Indochine_-_btv1b84515897_(20_of_99).jpg,public domain,"Arnoux, Hippolyte (18..-19..? ; photographe). Photographe

Gsell, Emile (1838-1879). Photographe",5569,4816,rejected,other
mena_0052.jpg,mena,People of Egypt,File:Voyage de l'Égypte à l'Indochine - btv1b84515897 (34 of 99).jpg,https://commons.wikimedia.org/wiki/File:Voyage_de_l%27%C3%89gypte_%C3%A0_l%27Indochine_-_btv1b84515897_(34_of_99).jpg,public domain,"Arnoux, Hippolyte (18..-19..? ; photographe). Photographe

Gsell, Emile (1838-1879). Photographe",5468,4840,rejected,other
mena_0053.jpg,mena,People of Egypt,File:Wikimaina nair 2025 33.jpg,https://commons.wikimedia.org/wiki/File:Wikimaina_nair_2025_33.jpg,cc by 4.0,نعيم قربوسي,6720,4480,rejected,other
mena_0054.jpg,mena,People of Egypt,File:Zawiya of Shaykh Zayn ad-Din.jpg,https://commons.wikimedia.org/wiki/File:Zawiya_of_Shaykh_Zayn_ad-Din.jpg,cc0,Yusuf Asar Yathar,2524,1420,rejected,other
mena_0055.jpg,mena,People of Egypt,File:Ägyptisches Museum Kairo 2016-03-29 Tutanchamun Grabschatz 09 - cropped.jpg,https://commons.wikimedia.org/wiki/File:%C3%84gyptisches_Museum_Kairo_2016-03-29_Tutanchamun_Grabschatz_09_-_cropped.jpg,cc by-sa 4.0,"Djehouty

https://commons.wikimedia.org/wiki/User:Djehouty",680,735,rejected,other
mena_0056.jpg,mena,People of Egypt,File:أبو البقاء كمال الدين محمد بن موسى الدميري.jpg,https://commons.wikimedia.org/wiki/File:%D8%A3%D8%A8%D9%88_%D8%A7%D9%84%D8%A8%D9%82%D8%A7%D8%A1_%D9%83%D9%85%D8%A7%D9%84_%D8%A7%D9%84%D8%AF%D9%8A%D9%86_%D9%85%D8%AD%D9%85%D8%AF_%D8%A8%D9%86_%D9%85%D9%88%D8%B3%D9%89_%D8%A7%D9%84%D8%AF%D9%85%D9%8A%D8%B1%D9%8A.jpg,cc0,أبو القاسم الصعيدي,1280,1280,rejected,other
mena_0057.png,mena,People of Egypt,File:الأمير سعد الدين إبراهيم بن غراب.png,https://commons.wikimedia.org/wiki/File:%D8%A7%D9%84%D8%A3%D9%85%D9%8A%D8%B1_%D8%B3%D8%B9%D8%AF_%D8%A7%D9%84%D8%AF%D9%8A%D9%86_%D8%A5%D8%A8%D8%B1%D8%A7%D9%87%D9%8A%D9%85_%D8%A8%D9%86_%D8%BA%D8%B1%D8%A7%D8%A8.png,cc0,شهاب الدين البشموري,1092,1092,rejected,other
mena_0058.jpg,mena,People of Egypt,File:السلطان الملك الأشرف أبو المفاخر زين شعبان بن الأمجد حسين بن الناصر محمد بن قلاوون.jpg,https://commons.wikimedia.org/wiki/File:%D8%A7%D9%84%D8%B3%D9%84%D8%B7%D8%A7%D9%86_%D8%A7%D9%84%D9%85%D9%84%D9%83_%D8%A7%D9%84%D8%A3%D8%B4%D8%B1%D9%81_%D8%A3%D8%A8%D9%88_%D8%A7%D9%84%D9%85%D9%81%D8%A7%D8%AE%D8%B1_%D8%B2%D9%8A%D9%86_%D8%B4%D8%B9%D8%A8%D8%A7%D9%86_%D8%A8%D9%86_%D8%A7%D9%84%D8%A3%D9%85%D8%AC%D8%AF_%D8%AD%D8%B3%D9%8A%D9%86_%D8%A8%D9%86_%D8%A7%D9%84%D9%86%D8%A7%D8%B5%D8%B1_%D9%85%D8%AD%D9%85%D8%AF_%D8%A8%D9%86_%D9%82%D9%84%D8%A7%D9%88%D9%88%D9%86.jpg,cc0,أبو القاسم الصعيدي,1102,1102,rejected,other
mena_0059.jpg,mena,People of Egypt,File:السلطان الملك الصالح عماد الدين إسماعيل بن الناصر محمد بن الملك قلاوون.jpg,https://commons.wikimedia.org/wiki/File:%D8%A7%D9%84%D8%B3%D9%84%D8%B7%D8%A7%D9%86_%D8%A7%D9%84%D9%85%D9%84%D9%83_%D8%A7%D9%84%D8%B5%D8%A7%D9%84%D8%AD_%D8%B9%D9%85%D8%A7%D8%AF_%D8%A7%D9%84%D8%AF%D9%8A%D9%86_%D8%A5%D8%B3%D9%85%D8%A7%D8%B9%D9%8A%D9%84_%D8%A8%D9%86_%D8%A7%D9%84%D9%86%D8%A7%D8%B5%D8%B1_%D9%85%D8%AD%D9%85%D8%AF_%D8%A8%D9%86_%D8%A7%D9%84%D9%85%D9%84%D9%83_%D9%82%D9%84%D8%A7%D9%88%D9%88%D9%86.jpg,cc0,أبو القاسم الصعيدي,1080,1080,rejected,other
mena_0060.png,mena,People of Egypt,File:الصاحب الوزير الكبير بهاء الدين بن حنا.png,https://commons.wikimedia.org/wiki/File:%D8%A7%D9%84%D8%B5%D8%A7%D8%AD%D8%A8_%D8%A7%D9%84%D9%88%D8%B2%D9%8A%D8%B1_%D8%A7%D9%84%D9%83%D8%A8%D9%8A%D8%B1_%D8%A8%D9%87%D8%A7%D8%A1_%D8%A7%D9%84%D8%AF%D9%8A%D9%86_%D8%A8%D9%86_%D8%AD%D9%86%D8%A7.png,cc0,أبو القاسم الصعيدي,1280,1280,rejected,other
mena_0061.png,mena,People of Egypt,File:الكتيبة السادسة حرس جمهوري - شعار فرعوني.png,https://commons.wikimedia.org/wiki/File:%D8%A7%D9%84%D9%83%D8%AA%D9%8A%D8%A8%D8%A9_%D8%A7%D9%84%D8%B3%D8%A7%D8%AF%D8%B3%D8%A9_%D8%AD%D8%B1%D8%B3_%D8%AC%D9%85%D9%87%D9%88%D8%B1%D9%8A_-_%D8%B4%D8%B9%D8%A7%D8%B1_%D9%81%D8%B1%D8%B9%D9%88%D9%86%D9%8A.png,public domain,Walid777999,4096,4096,rejected,other
mena_0062.jpg,mena,People of Egypt,File:المؤيد أبو النصر شيخ المحمودي.jpg,https://commons.wikimedia.org/wiki/File:%D8%A7%D9%84%D9%85%D8%A4%D9%8A%D8%AF_%D8%A3%D8%A8%D9%88_%D8%A7%D9%84%D9%86%D8%B5%D8%B1_%D8%B4%D9%8A%D8%AE_%D8%A7%D9%84%D9%85%D8%AD%D9%85%D9%88%D8%AF%D9%8A.jpg,cc0,أبو القاسم الصعيدي,1294,1294,rejected,other
mena_0063.png,mena,People of Egypt,File:المجموعة 88 حراسات بالكتيبة السادسة حرس جمهوري - شعار فرعوني.png,https://commons.wikimedia.org/wiki/File:%D8%A7%D9%84%D9%85%D8%AC%D9%85%D9%88%D8%B9%D8%A9_88_%D8%AD%D8%B1%D8%A7%D8%B3%D8%A7%D8%AA_%D8%A8%D8%A7%D9%84%D9%83%D8%AA%D9%8A%D8%A8%D8%A9_%D8%A7%D9%84%D8%B3%D8%A7%D8%AF%D8%B3%D8%A9_%D8%AD%D8%B1%D8%B3_%D8%AC%D9%85%D9%87%D9%88%D8%B1%D9%8A_-_%D8%B4%D8%B9%D8%A7%D8%B1_%D9%81%D8%B1%D8%B9%D9%88%D9%86%D9%8A.png,public domain,Walid777999,4096,4096,rejected,other
mena_0064.jpg,mena,People of Egypt,File:الملك الأفضل رضوان بن ولخشي المصري.jpg,https://commons.wikimedia.org/wiki/File:%D8%A7%D9%84%D9%85%D9%84%D9%83_%D8%A7%D9%84%D8%A3%D9%81%D8%B6%D9%84_%D8%B1%D8%B6%D9%88%D8%A7%D9%86_%D8%A8%D9%86_%D9%88%D9%84%D8%AE%D8%B4%D9%8A_%D8%A7%D9%84%D9%85%D8%B5%D8%B1%D9%8A.jpg,cc0,أبو القاسم الصعيدي,1294,1294,rejected,other
mena_0065.jpg,mena,People of Egypt,File:الملك الاشرف أبو المفاخر ناصر الدين شعبان بن قلاوون.jpg,https://commons.wikimedia.org/wiki/File:%D8%A7%D9%84%D9%85%D9%84%D9%83_%D8%A7%D9%84%D8%A7%D8%B4%D8%B1%D9%81_%D8%A3%D8%A8%D9%88_%D8%A7%D9%84%D9%85%D9%81%D8%A7%D8%AE%D8%B1_%D9%86%D8%A7%D8%B5%D8%B1_%D8%A7%D9%84%D8%AF%D9%8A%D9%86_%D8%B4%D8%B9%D8%A8%D8%A7%D9%86_%D8%A8%D9%86_%D9%82%D9%84%D8%A7%D9%88%D9%88%D9%86.jpg,cc0,أبو القاسم الصعيدي,1081,1080,rejected,other
mena_0066.jpg,mena,People of Egypt,File:الملك الصالح عماد الدين أسماعيل بن الناصر محمد بن المنصور قلاوون.jpg,https://commons.wikimedia.org/wiki/File:%D8%A7%D9%84%D9%85%D9%84%D9%83_%D8%A7%D9%84%D8%B5%D8%A7%D9%84%D8%AD_%D8%B9%D9%85%D8%A7%D8%AF_%D8%A7%D9%84%D8%AF%D9%8A%D9%86_%D8%A3%D8%B3%D9%85%D8%A7%D8%B9%D9%8A%D9%84_%D8%A8%D9%86_%D8%A7%D9%84%D9%86%D8%A7%D8%B5%D8%B1_%D9%85%D8%AD%D9%85%D8%AF_%D8%A8%D9%86_%D8%A7%D9%84%D9%85%D9%86%D8%B5%D9%88%D8%B1_%D9%82%D9%84%D8%A7%D9%88%D9%88%D9%86.jpg,cc0,أبو القاسم الصعيدي,1080,1080,rejected,other
mena_0067.jpg,mena,People of Egypt,File:الملك المظفر سيف الدين حاجي بن الناصر محمد بن قلاوون.jpg,https://commons.wikimedia.org/wiki/File:%D8%A7%D9%84%D9%85%D9%84%D9%83_%D8%A7%D9%84%D9%85%D8%B8%D9%81%D8%B1_%D8%B3%D9%8A%D9%81_%D8%A7%D9%84%D8%AF%D9%8A%D9%86_%D8%AD%D8%A7%D8%AC%D9%8A_%D8%A8%D9%86_%D8%A7%D9%84%D9%86%D8%A7%D8%B5%D8%B1_%D9%85%D8%AD%D9%85%D8%AF_%D8%A8%D9%86_%D9%82%D9%84%D8%A7%D9%88%D9%88%D9%86.jpg,cc0,أبو القاسم الصعيدي,1080,1080,rejected,other
mena_0068.jpg,mena,People of Egypt,File:الملك المنصور حسام الدين لاجين.jpg,https://commons.wikimedia.org/wiki/File:%D8%A7%D9%84%D9%85%D9%84%D9%83_%D8%A7%D9%84%D9%85%D9%86%D8%B5%D9%88%D8%B1_%D8%AD%D8%B3%D8%A7%D9%85_%D8%A7%D9%84%D8%AF%D9%8A%D9%86_%D9%84%D8%A7%D8%AC%D9%8A%D9%86.jpg,cc0,أبو القاسم الصعيدي,1280,1280,rejected,other
mena_0069.jpg,mena,People of Egypt,File:الملك المنصور سيف الدين قلاوون الألفي العلائي.jpg,https://commons.wikimedia.org/wiki/File:%D8%A7%D9%84%D9%85%D9%84%D9%83_%D8%A7%D9%84%D9%85%D9%86%D8%B5%D9%88%D8%B1_%D8%B3%D9%8A%D9%81_%D8%A7%D9%84%D8%AF%D9%8A%D9%86_%D9%82%D9%84%D8%A7%D9%88%D9%88%D9%86_%D8%A7%D9%84%D8%A3%D9%84%D9%81%D9%8A_%D8%A7%D9%84%D8%B9%D9%84%D8%A7%D8%A6%D9%8A.jpg,cc0,أبو القاسم الصعيدي,1280,1280,rejected,other
mena_0070.jpg,mena,People of Egypt,File:الملك المنصور سيف الدين قلاوون العلائي الصالحي.jpg,https://commons.wikimedia.org/wiki/File:%D8%A7%D9%84%D9%85%D9%84%D9%83_%D8%A7%D9%84%D9%85%D9%86%D8%B5%D9%88%D8%B1_%D8%B3%D9%8A%D9%81_%D8%A7%D9%84%D8%AF%D9%8A%D9%86_%D9%82%D9%84%D8%A7%D9%88%D9%88%D9%86_%D8%A7%D9%84%D8%B9%D9%84%D8%A7%D8%A6%D9%8A_%D8%A7%D9%84%D8%B5%D8%A7%D9%84%D8%AD%D9%8A.jpg,cc0,أبو القاسم الصعيدي,1080,1080,rejected,other
mena_0071.jpg,mena,People of Egypt,File:الناصر بدرر الدين الحسن بن الناصر محمد بن قلاوون.jpg,https://commons.wikimedia.org/wiki/File:%D8%A7%D9%84%D9%86%D8%A7%D8%B5%D8%B1_%D8%A8%D8%AF%D8%B1%D8%B1_%D8%A7%D9%84%D8%AF%D9%8A%D9%86_%D8%A7%D9%84%D8%AD%D8%B3%D9%86_%D8%A8%D9%86_%D8%A7%D9%84%D9%86%D8%A7%D8%B5%D8%B1_%D9%85%D8%AD%D9%85%D8%AF_%D8%A8%D9%86_%D9%82%D9%84%D8%A7%D9%88%D9%88%D9%86.jpg,cc0,أبو القاسم الصعيدي,1102,1102,rejected,other
mena_0072.jpg,mena,People of Egypt,File:الوان النوبه.jpg,https://commons.wikimedia.org/wiki/File:%D8%A7%D9%84%D9%88%D8%A7%D9%86_%D8%A7%D9%84%D9%86%D9%88%D8%A8%D9%87.jpg,cc by-sa 4.0,Mustafa Shorbaji,4893,3330,kept,
mena_0073.png,mena,People of Egypt,File:الوزير زين الدين أحمد بن حنا.png,https://commons.wikimedia.org/wiki/File:%D8%A7%D9%84%D9%88%D8%B2%D9%8A%D8%B1_%D8%B2%D9%8A%D9%86_%D8%A7%D9%84%D8%AF%D9%8A%D9%86_%D8%A3%D8%AD%D9%85%D8%AF_%D8%A8%D9%86_%D8%AD%D9%86%D8%A7.png,cc0,أبو القاسم الصعيدي,1080,1080,kept,
mena_0074.jpg,mena,People of Egypt,File:تخطيط اسم التابعي عبيد الله بن ابا رافع قزمان القبطي.jpg,https://commons.wikimedia.org/wiki/File:%D8%AA%D8%AE%D8%B7%D9%8A%D8%B7_%D8%A7%D8%B3%D9%85_%D8%A7%D9%84%D8%AA%D8%A7%D8%A8%D8%B9%D9%8A_%D8%B9%D8%A8%D9%8A%D8%AF_%D8%A7%D9%84%D9%84%D9%87_%D8%A8%D9%86_%D8%A7%D8%A8%D8%A7_%D8%B1%D8%A7%D9%81%D8%B9_%D9%82%D8%B2%D9%85%D8%A7%D9%86_%D8%A7%D9%84%D9%82%D8%A8%D8%B7%D9%8A.jpg,cc0,أبو القاسم الصعيدي,1080,1080,rejected,other
mena_0075.jpg,mena,People of Egypt,File:تخطيط اسم السلطان المنصور سيف الدين قلاوون.jpg,https://commons.wikimedia.org/wiki/File:%D8%AA%D8%AE%D8%B7%D9%8A%D8%B7_%D8%A7%D8%B3%D9%85_%D8%A7%D9%84%D8%B3%D9%84%D8%B7%D8%A7%D9%86_%D8%A7%D9%84%D9%85%D9%86%D8%B5%D9%88%D8%B1_%D8%B3%D9%8A%D9%81_%D8%A7%D9%84%D8%AF%D9%8A%D9%86_%D9%82%D9%84%D8%A7%D9%88%D9%88%D9%86.jpg,cc by 4.0,أبو القاسم الصعيدي,1280,1280,rejected,other
mena_0076.jpg,mena,People of Egypt,File:تخطيط اسم الصحابي أبو رافع قزمان القبطي.jpg,https://commons.wikimedia.org/wiki/File:%D8%AA%D8%AE%D8%B7%D9%8A%D8%B7_%D8%A7%D8%B3%D9%85_%D8%A7%D9%84%D8%B5%D8%AD%D8%A7%D8%A8%D9%8A_%D8%A3%D8%A8%D9%88_%D8%B1%D8%A7%D9%81%D8%B9_%D9%82%D8%B2%D9%85%D8%A7%D9%86_%D8%A7%D9%84%D9%82%D8%A8%D8%B7%D9%8A.jpg,cc0,أبو القاسم الصعيدي,1080,1080,rejected,other
mena_0077.png,mena,People of Egypt,File:تخطيط لاسم الأمير عز الدين الكوراني.png,https://commons.wikimedia.org/wiki/File:%D8%AA%D8%AE%D8%B7%D9%8A%D8%B7_%D9%84%D8%A7%D8%B3%D9%85_%D8%A7%D9%84%D8%A3%D9%85%D9%8A%D8%B1_%D8%B9%D8%B2_%D8%A7%D9%84%D8%AF%D9%8A%D9%86_%D8%A7%D9%84%D9%83%D9%88%D8%B1%D8%A7%D9%86%D9%8A.png,cc0,أبو القاسم الصعيدي,1080,1080,rejected,other
mena_0078.jpg,mena,People of Egypt,File:سعد الدين إبراهيم بن غراب.jpg,https://commons.wikimedia.org/wiki/File:%D8%B3%D8%B9%D8%AF_%D8%A7%D9%84%D8%AF%D9%8A%D9%86_%D8%A5%D8%A8%D8%B1%D8%A7%D9%87%D9%8A%D9%85_%D8%A8%D9%86_%D8%BA%D8%B1%D8%A7%D8%A8.jpg,cc0,أبو القاسم الصعيدي,1114,1114,rejected,other
mena_0079.jpg,mena,People of Egypt,File:شرف الدين عبد المؤمن بن خلف الدمياطي.jpg,https://commons.wikimedia.org/wiki/File:%D8%B4%D8%B1%D9%81_%D8%A7%D9%84%D8%AF%D9%8A%D9%86_%D8%B9%D8%A8%D8%AF_%D8%A7%D9%84%D9%85%D8%A4%D9%85%D9%86_%D8%A8%D9%86_%D8%AE%D9%84%D9%81_%D8%A7%D9%84%D8%AF%D9%85%D9%8A%D8%A7%D8%B7%D9%8A.jpg,cc0,أبو القاسم الصعيدي,1294,1294,rejected,other
mena_0080.png,mena,People of Egypt,File:شعار أكاديمية الشرطة (مصر).png,https://commons.wikimedia.org/wiki/File:%D8%B4%D8%B9%D8%A7%D8%B1_%D8%A3%D9%83%D8%A7%D8%AF%D9%8A%D9%85%D9%8A%D8%A9_%D8%A7%D9%84%D8%B4%D8%B1%D8%B7%D8%A9_(%D9%85%D8%B5%D8%B1).png,cc by-sa 4.0,أكاديمية الشرطة المصرية,3264,3264,rejected,other
mena_0081.jpg,mena,People of Egypt,File:طفل صغير في حفل الزفاف يركب الحصان.jpg,https://commons.wikimedia.org/wiki/File:%D8%B7%D9%81%D9%84_%D8%B5%D8%BA%D9%8A%D8%B1_%D9%81%D9%8A_%D8%AD%D9%81%D9%84_%D8%A7%D9%84%D8%B2%D9%81%D8%A7%D9%81_%D9%8A%D8%B1%D9%83%D8%A8_%D8%A7%D9%84%D8%AD%D8%B5%D8%A7%D9%86.jpg,cc by-sa 4.0,Mohammed khaleefa,3266,2449,rejected,other
mena_0082.jpg,mena,People of Egypt,File:طيران بلا اجنحة.jpg,https://commons.wikimedia.org/wiki/File:%D8%B7%D9%8A%D8%B1%D8%A7%D9%86_%D8%A8%D9%84%D8%A7_%D8%A7%D8%AC%D9%86%D8%AD%D8%A9.jpg,cc by-sa 4.0,Sakorty,5491,3438,kept,
mena_0083.jpg,mena,People of Egypt,File:طيران.jpg,https://commons.wikimedia.org/wiki/File:%D8%B7%D9%8A%D8%B1%D8%A7%D9%86.jpg,cc by-sa 4.0,Sakorty,3504,4608,rejected,other
mena_0084.jpg,mena,People of Egypt,File:عالم رحاله.jpg,https://commons.wikimedia.org/wiki/File:%D8%B9%D8%A7%D9%84%D9%85_%D8%B1%D8%AD%D8%A7%D9%84%D9%87.jpg,cc by 4.0,Mona Hassan Abo-Abda,5415,3615,kept,
mena_0085.jpg,mena,People of Egypt,File:عكاز ونظره امل ورضا.jpg,https://commons.wikimedia.org/wiki/File:%D8%B9%D9%83%D8%A7%D8%B2_%D9%88%D9%86%D8%B8%D8%B1%D9%87_%D8%A7%D9%85%D9%84_%D9%88%D8%B1%D8%B6%D8%A7.jpg,cc by-sa 4.0,Magoopic,4000,6000,kept,
mena_0086.jpeg,mena,People of Egypt,File:علي شعث Ali Shaath with his wife Ranwa.jpeg,https://commons.wikimedia.org/wiki/File:%D8%B9%D9%84%D9%8A_%D8%B4%D8%B9%D8%AB_Ali_Shaath_with_his_wife_Ranwa.jpeg,cc by-sa 3.0,AmrMIGad,2640,3960,kept,
mena_0087.jpg,mena,People of Egypt,File:علي نار عبد المنعم يونس نبيل المحيش عبد القدوس أبو صالح.jpg,https://commons.wikimedia.org/wiki/File:%D8%B9%D9%84%D9%8A_%D9%86%D8%A7%D8%B1_%D8%B9%D8%A8%D8%AF_%D8%A7%D9%84%D9%85%D9%86%D8%B9%D9%85_%D9%8A%D9%88%D9%86%D8%B3_%D9%86%D8%A8%D9%8A%D9%84_%D8%A7%D9%84%D9%85%D8%AD%D9%8A%D8%B4_%D8%B9%D8%A8%D8%AF_%D8%A7%D9%84%D9%82%D8%AF%D9%88%D8%B3_%D8%A3%D8%A8%D9%88_%D8%B5%D8%A7%D9%84%D8%AD.jpg,cc by-sa 4.0,Ayman dhū alghiná,2573,2112,kept,
mena_0088.jpg,mena,People of Egypt,File:فن ورياضة التحطيب 01.jpg,https://commons.wikimedia.org/wiki/File:%D9%81%D9%86_%D9%88%D8%B1%D9%8A%D8%A7%D8%B6%D8%A9_%D8%A7%D9%84%D8%AA%D8%AD%D8%B7%D9%8A%D8%A8_01.jpg,cc by-sa 4.0,Mhmmdelkashef,6032,4000,kept,
mena_0089.jpg,mena,People of Egypt,File:فن ورياضة التحطيب 02.jpg,https://commons.wikimedia.org/wiki/File:%D9%81%D9%86_%D9%88%D8%B1%D9%8A%D8%A7%D8%B6%D8%A9_%D8%A7%D9%84%D8%AA%D8%AD%D8%B7%D9%8A%D8%A8_02.jpg,cc by-sa 4.0,Mhmmdelkashef,5831,3500,kept,
mena_0090.jpg,mena,People of Egypt,File:فن ورياضة التحطيب 03.jpg,https://commons.wikimedia.org/wiki/File:%D9%81%D9%86_%D9%88%D8%B1%D9%8A%D8%A7%D8%B6%D8%A9_%D8%A7%D9%84%D8%AA%D8%AD%D8%B7%D9%8A%D8%A8_03.jpg,cc by-sa 4.0,Mhmmdelkashef,5236,3500,kept,
mena_0091.jpg,mena,People of Egypt,File:فن ورياضة التحطيب 04.jpg,https://commons.wikimedia.org/wiki/File:%D9%81%D9%86_%D9%88%D8%B1%D9%8A%D8%A7%D8%B6%D8%A9_%D8%A7%D9%84%D8%AA%D8%AD%D8%B7%D9%8A%D8%A8_04.jpg,cc by-sa 4.0,Mhmmdelkashef,5028,3150,rejected,other
mena_0092.jpg,mena,People of Egypt,File:فن ورياضة التحطيب 05.jpg,https://commons.wikimedia.org/wiki/File:%D9%81%D9%86_%D9%88%D8%B1%D9%8A%D8%A7%D8%B6%D8%A9_%D8%A7%D9%84%D8%AA%D8%AD%D8%B7%D9%8A%D8%A8_05.jpg,cc by-sa 4.0,Mhmmdelkashef,3800,5700,rejected,other
mena_0093.jpg,mena,People of Egypt,File:فن ورياضة التحطيب 06.jpg,https://commons.wikimedia.org/wiki/File:%D9%81%D9%86_%D9%88%D8%B1%D9%8A%D8%A7%D8%B6%D8%A9_%D8%A7%D9%84%D8%AA%D8%AD%D8%B7%D9%8A%D8%A8_06.jpg,cc by-sa 4.0,Mhmmdelkashef,5324,3500,rejected,other
mena_0094.jpg,mena,People of Egypt,File:فن ورياضة التحطيب 07.jpg,https://commons.wikimedia.org/wiki/File:%D9%81%D9%86_%D9%88%D8%B1%D9%8A%D8%A7%D8%B6%D8%A9_%D8%A7%D9%84%D8%AA%D8%AD%D8%B7%D9%8A%D8%A8_07.jpg,cc by-sa 4.0,Mhmmdelkashef,5483,3500,kept,
mena_0095.jpg,mena,People of Egypt,File:فن ورياضة التحطيب 08.jpg,https://commons.wikimedia.org/wiki/File:%D9%81%D9%86_%D9%88%D8%B1%D9%8A%D8%A7%D8%B6%D8%A9_%D8%A7%D9%84%D8%AA%D8%AD%D8%B7%D9%8A%D8%A8_08.jpg,cc by-sa 4.0,Mhmmdelkashef,5585,3500,kept,
mena_0096.jpg,mena,People of Egypt,File:فن ورياضة التحطيب 09.jpg,https://commons.wikimedia.org/wiki/File:%D9%81%D9%86_%D9%88%D8%B1%D9%8A%D8%A7%D8%B6%D8%A9_%D8%A7%D9%84%D8%AA%D8%AD%D8%B7%D9%8A%D8%A8_09.jpg,cc by-sa 4.0,Mhmmdelkashef,5103,3306,rejected,other
mena_0097.jpg,mena,People of Egypt,File:فن ورياضة التحطيب 10.jpg,https://commons.wikimedia.org/wiki/File:%D9%81%D9%86_%D9%88%D8%B1%D9%8A%D8%A7%D8%B6%D8%A9_%D8%A7%D9%84%D8%AA%D8%AD%D8%B7%D9%8A%D8%A8_10.jpg,cc by-sa 4.0,Mhmmdelkashef,4947,3500,rejected,other
mena_0098.jpg,mena,People of Egypt,File:فن ورياضة التحطيب 11.jpg,https://commons.wikimedia.org/wiki/File:%D9%81%D9%86_%D9%88%D8%B1%D9%8A%D8%A7%D8%B6%D8%A9_%D8%A7%D9%84%D8%AA%D8%AD%D8%B7%D9%8A%D8%A8_11.jpg,cc by-sa 4.0,Mhmmdelkashef,4944,3500,rejected,other
mena_0099.jpg,mena,People of Egypt,File:فن ورياضة التحطيب 12.jpg,https://commons.wikimedia.org/wiki/File:%D9%81%D9%86_%D9%88%D8%B1%D9%8A%D8%A7%D8%B6%D8%A9_%D8%A7%D9%84%D8%AA%D8%AD%D8%B7%D9%8A%D8%A8_12.jpg,cc by-sa 4.0,Mhmmdelkashef,4958,3500,rejected,other
mena_0100.jpg,mena,People of Egypt,File:فن ورياضة التحطيب 13.jpg,https://commons.wikimedia.org/wiki/File:%D9%81%D9%86_%D9%88%D8%B1%D9%8A%D8%A7%D8%B6%D8%A9_%D8%A7%D9%84%D8%AA%D8%AD%D8%B7%D9%8A%D8%A8_13.jpg,cc by-sa 4.0,Mhmmdelkashef,5115,3500,rejected,other
mena_0101.jpg,mena,People of Egypt,File:فن ورياضة التحطيب 14.jpg,https://commons.wikimedia.org/wiki/File:%D9%81%D9%86_%D9%88%D8%B1%D9%8A%D8%A7%D8%B6%D8%A9_%D8%A7%D9%84%D8%AA%D8%AD%D8%B7%D9%8A%D8%A8_14.jpg,cc by-sa 4.0,Mhmmdelkashef,5508,3500,rejected,other
mena_0102.jpg,mena,People of Egypt,File:فن ورياضة التحطيب 15.jpg,https://commons.wikimedia.org/wiki/File:%D9%81%D9%86_%D9%88%D8%B1%D9%8A%D8%A7%D8%B6%D8%A9_%D8%A7%D9%84%D8%AA%D8%AD%D8%B7%D9%8A%D8%A8_15.jpg,cc by-sa 4.0,Mhmmdelkashef,6000,4030,rejected,other
mena_0103.jpg,mena,People of Egypt,File:قبر فان ليو.jpg,https://commons.wikimedia.org/wiki/File:%D9%82%D8%A8%D8%B1_%D9%81%D8%A7%D9%86_%D9%84%D9%8A%D9%88.jpg,cc by-sa 4.0,Raafat,1600,900,rejected,other
mena_0104.jpg,mena,People of Egypt,File:قبه باب زويله من فوق.jpg,https://commons.wikimedia.org/wiki/File:%D9%82%D8%A8%D9%87_%D8%A8%D8%A7%D8%A8_%D8%B2%D9%88%D9%8A%D9%84%D9%87_%D9%85%D9%86_%D9%81%D9%88%D9%82.jpg,cc by-sa 4.0,Magoopic,4000,6000,kept,
mena_0105.jpg,mena,People of Egypt,File:كتاب روح عظيم المهاتما غاندي للكاتب المصري عباس محمود العقاد.jpg,https://commons.wikimedia.org/wiki/File:%D9%83%D8%AA%D8%A7%D8%A8_%D8%B1%D9%88%D8%AD_%D8%B9%D8%B8%D9%8A%D9%85_%D8%A7%D9%84%D9%85%D9%87%D8%A7%D8%AA%D9%85%D8%A7_%D8%BA%D8%A7%D9%86%D8%AF%D9%8A_%D9%84%D9%84%D9%83%D8%A7%D8%AA%D8%A8_%D8%A7%D9%84%D9%85%D8%B5%D8%B1%D9%8A_%D8%B9%D8%A8%D8%A7%D8%B3_%D9%85%D8%AD%D9%85%D9%88%D8%AF_%D8%A7%D9%84%D8%B9%D9%82%D8%A7%D8%AF.jpg,public domain,Unknown authorUnknown author,949,1280,rejected,other
mena_0106.jpg,mena,People of Egypt,File:كريم الجيار.jpg,https://commons.wikimedia.org/wiki/File:%D9%83%D8%B1%D9%8A%D9%85_%D8%A7%D9%84%D8%AC%D9%8A%D8%A7%D8%B1.jpg,cc0,كريم محمد الجيار,1080,1083,rejected,other
mena_0107.jpg,mena,People of Egypt,File:لاعب كره قدم لدي المنتخب المصري يتدرب في الملعب.jpg,https://commons.wikimedia.org/wiki/File:%D9%84%D8%A7%D8%B9%D8%A8_%D9%83%D8%B1%D9%87_%D9%82%D8%AF%D9%85_%D9%84%D8%AF%D9%8A_%D8%A7%D9%84%D9%85%D9%86%D8%AA%D8%AE%D8%A8_%D8%A7%D9%84%D9%85%D8%B5%D8%B1%D9%8A_%D9%8A%D8%AA%D8%AF%D8%B1%D8%A8_%D9%81%D9%8A_%D8%A7%D9%84%D9%85%D9%84%D8%B9%D8%A8.jpg,cc0,NaemA20,1125,863,rejected,other
mena_0108.jpg,mena,People of Egypt,File:لمه صحاب.jpg,https://commons.wikimedia.org/wiki/File:%D9%84%D9%85%D9%87_%D8%B5%D8%AD%D8%A7%D8%A8.jpg,cc by-sa 4.0,Foua42000,4096,3072,kept,
mena_0109.jpg,mena,People of Egypt,File:مبادرة ايديام7.jpg,https://commons.wikimedia.org/wiki/File:%D9%85%D8%A8%D8%A7%D8%AF%D8%B1%D8%A9_%D8%A7%D9%8A%D8%AF%D9%8A%D8%A7%D9%857.jpg,cc by-sa 4.0,مبادرة ايديام,1152,864,rejected,other
mena_0110.jpg,mena,People of Egypt,File:متحف المجموعات العلمية.jpg,https://commons.wikimedia.org/wiki/File:%D9%85%D8%AA%D8%AD%D9%81_%D8%A7%D9%84%D9%85%D8%AC%D9%85%D9%88%D8%B9%D8%A7%D8%AA_%D8%A7%D9%84%D8%B9%D9%84%D9%85%D9%8A%D8%A9.jpg,cc by-sa 4.0,Ahmed Ibrahim Elhalawany,2448,3264,rejected,other
mena_0111.jpg,mena,People of Egypt,File:محمد أبو زيد (كاتب).jpg,https://commons.wikimedia.org/wiki/File:%D9%85%D8%AD%D9%85%D8%AF_%D8%A3%D8%A8%D9%88_%D8%B2%D9%8A%D8%AF_(%D9%83%D8%A7%D8%AA%D8%A8).jpg,cc by-sa 4.0,محمد أبو زيد,1222,1531,rejected,other
mena_0112.jpg,mena,People of Egypt,File:محمد زكريا.jpg,https://commons.wikimedia.org/wiki/File:%D9%85%D8%AD%D9%85%D8%AF_%D8%B2%D9%83%D8%B1%D9%8A%D8%A7.jpg,cc0,Morabie1234,1080,1080,rejected,other
mena_0113.png,mena,People of Egypt,File:محمد عبد العاطي سيد.png,https://commons.wikimedia.org/wiki/File:%D9%85%D8%AD%D9%85%D8%AF_%D8%B9%D8%A8%D8%AF_%D8%A7%D9%84%D8%B9%D8%A7%D8%B7%D9%8A_%D8%B3%D9%8A%D8%AF.png,cc by 3.0,ElFagrNewsTV,782,717,rejected,other
mena_0114.jpg,mena,People of Egypt,File:محمد عبدالعزيز (2).jpg,https://commons.wikimedia.org/wiki/File:%D9%85%D8%AD%D9%85%D8%AF_%D8%B9%D8%A8%D8%AF%D8%A7%D9%84%D8%B9%D8%B2%D9%8A%D8%B2_(2).jpg,cc0,Mohamed Abdelaziz ahmed,953,960,rejected,other
mena_0115.png,mena,People of Egypt,File:محمد علي.png,https://commons.wikimedia.org/wiki/File:%D9%85%D8%AD%D9%85%D8%AF_%D8%B9%D9%84%D9%8A.png,cc by 3.0,وكالة أنباء الشرق الأوسط,933,720,rejected,other
mena_0116.png,mena,People of Egypt,File:محمد وجيه.png,https://commons.wikimedia.org/wiki/File:%D9%85%D8%AD%D9%85%D8%AF_%D9%88%D8%AC%D9%8A%D9%87.png,cc0,Mohamed wagih محمد وجيه,717,806,rejected,other
mena_0117.jpg,mena,People of Egypt,File:مخطوطة لاسم الصحابي أبو رافع القبطي.jpg,https://commons.wikimedia.org/wiki/File:%D9%85%D8%AE%D8%B7%D9%88%D8%B7%D8%A9_%D9%84%D8%A7%D8%B3%D9%85_%D8%A7%D9%84%D8%B5%D8%AD%D8%A7%D8%A8%D9%8A_%D8%A3%D8%A8%D9%88_%D8%B1%D8%A7%D9%81%D8%B9_%D8%A7%D9%84%D9%82%D8%A8%D8%B7%D9%8A.jpg,cc0,أبو القاسم الصعيدي,1080,1080,rejected,other
mena_0118.png,mena,People of Egypt,File:مصطفى بكري.png,https://commons.wikimedia.org/wiki/File:%D9%85%D8%B5%D8%B7%D9%81%D9%89_%D8%A8%D9%83%D8%B1%D9%8A.png,cc by 3.0,وكالة أنباء الشرق الأوسط,1197,720,rejected,other
mena_0119.jpg,mena,People of Egypt,File:ملكة جمال الاناقة مصر 2018.jpg,https://commons.wikimedia.org/wiki/File:%D9%85%D9%84%D9%83%D8%A9_%D8%AC%D9%85%D8%A7%D9%84_%D8%A7%D9%84%D8%A7%D9%86%D8%A7%D9%82%D8%A9_%D9%85%D8%B5%D8%B1_2018.jpg,cc by-sa 4.0,Nagahmahmoud 66,1536,2304,rejected,other
mena_0120.jpg,mena,People of Egypt,File:موالد الأولياء بقرى ريف مصر 04.jpg,https://commons.wikimedia.org/wiki/File:%D9%85%D9%88%D8%A7%D9%84%D8%AF_%D8%A7%D9%84%D8%A3%D9%88%D9%84%D9%8A%D8%A7%D8%A1_%D8%A8%D9%82%D8%B1%D9%89_%D8%B1%D9%8A%D9%81_%D9%85%D8%B5%D8%B1_04.jpg,cc by-sa 4.0,Mhmmdelkashef,4500,3000,kept,
mena_0121.jpg,mena,People of Egypt,File:موالد الأولياء بقرى ريف مصر 10.jpg,https://commons.wikimedia.org/wiki/File:%D9%85%D9%88%D8%A7%D9%84%D8%AF_%D8%A7%D9%84%D8%A3%D9%88%D9%84%D9%8A%D8%A7%D8%A1_%D8%A8%D9%82%D8%B1%D9%89_%D8%B1%D9%8A%D9%81_%D9%85%D8%B5%D8%B1_10.jpg,cc by-sa 4.0,Mhmmdelkashef,5184,3456,kept,
mena_0122.jpg,mena,People of Egypt,File:موالد الأولياء بقرى ريف مصر 12.jpg,https://commons.wikimedia.org/wiki/File:%D9%85%D9%88%D8%A7%D9%84%D8%AF_%D8%A7%D9%84%D8%A3%D9%88%D9%84%D9%8A%D8%A7%D8%A1_%D8%A8%D9%82%D8%B1%D9%89_%D8%B1%D9%8A%D9%81_%D9%85%D8%B5%D8%B1_12.jpg,cc by-sa 4.0,Mhmmdelkashef,5184,3456,rejected,other
mena_0123.jpg,mena,People of Egypt,File:ميناء الصيد ببورسعيد.jpg,https://commons.wikimedia.org/wiki/File:%D9%85%D9%8A%D9%86%D8%A7%D8%A1_%D8%A7%D9%84%D8%B5%D9%8A%D8%AF_%D8%A8%D8%A8%D9%88%D8%B1%D8%B3%D8%B9%D9%8A%D8%AF.jpg,cc0,Hany Abdelaziz77,607,607,rejected,other
mena_0124.jpg,mena,People of Egypt,File:نهاوند سري.jpg,https://commons.wikimedia.org/wiki/File:%D9%86%D9%87%D8%A7%D9%88%D9%86%D8%AF_%D8%B3%D8%B1%D9%8A.jpg,cc by 3.0,Al AHLY TV,758,638,rejected,other
mena_0125.jpg,mena,People of Egypt,File:نوبه الخير.jpg,https://commons.wikimedia.org/wiki/File:%D9%86%D9%88%D8%A8%D9%87_%D8%A7%D9%84%D8%AE%D9%8A%D8%B1.jpg,cc by-sa 4.0,مصطفى الشربجى,4154,3316,kept,
mena_0126.jpg,mena,People of Egypt,File:هريدي جمال .jpg,https://commons.wikimedia.org/wiki/File:%D9%87%D8%B1%D9%8A%D8%AF%D9%8A_%D8%AC%D9%85%D8%A7%D9%84_.jpg,cc by-sa 4.0,الشاعر هريدي جمال هريدي,800,600,rejected,other
mena_0127.png,mena,People of Egypt,File:هشام عرفات.png,https://commons.wikimedia.org/wiki/File:%D9%87%D8%B4%D8%A7%D9%85_%D8%B9%D8%B1%D9%81%D8%A7%D8%AA.png,cc by 3.0,وكالة أنباء الشرق الأوسط,968,675,rejected,other
mena_0128.jpg,mena,People of Egypt,File:واحدة من نساء الماسايا.jpg,https://commons.wikimedia.org/wiki/File:%D9%88%D8%A7%D8%AD%D8%AF%D8%A9_%D9%85%D9%86_%D9%86%D8%B3%D8%A7%D8%A1_%D8%A7%D9%84%D9%85%D8%A7%D8%B3%D8%A7%D9%8A%D8%A7.jpg,cc by-sa 4.0,Egyamer52,3264,2448,kept,
mena_0129.jpg,mena,People of Egypt,File:يا خاين الفراعنة.jpg,https://commons.wikimedia.org/wiki/File:%D9%8A%D8%A7_%D8%AE%D8%A7%D9%8A%D9%86_%D8%A7%D9%84%D9%81%D8%B1%D8%A7%D8%B9%D9%86%D8%A9.jpg,cc by-sa 2.0,Hossam el-Hamalawy,2912,4368,rejected,other
mena_0130.png,mena,People of Egypt,File:ياسر رزق.png,https://commons.wikimedia.org/wiki/File:%D9%8A%D8%A7%D8%B3%D8%B1_%D8%B1%D8%B2%D9%82.png,cc by 3.0,Akhbar El yom TV (official account),860,720,rejected,other
mena_0131.jpg,mena,Children of Egypt,File:02010 Kinder in Ägypten.jpg,https://commons.wikimedia.org/wiki/File:02010_Kinder_in_%C3%84gypten.jpg,cc by-sa 3.0,Silar,1024,684,rejected,other
mena_0132.jpg,mena,Children of Egypt,File:111الممر.jpg,https://commons.wikimedia.org/wiki/File:111%D8%A7%D9%84%D9%85%D9%85%D8%B1.jpg,cc by-sa 4.0,Samah Elmegharbel 2020,2622,3991,kept,
mena_0133.jpg,mena,Children of Egypt,File:1Play with clown.jpg,https://commons.wikimedia.org/wiki/File:1Play_with_clown.jpg,cc by-sa 4.0,Mohamedwardany,3163,2000,rejected,other
mena_0134.jpg,mena,Children of Egypt,File:2Kids playing Spider Man.jpg,https://commons.wikimedia.org/wiki/File:2Kids_playing_Spider_Man.jpg,cc by-sa 4.0,Mohamedwardany,3000,2000,rejected,other
mena_0135.jpg,mena,Children of Egypt,File:66Game Ballet with the children of Borollos5.jpg,https://commons.wikimedia.org/wiki/File:66Game_Ballet_with_the_children_of_Borollos5.jpg,cc by-sa 4.0,Mohamedwardany,3000,2358,rejected,other
mena_0136.jpg,mena,Children of Egypt,File:A girl smilling.jpg,https://commons.wikimedia.org/wiki/File:A_girl_smilling.jpg,cc by-sa 4.0,Abdelrahman Abdelazeem,3361,5042,kept,
mena_0137.jpg,mena,Children of Egypt,File:A Wish.jpg,https://commons.wikimedia.org/wiki/File:A_Wish.jpg,cc by-sa 4.0,Magoopic,4623,3999,kept,
mena_0138.jpg,mena,Children of Egypt,File:Abana barimo gukinira mu nzira.jpg,https://commons.wikimedia.org/wiki/File:Abana_barimo_gukinira_mu_nzira.jpg,cc by-sa 4.0,Canirinyana,1024,684,kept,
mena_0139.jpg,mena,Children of Egypt,File:Aboy*.jpg,https://commons.wikimedia.org/wiki/File:Aboy*.jpg,cc by-sa 4.0,Summering2018,7426,5304,rejected,other
mena_0140.jpg,mena,Children of Egypt,File:Abu Glum's Kid sailing.JPG,https://commons.wikimedia.org/wiki/File:Abu_Glum%27s_Kid_sailing.JPG,cc by-sa 4.0,Kamal Osama Elgazzar,2592,1728,kept,
mena_0141.jpg,mena,Children of Egypt,File:Aegypten1987018 hg.jpg,https://commons.wikimedia.org/wiki/File:Aegypten1987018_hg.jpg,cc by 3.0,H. Grobe,2644,3963,kept,
mena_0142.jpg,mena,Children of Egypt,File:Aegypten1987019 hg.jpg,https://commons.wikimedia.org/wiki/File:Aegypten1987019_hg.jpg,cc by 3.0,H. Grobe,3805,2656,kept,
mena_0143.jpg,mena,Children of Egypt,File:Alex. 1.jpg,https://commons.wikimedia.org/wiki/File:Alex._1.jpg,cc by-sa 4.0,Mona Hassan Abo-Abda,5643,3761,kept,
mena_0144.jpg,mena,Children of Egypt,File:ART and KIDS.jpg,https://commons.wikimedia.org/wiki/File:ART_and_KIDS.jpg,cc by-sa 4.0,Mona Abo-Abda,5081,3858,kept,
mena_0145.jpg,mena,Children of Egypt,File:Ashmoun 2.jpg,https://commons.wikimedia.org/wiki/File:Ashmoun_2.jpg,cc by-sa 4.0,Mona Hassan Abo-Abda,6016,4016,kept,
mena_0146.jpg,mena,Children of Egypt,File:Aswan - Young People and Nile - 2007.jpg,https://commons.wikimedia.org/wiki/File:Aswan_-_Young_People_and_Nile_-_2007.jpg,cc by-sa 3.0,Martin Strachoň,3072,1728,kept,
mena_0147.jpg,mena,Children of Egypt,File:Back from the lake.jpg,https://commons.wikimedia.org/wiki/File:Back_from_the_lake.jpg,cc by-sa 4.0,Mona Hassan Abo-Abda,6017,4017,rejected,other
mena_0148.jpg,mena,Children of Egypt,File:Bedouin children outside a tent in the Egyptian desert.jpg,https://commons.wikimedia.org/wiki/File:Bedouin_children_outside_a_tent_in_the_Egyptian_desert.jpg,cc by-sa 3.0,Peter van der Sluijs,1600,1215,rejected,other
mena_0149.jpg,mena,Children of Egypt,File:Bike Boys.jpg,https://commons.wikimedia.org/wiki/File:Bike_Boys.jpg,cc by-sa 4.0,Mohamed Hozyen Ahmed,3000,2000,kept,
mena_0150.jpg,mena,Children of Egypt,File:Bonboneeee.jpg,https://commons.wikimedia.org/wiki/File:Bonboneeee.jpg,cc by-sa 4.0,Engmostafa773,888,1560,rejected,other
mena_0151.jpg,mena,Children of Egypt,File:Borollus 10.jpg,https://commons.wikimedia.org/wiki/File:Borollus_10.jpg,cc by-sa 4.0,Mona Hassan Abo-Abda,3778,4984,kept,
mena_0152.jpg,mena,Children of Egypt,File:Borollus 11.jpg,https://commons.wikimedia.org/wiki/File:Borollus_11.jpg,cc by-sa 4.0,Mona Hassan Abo-Abda,6000,4000,kept,
mena_0153.jpg,mena,Children of Egypt,File:Borollus 2.jpg,https://commons.wikimedia.org/wiki/File:Borollus_2.jpg,cc by-sa 4.0,Mona Hassan Abo-Abda,4100,3105,kept,
mena_0154.jpg,mena,Children of Egypt,File:Borollus 3.jpg,https://commons.wikimedia.org/wiki/File:Borollus_3.jpg,cc by-sa 4.0,Mona Hassan Abo-Abda,6001,4000,kept,
mena_0155.jpg,mena,Children of Egypt,File:Borollus 4.jpg,https://commons.wikimedia.org/wiki/File:Borollus_4.jpg,cc by-sa 4.0,Mona Hassan Abo-Abda,6000,4000,kept,
mena_0156.jpg,mena,Children of Egypt,File:Borollus 5.jpg,https://commons.wikimedia.org/wiki/File:Borollus_5.jpg,cc by-sa 4.0,Mona Hassan Abo-Abda,5112,3646,kept,
mena_0157.jpg,mena,Children of Egypt,File:Borolos childs.jpg,https://commons.wikimedia.org/wiki/File:Borolos_childs.jpg,cc by-sa 4.0,Mgalal20,1134,850,rejected,other
mena_0158.jpg,mena,Children of Egypt,File:Boy jumping and enjoy swimming.jpg,https://commons.wikimedia.org/wiki/File:Boy_jumping_and_enjoy_swimming.jpg,cc by-sa 4.0,Ahmedsalahemam,2304,4608,kept,
mena_0159.jpg,mena,Children of Egypt,File:BOY PLAY.jpg,https://commons.wikimedia.org/wiki/File:BOY_PLAY.jpg,cc by-sa 4.0,Mohamedwardany,2000,2724,kept,
mena_0160.jpg,mena,Children of Egypt,File:Boy playing with ball.jpg,https://commons.wikimedia.org/wiki/File:Boy_playing_with_ball.jpg,cc by-sa 4.0,Ahmedsalahemam,6000,4000,rejected,other
mena_0161.jpg,mena,Children of Egypt,File:Boys while playing with ball.jpg,https://commons.wikimedia.org/wiki/File:Boys_while_playing_with_ball.jpg,cc by-sa 4.0,Ahmedsalahemam,6000,4000,kept,
mena_0162.png,mena,Children of Egypt,File:Cairo child.png,https://commons.wikimedia.org/wiki/File:Cairo_child.png,cc0,E.3,2448,2448,rejected,other
mena_0163.jpg,mena,Children of Egypt,File:Child in Egypt.jpg,https://commons.wikimedia.org/wiki/File:Child_in_Egypt.jpg,cc by-sa 4.0,Shadooo,640,960,rejected,other
mena_0164.jpg,mena,Children of Egypt,File:Children in a cemetary.jpg,https://commons.wikimedia.org/wiki/File:Children_in_a_cemetary.jpg,public domain,Gabriel Lekegian (1853 – c. 1920),2560,1953,rejected,other
mena_0165.jpg,mena,Children of Egypt,File:Children in front of the Nubian house.jpg,https://commons.wikimedia.org/wiki/File:Children_in_front_of_the_Nubian_house.jpg,cc by-sa 4.0,Sakorty,776,1192,kept,
mena_0166.jpg,mena,Children of Egypt,"File:Children of Ishmail Pache, late Khedive of Egypt. (1884) - TIMEA.jpg","https://commons.wikimedia.org/wiki/File:Children_of_Ishmail_Pache,_late_Khedive_of_Egypt._(1884)_-_TIMEA.jpg",cc by-sa 2.5,Unknown author,688,1024,rejected,other
mena_0167.jpg,mena,Children of Egypt,File:Children participating in protests in Egypt.jpg,https://commons.wikimedia.org/wiki/File:Children_participating_in_protests_in_Egypt.jpg,public domain,H. Elrasam for VOA,1000,667,kept,
mena_0168.jpg,mena,Children of Egypt,File:Children playing 2.jpg,https://commons.wikimedia.org/wiki/File:Children_playing_2.jpg,cc by-sa 4.0,Mohamedwardany,3000,2000,rejected,other
mena_0169.jpg,mena,Children of Egypt,File:Children playing in the colored city of Alberus.jpg,https://commons.wikimedia.org/wiki/File:Children_playing_in_the_colored_city_of_Alberus.jpg,cc by-sa 4.0,Mohamedwardany,2460,1628,rejected,other
mena_0170.jpg,mena,Children of Egypt,File:Children playing in the colored city of Alberus4.jpg,https://commons.wikimedia.org/wiki/File:Children_playing_in_the_colored_city_of_Alberus4.jpg,cc by-sa 4.0,Mohamedwardany,2216,2000,kept,
mena_0171.jpg,mena,Children of Egypt,File:Children playing in the colored city of Alberus9.jpg,https://commons.wikimedia.org/wiki/File:Children_playing_in_the_colored_city_of_Alberus9.jpg,cc by-sa 4.0,Mohamedwardany,3000,2149,kept,
mena_0172.jpg,mena,Children of Egypt,File:Children playing in the colored city of Alberusw.jpg,https://commons.wikimedia.org/wiki/File:Children_playing_in_the_colored_city_of_Alberusw.jpg,cc by-sa 4.0,Mohamedwardany,2528,2000,rejected,other
mena_0173.jpg,mena,Children of Egypt,File:Children playing in the sea.jpg,https://commons.wikimedia.org/wiki/File:Children_playing_in_the_sea.jpg,cc by-sa 4.0,Mohamedwardany,3432,2316,kept,
mena_0174.jpg,mena,Children of Egypt,File:Children playing on the tree 3.jpg,https://commons.wikimedia.org/wiki/File:Children_playing_on_the_tree_3.jpg,cc by-sa 4.0,Mohamedwardany,2928,2000,rejected,other
mena_0175.jpg,mena,Children of Egypt,File:Children playing on the tree 7.jpg,https://commons.wikimedia.org/wiki/File:Children_playing_on_the_tree_7.jpg,cc by-sa 4.0,Mohamedwardany,3000,2000,rejected,other
mena_0176.jpg,mena,Children of Egypt,File:Children playing on the tree.jpg,https://commons.wikimedia.org/wiki/File:Children_playing_on_the_tree.jpg,cc by-sa 4.0,Mohamedwardany,3000,2000,rejected,other
mena_0177.jpg,mena,Children of Egypt,File:Children playing on the tree2.jpg,https://commons.wikimedia.org/wiki/File:Children_playing_on_the_tree2.jpg,cc by-sa 4.0,Mohamedwardany,3000,2000,rejected,other
mena_0178.jpg,mena,Children of Egypt,File:Children playing on the tree5.jpg,https://commons.wikimedia.org/wiki/File:Children_playing_on_the_tree5.jpg,cc by-sa 4.0,Mohamedwardany,2928,2000,rejected,other
mena_0179.jpg,mena,Children of Egypt,File:Children playing with bicycles.jpg,https://commons.wikimedia.org/wiki/File:Children_playing_with_bicycles.jpg,cc by-sa 4.0,Hasham Tarek,1280,1061,kept,
mena_0180.jpg,mena,Children of Egypt,File:Children PLAYING.jpg,https://commons.wikimedia.org/wiki/File:Children_PLAYING.jpg,cc by-sa 4.0,Mohamedwardany,3000,2000,rejected,other
mena_0181.jpg,mena,Children of Egypt,File:City of Alberus.jpg,https://commons.wikimedia.org/wiki/File:City_of_Alberus.jpg,cc by-sa 4.0,Mohamedwardany,3000,2443,rejected,other
mena_0182.jpg,mena,Children of Egypt,File:CITY OF CAIRO.jpg,https://commons.wikimedia.org/wiki/File:CITY_OF_CAIRO.jpg,cc by-sa 4.0,KARKAR777777,1944,2592,rejected,other
mena_0183.jpg,mena,Children of Egypt,File:Colors is the name of the play.jpg,https://commons.wikimedia.org/wiki/File:Colors_is_the_name_of_the_play.jpg,cc by-sa 4.0,Amro alashrf,3072,4608,kept,
mena_0184.jpg,mena,Children of Egypt,File:Colors playing.jpg,https://commons.wikimedia.org/wiki/File:Colors_playing.jpg,cc by-sa 4.0,Amro alashrf,4608,3072,kept,
mena_0185.jpg,mena,Children of Egypt,File:Consentrate.jpg,https://commons.wikimedia.org/wiki/File:Consentrate.jpg,cc by-sa 4.0,Mona Abo-Abda,6000,4000,rejected,other
mena_0186.jpg,mena,Children of Egypt,File:Crowded house.jpg,https://commons.wikimedia.org/wiki/File:Crowded_house.jpg,cc by-sa 4.0,Eman abdelkader,4212,2808,rejected,other
mena_0187.jpg,mena,Children of Egypt,File:Cutness.jpg,https://commons.wikimedia.org/wiki/File:Cutness.jpg,cc by-sa 4.0,Mona Abo-Abda,3993,3993,kept,
mena_0188.jpg,mena,Children of Egypt,File:Dandara 004.jpg,https://commons.wikimedia.org/wiki/File:Dandara_004.jpg,cc by-sa 4.0,Ahmedsalahemam,6000,4000,rejected,other
mena_0189.jpg,mena,Children of Egypt,File:Defense.gov photo essay 110309-A-8552S-030.jpg,https://commons.wikimedia.org/wiki/File:Defense.gov_photo_essay_110309-A-8552S-030.jpg,public domain,Staff Sgt. Brendan Stephens,4272,2848,rejected,other
mena_0190.jpg,mena,Children of Egypt,File:Defense.gov photo essay 110311-A-8552S-093.jpg,https://commons.wikimedia.org/wiki/File:Defense.gov_photo_essay_110311-A-8552S-093.jpg,public domain,Staff Sgt. Brendan Stephens,2280,1520,rejected,other
mena_0191.jpg,mena,Children of Egypt,File:Defense.gov photo essay 110311-A-8552S-101.jpg,https://commons.wikimedia.org/wiki/File:Defense.gov_photo_essay_110311-A-8552S-101.jpg,public domain,Staff Sgt. Brendan Stephens,2400,1594,rejected,other
mena_0192.jpg,mena,Children of Egypt,File:Desert's Kids - panoramio.jpg,https://commons.wikimedia.org/wiki/File:Desert%27s_Kids_-_panoramio.jpg,cc by-sa 3.0,Hanc Tomasz,3646,2433,rejected,other
mena_0193.jpg,mena,Children of Egypt,File:Dessert tea time.jpg,https://commons.wikimedia.org/wiki/File:Dessert_tea_time.jpg,cc by-sa 4.0,Norhan Elmaghrabi,4496,3000,rejected,other
mena_0194.jpg,mena,Children of Egypt,File:Dream Park Train.jpg,https://commons.wikimedia.org/wiki/File:Dream_Park_Train.jpg,cc by-sa 4.0,Norhan Elmaghrabi,4496,3000,rejected,other
mena_0195.jpg,mena,Children of Egypt,File:DSC 0842-01-12.jpg,https://commons.wikimedia.org/wiki/File:DSC_0842-01-12.jpg,cc by-sa 4.0,Mostafa okasha ph,4288,2848,kept,
mena_0196.jpg,mena,Children of Egypt,"File:Egypt, Egyptian Children, Ramleh.jpg","https://commons.wikimedia.org/wiki/File:Egypt,_Egyptian_Children,_Ramleh.jpg",no restrictions,Brooklyn Museum,2728,2585,kept,
mena_0197.jpg,mena,Children of Egypt,"File:Egypt, Partly submerged palms above Nile dam, Upper Egypt.jpg","https://commons.wikimedia.org/wiki/File:Egypt,_Partly_submerged_palms_above_Nile_dam,_Upper_Egypt.jpg",no restrictions,Brooklyn Museum,2776,2528,kept,
mena_0198.jpg,mena,Children of Egypt,File:FAMILY PLAYING.jpg,https://commons.wikimedia.org/wiki/File:FAMILY_PLAYING.jpg,cc by-sa 4.0,Mohamedwardany,3000,2058,kept,
mena_0199.jpg,mena,Children of Egypt,File:Feel Like Home.jpg,https://commons.wikimedia.org/wiki/File:Feel_Like_Home.jpg,cc by-sa 4.0,Hesham Farouk Ragab,7625,4289,kept,
mena_0200.jpg,mena,Children of Egypt,File:Fellahin children watching the foreigners ride past. (1911) - TIMEA.jpg,https://commons.wikimedia.org/wiki/File:Fellahin_children_watching_the_foreigners_ride_past._(1911)_-_TIMEA.jpg,cc by-sa 2.5,"Sladen, Douglas",835,1024,rejected,other
mena_0201.jpg,mena,Children of Egypt,File:First Lady Jill Biden greeted by Entissar Amer at the Cairo International Airport 2023 (2).jpg,https://commons.wikimedia.org/wiki/File:First_Lady_Jill_Biden_greeted_by_Entissar_Amer_at_the_Cairo_International_Airport_2023_(2).jpg,public domain,Office of the First Lady of the United States,2048,1365,rejected,other
mena_0202.jpg,mena,Children of Egypt,File:Flickr - archer10 (Dennis) - Egypt-12B-049.jpg,https://commons.wikimedia.org/wiki/File:Flickr_-_archer10_(Dennis)_-_Egypt-12B-049.jpg,cc by-sa 2.0,Dennis G. Jarvis,960,1280,rejected,other
mena_0203.jpg,mena,Children of Egypt,File:Flickr - archer10 (Dennis) - Egypt-12B-051.jpg,https://commons.wikimedia.org/wiki/File:Flickr_-_archer10_(Dennis)_-_Egypt-12B-051.jpg,cc by-sa 2.0,Dennis G. Jarvis,960,1280,rejected,other
mena_0204.jpg,mena,Children of Egypt,File:Flickr - DavidDennisPhotos.com - Tourists at Temple of Carnac posing for someonelse.jpg,https://commons.wikimedia.org/wiki/File:Flickr_-_DavidDennisPhotos.com_-_Tourists_at_Temple_of_Carnac_posing_for_someonelse.jpg,cc by-sa 2.0,"David Dennis from Scotts Valley, CA, USA",1614,2260,rejected,other
mena_0205.jpg,mena,Children of Egypt,File:Friends Playing.jpg,https://commons.wikimedia.org/wiki/File:Friends_Playing.jpg,cc by-sa 4.0,Ahmed Emad Hamdy,5743,3583,kept,
mena_0206.jpg,mena,Children of Egypt,File:Game Ballet with the children of Borollos.jpg,https://commons.wikimedia.org/wiki/File:Game_Ballet_with_the_children_of_Borollos.jpg,cc by-sa 4.0,Mohamedwardany,3000,2301,rejected,other
mena_0207.jpg,mena,Children of Egypt,File:Generation time.jpg,https://commons.wikimedia.org/wiki/File:Generation_time.jpg,cc by-sa 4.0,Mohamed Hozyen,5012,3341,kept,
mena_0208.jpg,mena,Children of Egypt,File:Girl from Fayoum.jpg,https://commons.wikimedia.org/wiki/File:Girl_from_Fayoum.jpg,cc by-sa 4.0,Mona Abo-Abda,6000,4000,kept,
mena_0209.jpg,mena,Children of Egypt,File:Goma and Gana.jpg,https://commons.wikimedia.org/wiki/File:Goma_and_Gana.jpg,cc by-sa 4.0,Hassan Gomaa Hassan Mousa,3808,2248,kept,
mena_0210.jpg,mena,Children of Egypt,File:Good education.jpg,https://commons.wikimedia.org/wiki/File:Good_education.jpg,cc by-sa 4.0,Abdelhamid tahoun,6240,4160,kept,
mena_0211.jpg,mena,Children of Egypt,File:Hamoul 10.jpg,https://commons.wikimedia.org/wiki/File:Hamoul_10.jpg,cc by-sa 4.0,Mona Hassan Abo-Abda,6016,4016,kept,
mena_0212.jpg,mena,Children of Egypt,File:Hamoul 17.jpg,https://commons.wikimedia.org/wiki/File:Hamoul_17.jpg,cc by-sa 4.0,Mona Hassan Abo-Abda,6016,4016,kept,
mena_0213.jpg,mena,Children of Egypt,File:Hamoul 20.jpg,https://commons.wikimedia.org/wiki/File:Hamoul_20.jpg,cc by-sa 4.0,Mona Hassan Abo-Abda,4016,6016,kept,
mena_0214.jpg,mena,Children of Egypt,File:Hamoul 3.jpg,https://commons.wikimedia.org/wiki/File:Hamoul_3.jpg,cc by-sa 4.0,Mona Hassan Abo-Abda,6016,4016,kept,
mena_0215.jpg,mena,Children of Egypt,File:Happiness of the children.jpg,https://commons.wikimedia.org/wiki/File:Happiness_of_the_children.jpg,cc by-sa 4.0,Fadyashrafmahfouz,6000,4000,rejected,other
mena_0216.jpg,mena,Children of Egypt,File:HAPPY HEALTHY KIDS.jpg,https://commons.wikimedia.org/wiki/File:HAPPY_HEALTHY_KIDS.jpg,cc by-sa 4.0,Ragabhisham,4032,3024,kept,
mena_0217.jpg,mena,Children of Egypt,File:Hassanelsayad 5.jpg,https://commons.wikimedia.org/wiki/File:Hassanelsayad_5.jpg,cc by-sa 4.0,Hassanelsayadd,4995,3330,kept,
mena_0218.jpg,mena,Children of Egypt,File:Hold my hand daddy.jpg,https://commons.wikimedia.org/wiki/File:Hold_my_hand_daddy.jpg,cc by-sa 4.0,Mona Hassan Abo-Abda,6016,4016,kept,
mena_0219.jpg,mena,Children of Egypt,File:Home is my work 2.jpg,https://commons.wikimedia.org/wiki/File:Home_is_my_work_2.jpg,cc by-sa 4.0,Mohamed Hozyen,3000,2000,kept,
mena_0220.jpg,mena,Children of Egypt,File:Hope- SIWAH oasis.jpg,https://commons.wikimedia.org/wiki/File:Hope-_SIWAH_oasis.jpg,cc by-sa 4.0,Mdur2pop,1800,1269,kept,
mena_0221.jpg,mena,Children of Egypt,File:How Women Carry Their Children in Upper Egypt. (1911) - TIMEA.jpg,https://commons.wikimedia.org/wiki/File:How_Women_Carry_Their_Children_in_Upper_Egypt._(1911)_-_TIMEA.jpg,cc by-sa 2.5,"Sladen, Douglas",945,1024,rejected,other
mena_0222.jpg,mena,Children of Egypt,File:Images from Wiki Loves Africa 2017 (4) The hunter is small.jpg,https://commons.wikimedia.org/wiki/File:Images_from_Wiki_Loves_Africa_2017_(4)_The_hunter_is_small.jpg,cc by-sa 4.0,Khaled basyouny,4287,2535,rejected,other
mena_0223.jpg,mena,Children of Egypt,File:IMG 2102 jpg 05.jpg,https://commons.wikimedia.org/wiki/File:IMG_2102_jpg_05.jpg,cc by-sa 4.0,AhmedMahgoub(The Photographer),3648,5472,rejected,other
mena_0224.jpg,mena,Children of Egypt,File:Kafr Elsheikh-Egypt.jpg,https://commons.wikimedia.org/wiki/File:Kafr_Elsheikh-Egypt.jpg,cc by-sa 4.0,Mdur2pop,2000,3000,kept,
mena_0225.jpg,mena,Children of Egypt,File:Kids from fayoum.jpg,https://commons.wikimedia.org/wiki/File:Kids_from_fayoum.jpg,cc by-sa 4.0,Mona Abo-Abda,3407,3953,kept,
mena_0226.jpg,mena,Children of Egypt,File:Kids with clown.jpg,https://commons.wikimedia.org/wiki/File:Kids_with_clown.jpg,cc by-sa 4.0,Mohamedwardany,3000,2000,rejected,other
mena_0227.jpg,mena,Children of Egypt,File:Kidsn.jpg,https://commons.wikimedia.org/wiki/File:Kidsn.jpg,cc by-sa 4.0,Summering2018,5216,3726,kept,
mena_0228.jpg,mena,Children of Egypt,File:KSA-EGY (13).jpg,https://commons.wikimedia.org/wiki/File:KSA-EGY_(13).jpg,cc by-sa 3.0,Анна Нэсси,1117,1197,rejected,other
mena_0229.jpg,mena,Children of Egypt,File:Laugh from the heart.jpg,https://commons.wikimedia.org/wiki/File:Laugh_from_the_heart.jpg,cc by-sa 4.0,Sahar sief abrahem,2145,3500,kept,
mena_0230.jpg,mena,Children of Egypt,File:Let's play football.jpg,https://commons.wikimedia.org/wiki/File:Let%27s_play_football.jpg,cc by-sa 4.0,Ahmed Emad Hamdy,4951,3957,kept,
mena_0231.jpg,mena,Children of Egypt,File:Library girl.jpg,https://commons.wikimedia.org/wiki/File:Library_girl.jpg,cc by-sa 4.0,Summering2018,4085,2918,rejected,other
mena_0232.jpg,mena,Children of Egypt,File:Look inside the car.jpg,https://commons.wikimedia.org/wiki/File:Look_inside_the_car.jpg,cc by-sa 4.0,Mohamed ElDor,1800,1200,rejected,other
mena_0233.jpg,mena,Children of Egypt,File:Look to the future.jpg,https://commons.wikimedia.org/wiki/File:Look_to_the_future.jpg,cc by-sa 4.0,Mohamed ElDor,2048,1365,kept,
mena_0234.jpg,mena,Children of Egypt,File:Lost City.jpg,https://commons.wikimedia.org/wiki/File:Lost_City.jpg,cc by-sa 4.0,Mohamed Hozyen,3594,2396,kept,
mena_0235.jpg,mena,Children of Egypt,File:Lunch on the Nile.jpg,https://commons.wikimedia.org/wiki/File:Lunch_on_the_Nile.jpg,cc by-sa 4.0,Hamadakosh,4000,3000,rejected,other
mena_0236.jpg,mena,Children of Egypt,File:Luxor streets - panoramio - jrtaylor08 (4).jpg,https://commons.wikimedia.org/wiki/File:Luxor_streets_-_panoramio_-_jrtaylor08_(4).jpg,cc by-sa 3.0,jrtaylor08,3072,2181,rejected,other
mena_0237.jpg,mena,Children of Egypt,File:Making Camp Fire.jpg,https://commons.wikimedia.org/wiki/File:Making_Camp_Fire.jpg,cc by-sa 4.0,Wex Major 98,1228,1818,kept,
mena_0238.jpg,mena,Children of Egypt,File:Mohamed Abdelzaher - Wiki Loves Africa (20).jpg,https://commons.wikimedia.org/wiki/File:Mohamed_Abdelzaher_-_Wiki_Loves_Africa_(20).jpg,cc by-sa 4.0,Mohamed abdelzaher,8660,5773,rejected,other
mena_0239.jpg,mena,Children of Egypt,File:Mohamed Abdelzaher - Wiki Loves Africa (4).jpg,https://commons.wikimedia.org/wiki/File:Mohamed_Abdelzaher_-_Wiki_Loves_Africa_(4).jpg,cc by-sa 4.0,Mohamed abdelzaher,8660,5773,rejected,other
mena_0240.jpg,mena,Children of Egypt,File:Mohammed bin Hamdan al Sharji children Egypt 1964.jpg,https://commons.wikimedia.org/wiki/File:Mohammed_bin_Hamdan_al_Sharji_children_Egypt_1964.jpg,cc by-sa 4.0,Alsharjisaud,4000,6000,rejected,other
mena_0241.jpg,mena,Children of Egypt,File:Muhammad Sawan-Egypt-2.jpg,https://commons.wikimedia.org/wiki/File:Muhammad_Sawan-Egypt-2.jpg,cc by-sa 4.0,Muhammad Sawan,2048,1404,kept,
mena_0242.jpg,mena,Children of Egypt,File:Nano anosa.jpg,https://commons.wikimedia.org/wiki/File:Nano_anosa.jpg,cc by-sa 4.0,Engmostafa773,3000,4000,rejected,other
mena_0243.jpg,mena,Children of Egypt,File:Nilo419.jpg,https://commons.wikimedia.org/wiki/File:Nilo419.jpg,cc by-sa 2.5,Angel Cano,1600,1200,kept,
mena_0244.jpg,mena,Children of Egypt,File:No space.jpg,https://commons.wikimedia.org/wiki/File:No_space.jpg,cc by-sa 4.0,Mohamed Hozyen,1935,2902,rejected,other
mena_0245.jpg,mena,Children of Egypt,File:Nuba 12.jpg,https://commons.wikimedia.org/wiki/File:Nuba_12.jpg,cc by-sa 4.0,Mona Hassan Abo-Abda,5629,3753,rejected,other
mena_0246.jpg,mena,Children of Egypt,File:Nuba children.jpg,https://commons.wikimedia.org/wiki/File:Nuba_children.jpg,cc by-sa 4.0,Sakorty,1083,864,kept,
mena_0247.jpg,mena,Children of Egypt,File:Nuba M10.jpg,https://commons.wikimedia.org/wiki/File:Nuba_M10.jpg,cc by-sa 4.0,Mona Hassan Abo-Abda,6000,4000,kept,
mena_0248.jpg,mena,Children of Egypt,File:Nuba M13.jpg,https://commons.wikimedia.org/wiki/File:Nuba_M13.jpg,cc by-sa 4.0,Mona Hassan Abo-Abda,3899,5847,rejected,other
mena_0249.jpg,mena,Children of Egypt,File:Orange Street.jpg,https://commons.wikimedia.org/wiki/File:Orange_Street.jpg,cc by-sa 4.0,Myousry6666,3543,5315,rejected,other
mena_0250.jpg,mena,Children of Egypt,File:Pet Camel.jpg,https://commons.wikimedia.org/wiki/File:Pet_Camel.jpg,cc by-sa 4.0,Lina Tawfik,3648,5472,kept,
mena_0251.png,mena,Children of Egypt,File:Picfromclass.png,https://commons.wikimedia.org/wiki/File:Picfromclass.png,cc0,John koprivne,972,1275,rejected,other
mena_0252.jpg,mena,Children of Egypt,File:Play Bali in egypt.jpg,https://commons.wikimedia.org/wiki/File:Play_Bali_in_egypt.jpg,cc by-sa 4.0,Mohamedwardany,2954,2000,kept,
mena_0253.jpg,mena,Children of Egypt,File:Play football.jpg,https://commons.wikimedia.org/wiki/File:Play_football.jpg,cc by-sa 4.0,Mohamedwardany,3543,4191,kept,
mena_0254.jpg,mena,Children of Egypt,File:Play in the city of Alberus.jpg,https://commons.wikimedia.org/wiki/File:Play_in_the_city_of_Alberus.jpg,cc by-sa 4.0,Mohamedwardany,3000,2000,rejected,other
mena_0255.jpg,mena,Children of Egypt,File:Play with the clown in the streets of Alberus.jpg,https://commons.wikimedia.org/wiki/File:Play_with_the_clown_in_the_streets_of_Alberus.jpg,cc by-sa 4.0,Mohamedwardany,3000,2000,rejected,other
mena_0256.jpg,mena,Children of Egypt,File:Play with the clown in the streets of Alberus2.jpg,https://commons.wikimedia.org/wiki/File:Play_with_the_clown_in_the_streets_of_Alberus2.jpg,cc by-sa 4.0,Mohamedwardany,3000,2038,rejected,other
mena_0257.jpg,mena,Children of Egypt,File:Play with the clown in the streets of Alberus4.jpg,https://commons.wikimedia.org/wiki/File:Play_with_the_clown_in_the_streets_of_Alberus4.jpg,cc by-sa 4.0,Mohamedwardany,3000,2000,kept,
mena_0258.jpg,mena,Children of Egypt,File:Play with water.jpg,https://commons.wikimedia.org/wiki/File:Play_with_water.jpg,cc by-sa 4.0,Hesham Ebaid,4962,2791,kept,
mena_0259.jpg,mena,Children of Egypt,File:Playing by the river.jpg,https://commons.wikimedia.org/wiki/File:Playing_by_the_river.jpg,cc by-sa 4.0,Tarekheikal,2362,3543,rejected,other
mena_0260.jpg,mena,Children of Egypt,File:Playing hide and seek.jpg,https://commons.wikimedia.org/wiki/File:Playing_hide_and_seek.jpg,cc by-sa 4.0,Donia Said Kamel,4300,2495,rejected,other
mena_0261.jpg,mena,Children of Egypt,File:PLAYING ON THE TREE.jpg,https://commons.wikimedia.org/wiki/File:PLAYING_ON_THE_TREE.jpg,cc by-sa 4.0,Mohamedwardany,3000,2000,rejected,other
mena_0262.jpg,mena,Children of Egypt,File:Playing with boat.jpg,https://commons.wikimedia.org/wiki/File:Playing_with_boat.jpg,cc by-sa 4.0,Mona Abo-Abda,6000,4000,rejected,other
mena_0263.jpg,mena,Children of Egypt,File:Playing with colors in Aswan.jpg,https://commons.wikimedia.org/wiki/File:Playing_with_colors_in_Aswan.jpg,cc by-sa 4.0,Amro alashrf,4608,3072,rejected,other
mena_0264.jpg,mena,Children of Egypt,"File:Port Said, Egypt, Mediterranean Sea 3.jpg","https://commons.wikimedia.org/wiki/File:Port_Said,_Egypt,_Mediterranean_Sea_3.jpg",cc by 4.0,Vyacheslav Argenberg,3072,2048,rejected,other
mena_0265.jpg,mena,Children of Egypt,File:Pulling the boat.jpg,https://commons.wikimedia.org/wiki/File:Pulling_the_boat.jpg,cc by-sa 4.0,Mona Abo-Abda,6000,4000,kept,
mena_0266.jpg,mena,Children of Egypt,"File:Qesm Al Wahat Al Khargah, New Valley Governorate, Egypt - panoramio.jpg","https://commons.wikimedia.org/wiki/File:Qesm_Al_Wahat_Al_Khargah,_New_Valley_Governorate,_Egypt_-_panoramio.jpg",cc by 3.0,youssef_alam,1600,1200,rejected,other
mena_0267.jpg,mena,Children of Egypt,File:Ramadan in Egypt.jpg,https://commons.wikimedia.org/wiki/File:Ramadan_in_Egypt.jpg,cc by-sa 4.0,Ahmed Mo Abd Elaaty,1080,1333,kept,
mena_0268.jpg,mena,Children of Egypt,File:Running after the photographer.jpg,https://commons.wikimedia.org/wiki/File:Running_after_the_photographer.jpg,cc by-sa 4.0,Tarekheikal,5296,3531,kept,
mena_0269.jpg,mena,Children of Egypt,File:Running with the wind.jpg,https://commons.wikimedia.org/wiki/File:Running_with_the_wind.jpg,cc by-sa 4.0,Tarekheikal,5315,3543,rejected,other
mena_0270.jpg,mena,Children of Egypt,File:School ride.jpg,https://commons.wikimedia.org/wiki/File:School_ride.jpg,cc by-sa 4.0,Mohamed Hozyen,3543,2362,rejected,other
mena_0271.jpg,mena,Children of Egypt,File:Shadow jumping.jpg,https://commons.wikimedia.org/wiki/File:Shadow_jumping.jpg,cc by-sa 4.0,Eman abdelkader,4496,2997,rejected,other
mena_0272.jpg,mena,Children of Egypt,File:Siblings and happiness.jpg,https://commons.wikimedia.org/wiki/File:Siblings_and_happiness.jpg,cc by-sa 4.0,Abdelhamid tahoun,5051,3973,rejected,other
mena_0273.jpg,mena,Children of Egypt,File:Simple life but satisfactory.jpg,https://commons.wikimedia.org/wiki/File:Simple_life_but_satisfactory.jpg,cc by-sa 4.0,Mazen Khater,3120,4160,rejected,other
mena_0274.jpg,mena,Children of Egypt,File:SisteR WITH BROTHER playing.jpg,https://commons.wikimedia.org/wiki/File:SisteR_WITH_BROTHER_playing.jpg,cc by-sa 4.0,Mohamedwardany,2880,2000,rejected,other
mena_0275.jpg,mena,Children of Egypt,File:SISTER.jpg,https://commons.wikimedia.org/wiki/File:SISTER.jpg,cc by-sa 4.0,Mohamedwardany,4681,3543,rejected,other
mena_0276.jpg,mena,Children of Egypt,File:Siwa Osais Folklore.jpg,https://commons.wikimedia.org/wiki/File:Siwa_Osais_Folklore.jpg,cc by-sa 4.0,Ahmed Emad Hamdy,6016,4016,kept,
mena_0277.jpg,mena,Children of Egypt,File:Siwa Streets (1).jpg,https://commons.wikimedia.org/wiki/File:Siwa_Streets_(1).jpg,cc by-sa 4.0,Myousry6666,3543,5315,kept,
mena_0278.jpg,mena,Children of Egypt,File:Someday I reach my dream.jpg,https://commons.wikimedia.org/wiki/File:Someday_I_reach_my_dream.jpg,cc by-sa 4.0,Tarekheikal,5315,3543,kept,
mena_0279.jpg,mena,Children of Egypt,File:Summer and Swimming Pool.jpg,https://commons.wikimedia.org/wiki/File:Summer_and_Swimming_Pool.jpg,cc by-sa 4.0,Mona Abo-Abda,5775,3851,rejected,other
mena_0280.jpg,mena,Children of Egypt,File:Sun Kiss.jpg,https://commons.wikimedia.org/wiki/File:Sun_Kiss.jpg,cc by-sa 4.0,Mona Hassan Abo-Abda,3748,4808,kept,
mena_0281.jpg,mena,Children of Egypt,File:Sweets from the festival.jpg,https://commons.wikimedia.org/wiki/File:Sweets_from_the_festival.jpg,cc by-sa 4.0,Mona Hassan Abo-Abda,4802,3206,kept,
mena_0282.jpg,mena,Children of Egypt,File:Talking from top.jpg,https://commons.wikimedia.org/wiki/File:Talking_from_top.jpg,cc by-sa 4.0,Mona Abo-Abda,6000,4000,rejected,other
mena_0283.jpg,mena,Children of Egypt,File:Tarek Heikal Work (6).jpg,https://commons.wikimedia.org/wiki/File:Tarek_Heikal_Work_(6).jpg,cc by-sa 4.0,Tarekheikal,2400,3600,kept,
mena_0284.jpg,mena,Children of Egypt,File:Tarek-Heikal-play (11).jpg,https://commons.wikimedia.org/wiki/File:Tarek-Heikal-play_(11).jpg,cc by-sa 4.0,Tarekheikal,5297,3531,kept,
mena_0285.jpg,mena,Children of Egypt,File:Teaching - Egypt.jpg,https://commons.wikimedia.org/wiki/File:Teaching_-_Egypt.jpg,cc by-sa 4.0,Karidad Ragueh,1600,900,rejected,other
mena_0286.jpg,mena,Children of Egypt,File:Teenage couple pose in front of Pyramids.jpg,https://commons.wikimedia.org/wiki/File:Teenage_couple_pose_in_front_of_Pyramids.jpg,cc by-sa 4.0,Cyprien MacCamley,1136,852,kept,
mena_0287.jpg,mena,Children of Egypt,File:The ball shadows.jpg,https://commons.wikimedia.org/wiki/File:The_ball_shadows.jpg,cc by-sa 4.0,Mohamed Hozyen Ahmed,3000,2000,kept,
mena_0288.jpg,mena,Children of Egypt,File:The clowan.jpg,https://commons.wikimedia.org/wiki/File:The_clowan.jpg,cc by-sa 4.0,Mohamedwardany,2832,2021,kept,
mena_0289.jpg,mena,Children of Egypt,File:The clown in the streets of Egypt.jpg,https://commons.wikimedia.org/wiki/File:The_clown_in_the_streets_of_Egypt.jpg,cc by-sa 4.0,Mohamedwardany,6000,4000,rejected,other
mena_0290.jpg,mena,Children of Egypt,File:The clown in the streets.jpg,https://commons.wikimedia.org/wiki/File:The_clown_in_the_streets.jpg,cc by-sa 4.0,Mohamedwardany,2496,2000,rejected,other
mena_0291.jpg,mena,Children of Egypt,File:The Doll.jpg,https://commons.wikimedia.org/wiki/File:The_Doll.jpg,cc by-sa 4.0,Mona Abo-Abda,3087,4322,rejected,other
mena_0292.jpg,mena,Children of Egypt,File:The Farm.jpg,https://commons.wikimedia.org/wiki/File:The_Farm.jpg,cc by-sa 4.0,Mona Hassan Abo-Abda,6016,4016,rejected,other
mena_0293.jpg,mena,Children of Egypt,File:The grandson is between grandfather and grandmother at lunchtime.jpg,https://commons.wikimedia.org/wiki/File:The_grandson_is_between_grandfather_and_grandmother_at_lunchtime.jpg,cc by-sa 4.0,Abdelhamid tahoun,6240,4160,kept,
mena_0294.jpg,mena,Children of Egypt,File:The key chain.jpg,https://commons.wikimedia.org/wiki/File:The_key_chain.jpg,cc by-sa 4.0,Mona Abo-Abda,4000,6000,rejected,other
mena_0295.jpg,mena,Children of Egypt,File:The life in Nubia (23).jpg,https://commons.wikimedia.org/wiki/File:The_life_in_Nubia_(23).jpg,cc by-sa 4.0,Myousry6666,3543,5315,kept,
mena_0296.jpg,mena,Children of Egypt,File:THE LITTLE FISHER MAN.jpg,https://commons.wikimedia.org/wiki/File:THE_LITTLE_FISHER_MAN.jpg,cc by-sa 4.0,MAGDYX,3050,1789,rejected,other
mena_0297.jpg,mena,Children of Egypt,File:The Mosque as a Home.jpg,https://commons.wikimedia.org/wiki/File:The_Mosque_as_a_Home.jpg,cc by-sa 4.0,Hesham Farouk Ragab,7015,4676,kept,
mena_0298.jpg,mena,Children of Egypt,File:The nubian child.jpg,https://commons.wikimedia.org/wiki/File:The_nubian_child.jpg,cc by-sa 4.0,Sakorty,1440,960,rejected,other
mena_0299.jpg,mena,Children of Egypt,File:The runners.jpg,https://commons.wikimedia.org/wiki/File:The_runners.jpg,cc by-sa 4.0,Mohamed Hozyen Ahmed,3543,2362,kept,
mena_0300.jpg,mena,Children of Egypt,File:The shadow of me.jpg,https://commons.wikimedia.org/wiki/File:The_shadow_of_me.jpg,cc by-sa 4.0,Mohamed Hozyen Ahmed,3000,1964,kept,
mena_0301.jpg,mena,Children of Egypt,File:The sky is my limit.jpg,https://commons.wikimedia.org/wiki/File:The_sky_is_my_limit.jpg,cc by-sa 4.0,Mona Abo-Abda,4000,6000,rejected,other
mena_0302.jpg,mena,Children of Egypt,File:The Swimming Pool.jpg,https://commons.wikimedia.org/wiki/File:The_Swimming_Pool.jpg,cc by-sa 4.0,Mona Abo-Abda,5229,3304,rejected,other
mena_0303.jpg,mena,Children of Egypt,File:The WAVE.jpg,https://commons.wikimedia.org/wiki/File:The_WAVE.jpg,cc by-sa 4.0,Mona Abo-Abda,1887,2643,rejected,other
mena_0304.jpg,mena,Children of Egypt,"File:Theatre, celebrations or playing instruments (6).jpg","https://commons.wikimedia.org/wiki/File:Theatre,_celebrations_or_playing_instruments_(6).jpg",cc by-sa 4.0,Myousry6666,5315,3543,kept,
mena_0305.jpg,mena,Children of Egypt,File:Through the train window.jpg,https://commons.wikimedia.org/wiki/File:Through_the_train_window.jpg,cc by-sa 4.0,Mona Hassan Abo-Abda,4902,3641,kept,
mena_0306.jpg,mena,Children of Egypt,File:Twin girls.jpg,https://commons.wikimedia.org/wiki/File:Twin_girls.jpg,cc by-sa 4.0,Mohamedwardany,3000,3012,rejected,other
mena_0307.jpg,mena,Children of Egypt,File:Two friends from Kafr El Sheikh.jpg,https://commons.wikimedia.org/wiki/File:Two_friends_from_Kafr_El_Sheikh.jpg,cc by-sa 4.0,Ahmedsalahemam,1418,2126,rejected,other
mena_0308.jpg,mena,Children of Egypt,File:Two friends from Kafr ElSheikh.jpg,https://commons.wikimedia.org/wiki/File:Two_friends_from_Kafr_ElSheikh.jpg,cc by-sa 4.0,Ahmedsalahemam,2304,4115,rejected,other
mena_0309.jpg,mena,Children of Egypt,File:Two sisters were playing in the boat.jpg,https://commons.wikimedia.org/wiki/File:Two_sisters_were_playing_in_the_boat.jpg,cc by-sa 4.0,Nohafawzy,3000,4600,rejected,other
mena_0310.jpg,mena,Children of Egypt,File:Under Quarantine.jpg,https://commons.wikimedia.org/wiki/File:Under_Quarantine.jpg,cc by-sa 4.0,Eimy Eldeeb,2551,4160,rejected,other
mena_0311.jpg,mena,Children of Egypt,File:Unstructured playing (13).jpg,https://commons.wikimedia.org/wiki/File:Unstructured_playing_(13).jpg,cc by-sa 4.0,Myousry6666,3543,5315,kept,
mena_0312.jpg,mena,Children of Egypt,File:Unstructured playing (22).jpg,https://commons.wikimedia.org/wiki/File:Unstructured_playing_(22).jpg,cc by-sa 4.0,Myousry6666,5315,3543,rejected,other
mena_0313.jpg,mena,Children of Egypt,File:Unstructured playing (4).jpg,https://commons.wikimedia.org/wiki/File:Unstructured_playing_(4).jpg,cc by-sa 4.0,Myousry6666,5248,2952,kept,
mena_0314.jpg,mena,Children of Egypt,File:Unstructured playing (6).jpg,https://commons.wikimedia.org/wiki/File:Unstructured_playing_(6).jpg,cc by-sa 4.0,Myousry6666,3543,5315,rejected,other
mena_0315.jpg,mena,Children of Egypt,File:Village de Dandarah.jpg,https://commons.wikimedia.org/wiki/File:Village_de_Dandarah.jpg,cc by-sa 4.0,UTA - suisse,2560,1536,rejected,other
mena_0316.jpg,mena,Children of Egypt,File:Wael is my name.jpg,https://commons.wikimedia.org/wiki/File:Wael_is_my_name.jpg,cc by-sa 4.0,Maisasharaf,1836,3264,rejected,other
mena_0317.jpg,mena,Children of Egypt,File:Watch my jump.jpg,https://commons.wikimedia.org/wiki/File:Watch_my_jump.jpg,cc by-sa 4.0,Mohamed Hozyen Ahmed,3000,2000,kept,
mena_0318.jpg,mena,Children of Egypt,File:Who will win?.jpg,https://commons.wikimedia.org/wiki/File:Who_will_win%3F.jpg,cc by-sa 4.0,Donia Said Kamel,3456,2304,kept,
mena_0319.jpg,mena,Children of Egypt,File:With sister in the farm.jpg,https://commons.wikimedia.org/wiki/File:With_sister_in_the_farm.jpg,cc by-sa 4.0,Mona Hassan Abo-Abda,3934,5894,rejected,other
mena_0320.jpg,mena,Children of Egypt,File:Young boy and girl harvest farm crops in Egypt.jpg,https://commons.wikimedia.org/wiki/File:Young_boy_and_girl_harvest_farm_crops_in_Egypt.jpg,public domain,"Ben Barber, USAID",2101,2171,kept,
mena_0321.jpg,mena,Children of Egypt,File:Your mother.jpg,https://commons.wikimedia.org/wiki/File:Your_mother.jpg,cc by-sa 4.0,Mohamed Eldor,1200,868,kept,
mena_0322.jpg,mena,Children of Egypt,File:أطفال العرب في جنوب سيناء دهب.jpg,https://commons.wikimedia.org/wiki/File:%D8%A3%D8%B7%D9%81%D8%A7%D9%84_%D8%A7%D9%84%D8%B9%D8%B1%D8%A8_%D9%81%D9%8A_%D8%AC%D9%86%D9%88%D8%A8_%D8%B3%D9%8A%D9%86%D8%A7%D8%A1_%D8%AF%D9%87%D8%A8.jpg,cc by-sa 4.0,A7mdg,2443,3480,rejected,other
mena_0323.jpg,mena,Children of Egypt,File:احنا التلاته.jpg,https://commons.wikimedia.org/wiki/File:%D8%A7%D8%AD%D9%86%D8%A7_%D8%A7%D9%84%D8%AA%D9%84%D8%A7%D8%AA%D9%87.jpg,cc by-sa 4.0,Adelbayoumi,4681,3121,rejected,other
mena_0324.jpg,mena,Children of Egypt,File:اخوات يلعبون.jpg,https://commons.wikimedia.org/wiki/File:%D8%A7%D8%AE%D9%88%D8%A7%D8%AA_%D9%8A%D9%84%D8%B9%D8%A8%D9%88%D9%86.jpg,cc by-sa 4.0,Eman abdelkader12,2458,3688,rejected,other
mena_0325.jpg,mena,Children of Egypt,File:اطفال النوبة.jpg,https://commons.wikimedia.org/wiki/File:%D8%A7%D8%B7%D9%81%D8%A7%D9%84_%D8%A7%D9%84%D9%86%D9%88%D8%A8%D8%A9.jpg,cc by-sa 4.0,Amal Aglan,1961,3054,kept,
mena_0326.jpg,mena,Children of Egypt,File:اطفال يلعبون.jpg,https://commons.wikimedia.org/wiki/File:%D8%A7%D8%B7%D9%81%D8%A7%D9%84_%D9%8A%D9%84%D8%B9%D8%A8%D9%88%D9%86.jpg,cc by-sa 4.0,Ahmed Abd El-fattah Ibrahim Mohammed,2448,3264,rejected,other
mena_0327.jpg,mena,Children of Egypt,File:الاصدقاء الثلاثة.jpg,https://commons.wikimedia.org/wiki/File:%D8%A7%D9%84%D8%A7%D8%B5%D8%AF%D9%82%D8%A7%D8%A1_%D8%A7%D9%84%D8%AB%D9%84%D8%A7%D8%AB%D8%A9.jpg,cc by-sa 4.0,Adelbayoumi,2981,1677,rejected,other
mena_0328.jpg,mena,Children of Egypt,File:الاطفال لحظات الغروب.jpg,https://commons.wikimedia.org/wiki/File:%D8%A7%D9%84%D8%A7%D8%B7%D9%81%D8%A7%D9%84_%D9%84%D8%AD%D8%B8%D8%A7%D8%AA_%D8%A7%D9%84%D8%BA%D8%B1%D9%88%D8%A8.jpg,cc by-sa 4.0,SalLy zyoud,1620,1080,kept,
mena_0329.jpg,mena,Children of Egypt,File:البرلس مدينة السحر.jpg,https://commons.wikimedia.org/wiki/File:%D8%A7%D9%84%D8%A8%D8%B1%D9%84%D8%B3_%D9%85%D8%AF%D9%8A%D9%86%D8%A9_%D8%A7%D9%84%D8%B3%D8%AD%D8%B1.jpg,cc by-sa 4.0,Amal Aglan,3909,5856,rejected,other
mena_0330.jpg,mena,Children of Egypt,File:البرلس واطفالها2.jpg,https://commons.wikimedia.org/wiki/File:%D8%A7%D9%84%D8%A8%D8%B1%D9%84%D8%B3_%D9%88%D8%A7%D8%B7%D9%81%D8%A7%D9%84%D9%87%D8%A72.jpg,cc by-sa 4.0,Mohamedwardany,3000,2000,rejected,other
mena_0331.jpg,mena,Children of Egypt,File:التعليم.jpg,https://commons.wikimedia.org/wiki/File:%D8%A7%D9%84%D8%AA%D8%B9%D9%84%D9%8A%D9%85.jpg,cc by-sa 4.0,Mh.hassan1175,1984,2835,rejected,other
mena_0332.jpg,mena,Children of Egypt,"File:الراعي الصغير , ترحال بحثًا عن الطعام.jpg","https://commons.wikimedia.org/wiki/File:%D8%A7%D9%84%D8%B1%D8%A7%D8%B9%D9%8A_%D8%A7%D9%84%D8%B5%D8%BA%D9%8A%D8%B1_,_%D8%AA%D8%B1%D8%AD%D8%A7%D9%84_%D8%A8%D8%AD%D8%AB%D9%8B%D8%A7_%D8%B9%D9%86_%D8%A7%D9%84%D8%B7%D8%B9%D8%A7%D9%85.jpg",cc by-sa 4.0,HESHAMFATHYPH96,6240,3504,kept,
mena_0333.jpg,mena,Children of Egypt,File:الصداقه.jpg,https://commons.wikimedia.org/wiki/File:%D8%A7%D9%84%D8%B5%D8%AF%D8%A7%D9%82%D9%87.jpg,cc by-sa 4.0,Mostafa ali 96,4316,2927,kept,
mena_0334.jpg,mena,Children of Egypt,File:الضحكة.jpg,https://commons.wikimedia.org/wiki/File:%D8%A7%D9%84%D8%B6%D8%AD%D9%83%D8%A9.jpg,cc by-sa 4.0,Adelbayoumi,2121,1414,kept,
mena_0335.png,mena,Children of Egypt,File:الطفل المندهش.png,https://commons.wikimedia.org/wiki/File:%D8%A7%D9%84%D8%B7%D9%81%D9%84_%D8%A7%D9%84%D9%85%D9%86%D8%AF%D9%87%D8%B4.png,cc by-sa 4.0,Wanasahonline,658,911,rejected,other
mena_0336.jpg,mena,Children of Egypt,File:القوة و العزيمه.jpg,https://commons.wikimedia.org/wiki/File:%D8%A7%D9%84%D9%82%D9%88%D8%A9_%D9%88_%D8%A7%D9%84%D8%B9%D8%B2%D9%8A%D9%85%D9%87.jpg,cc by-sa 4.0,Abdo tahoon,3616,2812,rejected,other
mena_0337.jpg,mena,Children of Egypt,File:امسكنى لو تعرف.jpg,https://commons.wikimedia.org/wiki/File:%D8%A7%D9%85%D8%B3%D9%83%D9%86%D9%89_%D9%84%D9%88_%D8%AA%D8%B9%D8%B1%D9%81.jpg,cc by-sa 4.0,Adelbayoumi,2121,1414,kept,
mena_0338.jpg,mena,Children of Egypt,File:انا قادم يا أمى.jpg,https://commons.wikimedia.org/wiki/File:%D8%A7%D9%86%D8%A7_%D9%82%D8%A7%D8%AF%D9%85_%D9%8A%D8%A7_%D8%A3%D9%85%D9%89.jpg,cc by-sa 4.0,Roaa Mahmoud 141,1280,937,rejected,other
mena_0339.jpg,mena,Children of Egypt,File:بائع الجرايد.jpg,https://commons.wikimedia.org/wiki/File:%D8%A8%D8%A7%D8%A6%D8%B9_%D8%A7%D9%84%D8%AC%D8%B1%D8%A7%D9%8A%D8%AF.jpg,cc by-sa 4.0,Hoba offendum,3237,4862,rejected,other
mena_0340.jpg,mena,Children of Egypt,File:باب العب.jpg,https://commons.wikimedia.org/wiki/File:%D8%A8%D8%A7%D8%A8_%D8%A7%D9%84%D8%B9%D8%A8.jpg,cc by-sa 4.0,Mostafa ali 96,2655,4058,rejected,other
mena_0341.jpg,mena,Children of Egypt,File:بينما يستمتعون بألعابهم أخذت لقطة سريعة لهم.jpg,https://commons.wikimedia.org/wiki/File:%D8%A8%D9%8A%D9%86%D9%85%D8%A7_%D9%8A%D8%B3%D8%AA%D9%85%D8%AA%D8%B9%D9%88%D9%86_%D8%A8%D8%A3%D9%84%D8%B9%D8%A7%D8%A8%D9%87%D9%85_%D8%A3%D8%AE%D8%B0%D8%AA_%D9%84%D9%82%D8%B7%D8%A9_%D8%B3%D8%B1%D9%8A%D8%B9%D8%A9_%D9%84%D9%87%D9%85.jpg,cc by-sa 4.0,Ahmed Abd El-fattah Ibrahim Mohammed,3120,4160,rejected,other
mena_0342.jpg,mena,Children of Egypt,File:حارس الحيوانات صديق الأطفال.jpg,https://commons.wikimedia.org/wiki/File:%D8%AD%D8%A7%D8%B1%D8%B3_%D8%A7%D9%84%D8%AD%D9%8A%D9%88%D8%A7%D9%86%D8%A7%D8%AA_%D8%B5%D8%AF%D9%8A%D9%82_%D8%A7%D9%84%D8%A3%D8%B7%D9%81%D8%A7%D9%84.jpg,cc by-sa 4.0,Nizar Barrak,4570,3352,rejected,other
mena_0343.jpg,mena,Children of Egypt,File:راعي الغنم الصغير.jpg,https://commons.wikimedia.org/wiki/File:%D8%B1%D8%A7%D8%B9%D9%8A_%D8%A7%D9%84%D8%BA%D9%86%D9%85_%D8%A7%D9%84%D8%B5%D8%BA%D9%8A%D8%B1.jpg,cc by-sa 4.0,Mona Abo-Abda,6000,4000,kept,
mena_0344.jpg,mena,Children of Egypt,File:رحلة مدرسية عبر الزمن.jpg,https://commons.wikimedia.org/wiki/File:%D8%B1%D8%AD%D9%84%D8%A9_%D9%85%D8%AF%D8%B1%D8%B3%D9%8A%D8%A9_%D8%B9%D8%A8%D8%B1_%D8%A7%D9%84%D8%B2%D9%85%D9%86.jpg,cc by-sa 4.0,Nizar Barrak,6016,4000,rejected,other
mena_0345.jpg,mena,Children of Egypt,File:رقص صغار البمبوطية - بورسعيد - مصر.jpg,https://commons.wikimedia.org/wiki/File:%D8%B1%D9%82%D8%B5_%D8%B5%D8%BA%D8%A7%D8%B1_%D8%A7%D9%84%D8%A8%D9%85%D8%A8%D9%88%D8%B7%D9%8A%D8%A9_-_%D8%A8%D9%88%D8%B1%D8%B3%D8%B9%D9%8A%D8%AF_-_%D9%85%D8%B5%D8%B1.jpg,cc by-sa 4.0,Mohamed kamal 1984,4256,2832,rejected,other
mena_0346.jpg,mena,Children of Egypt,File:صغيرا وحيدا.jpg,https://commons.wikimedia.org/wiki/File:%D8%B5%D8%BA%D9%8A%D8%B1%D8%A7_%D9%88%D8%AD%D9%8A%D8%AF%D8%A7.jpg,cc by-sa 4.0,Obee Amer,640,800,rejected,other
mena_0347.jpg,mena,Children of Egypt,File:عالم الالوان.jpg,https://commons.wikimedia.org/wiki/File:%D8%B9%D8%A7%D9%84%D9%85_%D8%A7%D9%84%D8%A7%D9%84%D9%88%D8%A7%D9%86.jpg,cc by-sa 4.0,Mostafa ali 96,2919,3695,kept,
mena_0348.jpg,mena,Children of Egypt,File:عندما تجتمع الطفولة والثقافة على رصيف واحد.jpg,https://commons.wikimedia.org/wiki/File:%D8%B9%D9%86%D8%AF%D9%85%D8%A7_%D8%AA%D8%AC%D8%AA%D9%85%D8%B9_%D8%A7%D9%84%D8%B7%D9%81%D9%88%D9%84%D8%A9_%D9%88%D8%A7%D9%84%D8%AB%D9%82%D8%A7%D9%81%D8%A9_%D8%B9%D9%84%D9%89_%D8%B1%D8%B5%D9%8A%D9%81_%D9%88%D8%A7%D8%AD%D8%AF.jpg,cc by-sa 4.0,Ghada Muhammad Tohamy,2431,2057,kept,
mena_0349.jpg,mena,Children of Egypt,File:عيون مصرية.jpg,https://commons.wikimedia.org/wiki/File:%D8%B9%D9%8A%D9%88%D9%86_%D9%85%D8%B5%D8%B1%D9%8A%D8%A9.jpg,cc by-sa 4.0,Mohamedwardany,4500,3000,rejected,other
mena_0350.jpg,mena,Children of Egypt,File:قرية الترامسة.jpg,https://commons.wikimedia.org/wiki/File:%D9%82%D8%B1%D9%8A%D8%A9_%D8%A7%D9%84%D8%AA%D8%B1%D8%A7%D9%85%D8%B3%D8%A9.jpg,cc by-sa 4.0,Omar wishahi,3456,5013,rejected,other
mena_0351.jpg,mena,Children of Egypt,File:قرية الصيادين.jpg,https://commons.wikimedia.org/wiki/File:%D9%82%D8%B1%D9%8A%D8%A9_%D8%A7%D9%84%D8%B5%D9%8A%D8%A7%D8%AF%D9%8A%D9%86.jpg,cc by-sa 4.0,Amal Aglan,4392,6024,rejected,other
mena_0352.jpg,mena,Children of Egypt,File:كن حقيقى.jpg,https://commons.wikimedia.org/wiki/File:%D9%83%D9%86_%D8%AD%D9%82%D9%8A%D9%82%D9%89.jpg,cc by-sa 4.0,Mostafa ali 96,4521,2711,kept,
mena_0353.jpg,mena,Children of Egypt,File:لحظات المرح.jpg,https://commons.wikimedia.org/wiki/File:%D9%84%D8%AD%D8%B8%D8%A7%D8%AA_%D8%A7%D9%84%D9%85%D8%B1%D8%AD.jpg,cc by-sa 4.0,Ahmedsalahemam,5477,3651,kept,
mena_0354.jpg,mena,Children of Egypt,File:لعب الاطفال.jpg,https://commons.wikimedia.org/wiki/File:%D9%84%D8%B9%D8%A8_%D8%A7%D9%84%D8%A7%D8%B7%D9%81%D8%A7%D9%84.jpg,cc by-sa 4.0,Sakorty,4512,3600,kept,
mena_0355.jpg,mena,Children of Egypt,File:مرح الاسرة.jpg,https://commons.wikimedia.org/wiki/File:%D9%85%D8%B1%D8%AD_%D8%A7%D9%84%D8%A7%D8%B3%D8%B1%D8%A9.jpg,cc by-sa 4.0,Ahmedsalahemam,2846,2134,kept,
mena_0356.jpg,mena,Children of Egypt,File:مزلقان بدشنا.jpg,https://commons.wikimedia.org/wiki/File:%D9%85%D8%B2%D9%84%D9%82%D8%A7%D9%86_%D8%A8%D8%AF%D8%B4%D9%86%D8%A7.jpg,cc by-sa 4.0,أحمد سعيد أبوزيد,2048,1057,kept,
mena_0357.jpg,mena,Children of Egypt,File:مستقبل وطن.jpg,https://commons.wikimedia.org/wiki/File:%D9%85%D8%B3%D8%AA%D9%82%D8%A8%D9%84_%D9%88%D8%B7%D9%86.jpg,cc by-sa 4.0,mostafa sharawy,5507,4192,kept,
mena_0358.jpg,mena,Children of Egypt,File:مصنع الصيغحرف3.jpg,https://commons.wikimedia.org/wiki/File:%D9%85%D8%B5%D9%86%D8%B9_%D8%A7%D9%84%D8%B5%D9%8A%D8%BA%D8%AD%D8%B1%D9%813.jpg,cc by-sa 4.0,Omar wishahi,1479,2048,rejected,other
mena_0359.jpg,mena,Children of Egypt,File:موالد الأولياء بقرى ريف مصر 13.jpg,https://commons.wikimedia.org/wiki/File:%D9%85%D9%88%D8%A7%D9%84%D8%AF_%D8%A7%D9%84%D8%A3%D9%88%D9%84%D9%8A%D8%A7%D8%A1_%D8%A8%D9%82%D8%B1%D9%89_%D8%B1%D9%8A%D9%81_%D9%85%D8%B5%D8%B1_13.jpg,cc by-sa 4.0,Mhmmdelkashef,3522,2250,kept,
mena_0360.jpg,mena,Children of Egypt,File:ورش صيانة كاوتش.jpg,https://commons.wikimedia.org/wiki/File:%D9%88%D8%B1%D8%B4_%D8%B5%D9%8A%D8%A7%D9%86%D8%A9_%D9%83%D8%A7%D9%88%D8%AA%D8%B4.jpg,cc by-sa 4.0,Hana hamdy khalil,6000,4000,kept,
mena_0361.jpg,mena,Children of Egypt,File:وقت المرح.jpg,https://commons.wikimedia.org/wiki/File:%D9%88%D9%82%D8%AA_%D8%A7%D9%84%D9%85%D8%B1%D8%AD.jpg,cc by-sa 4.0,Ahmedsalahemam,1999,1499,kept,
mena_0362.jpg,mena,Children of Egypt,File:ولنا في الخيال حياة.jpg,https://commons.wikimedia.org/wiki/File:%D9%88%D9%84%D9%86%D8%A7_%D9%81%D9%8A_%D8%A7%D9%84%D8%AE%D9%8A%D8%A7%D9%84_%D8%AD%D9%8A%D8%A7%D8%A9.jpg,cc by-sa 4.0,Tawfik Elsayed,5434,3504,kept,
mena_0363.jpg,mena,Wikimedians of Egypt,File:Ahmed Yousry Almamlouk.JPG,https://commons.wikimedia.org/wiki/File:Ahmed_Yousry_Almamlouk.JPG,cc by-sa 4.0,Selsharbaty (WMF),925,1244,rejected,other
mena_0364.jpg,mena,Wikimedians of Egypt,"File:CA training, Sep. 2012-06.JPG","https://commons.wikimedia.org/wiki/File:CA_training,_Sep._2012-06.JPG",cc by-sa 3.0,Faris knight,4928,3264,rejected,other
mena_0365.jpg,mena,Wikimedians of Egypt,File:Essam Mohie Sharaf-1-2.jpg,https://commons.wikimedia.org/wiki/File:Essam_Mohie_Sharaf-1-2.jpg,cc by-sa 3.0,Victorgrigas,3456,4349,rejected,other
mena_0366.jpg,mena,Wikimedians of Egypt,"File:Meeting March 26, 2012-3.JPG","https://commons.wikimedia.org/wiki/File:Meeting_March_26,_2012-3.JPG",cc by-sa 3.0,Faris knight,1628,1911,kept,
mena_0367.png,mena,Wikimedians of Egypt,File:Mohamed Helmy (Mohamed Helmy Group) - محمد حلمي (مجموعة محمد حلمي).png,https://commons.wikimedia.org/wiki/File:Mohamed_Helmy_(Mohamed_Helmy_Group)_-_%D9%85%D8%AD%D9%85%D8%AF_%D8%AD%D9%84%D9%85%D9%8A_(%D9%85%D8%AC%D9%85%D9%88%D8%B9%D8%A9_%D9%85%D8%AD%D9%85%D8%AF_%D8%AD%D9%84%D9%85%D9%8A).png,cc by 3.0 eg,MohamedHelmyOff,3264,1632,rejected,other
mena_0368.jpg,mena,Wikimedians of Egypt,File:Moushira.jpg,https://commons.wikimedia.org/wiki/File:Moushira.jpg,cc by-sa 3.0,Alin (WMF),3008,2000,rejected,other
mena_0369.jpg,mena,Wikimedians of Egypt,File:Selsharbaty (WMF).jpg,https://commons.wikimedia.org/wiki/File:Selsharbaty_(WMF).jpg,cc by-sa 4.0,Selsharbaty (WMF),3744,3008,rejected,other
mena_0370.jpg,mena,Wikimedians of Egypt,"File:Seventh Celebration Conference, Egypt 00 (166) cropped.jpg","https://commons.wikimedia.org/wiki/File:Seventh_Celebration_Conference,_Egypt_00_(166)_cropped.jpg",cc by-sa 4.0,لاروسا,1242,873,rejected,other
mena_0371.jpg,mena,People of 6th of October City,File:Maj Day.jpg,https://commons.wikimedia.org/wiki/File:Maj_Day.jpg,cc by-sa 4.0,Mostafaramadan17,3148,2099,rejected,other
mena_0372.jpg,mena,People of 6th of October City,File:Tarek Sabrouty.jpg,https://commons.wikimedia.org/wiki/File:Tarek_Sabrouty.jpg,cc by-sa 4.0,Reemovic,960,960,rejected,other
mena_0373.jpg,mena,People of Alexandria,File:-5927085522117835181 121jpg.jpg,https://commons.wikimedia.org/wiki/File:-5927085522117835181_121jpg.jpg,cc by-sa 4.0,Ahmed Eissa32,1280,853,rejected,other
mena_0374.jpg,mena,People of Alexandria,File:2 sides.jpg,https://commons.wikimedia.org/wiki/File:2_sides.jpg,cc by-sa 4.0,Mohamed Hozyen,3543,2360,rejected,other
mena_0375.jpg,mena,People of Alexandria,"File:A funeral in abu soleiman, alexandria - Flickr - Al Jazeera English.jpg","https://commons.wikimedia.org/wiki/File:A_funeral_in_abu_soleiman,_alexandria_-_Flickr_-_Al_Jazeera_English.jpg",cc by-sa 2.0,Al Jazeera English,1280,720,rejected,other
mena_0376.jpg,mena,People of Alexandria,File:A kid playing on the beach.jpg,https://commons.wikimedia.org/wiki/File:A_kid_playing_on_the_beach.jpg,cc by-sa 4.0,mohamed atef el naggar,6000,4000,rejected,other
mena_0377.jpg,mena,People of Alexandria,File:A kind look.jpg,https://commons.wikimedia.org/wiki/File:A_kind_look.jpg,cc by-sa 4.0,HananFarouk67,1362,2048,kept,
mena_0378.jpg,mena,People of Alexandria,File:Ahmed Badawy the script writer drinking a coffe in alexandria.jpg,https://commons.wikimedia.org/wiki/File:Ahmed_Badawy_the_script_writer_drinking_a_coffe_in_alexandria.jpg,cc by-sa 4.0,Ahmed badawy,640,640,rejected,other
mena_0379.jpg,mena,People of Alexandria,File:Albert Nacamuli.jpg,https://commons.wikimedia.org/wiki/File:Albert_Nacamuli.jpg,public domain,Unknown authorUnknown author,683,720,rejected,other
mena_0380.jpg,mena,People of Alexandria,File:Alejandría 1999 03.jpg,https://commons.wikimedia.org/wiki/File:Alejandr%C3%ADa_1999_03.jpg,cc by-sa 4.0,LBM1948,1052,678,kept,
mena_0381.jpg,mena,People of Alexandria,File:Alex Benachi.jpg,https://commons.wikimedia.org/wiki/File:Alex_Benachi.jpg,public domain,Unknown authorUnknown author,603,771,rejected,other
mena_0382.jpg,mena,People of Alexandria,File:Alexandria - panoramio.jpg,https://commons.wikimedia.org/wiki/File:Alexandria_-_panoramio.jpg,cc by-sa 3.0,Audrius P.,680,1024,kept,
mena_0383.jpg,mena,People of Alexandria,File:Alexandria beauty.jpg,https://commons.wikimedia.org/wiki/File:Alexandria_beauty.jpg,cc by-sa 4.0,HananFarouk67,2048,1362,rejected,other
mena_0384.jpg,mena,People of Alexandria,File:Alexandria Coast in B&W.jpg,https://commons.wikimedia.org/wiki/File:Alexandria_Coast_in_B%26W.jpg,cc by-sa 4.0,Mona Hassan Abo-Abda,6016,4016,kept,
mena_0385.jpg,mena,People of Alexandria,File:Alexandria coast.jpg,https://commons.wikimedia.org/wiki/File:Alexandria_coast.jpg,cc by-sa 4.0,Mona Hassan Abo-Abda,6000,4000,kept,
mena_0386.jpg,mena,People of Alexandria,File:Alexandria's coast.jpg,https://commons.wikimedia.org/wiki/File:Alexandria%27s_coast.jpg,cc by-sa 3.0,Bekonowitch,1280,850,kept,
mena_0387.jpg,mena,People of Alexandria,"File:Alexandria, Alexandria Governorate, Egypt - panoramio - youssef alam (5).jpg","https://commons.wikimedia.org/wiki/File:Alexandria,_Alexandria_Governorate,_Egypt_-_panoramio_-_youssef_alam_(5).jpg",cc by 3.0,youssef_alam,2272,1704,kept,
mena_0388.jpg,mena,People of Alexandria,File:Alexandrie.jpg,https://commons.wikimedia.org/wiki/File:Alexandrie.jpg,cc by-sa 4.0,André Pelle,2560,1920,kept,
mena_0389.jpg,mena,People of Alexandria,"File:Aly Mohsen portrait, Bordighera.jpg","https://commons.wikimedia.org/wiki/File:Aly_Mohsen_portrait,_Bordighera.jpg",cc by-sa 4.0,Barnaei7,828,1280,rejected,other
mena_0390.jpg,mena,People of Alexandria,File:Antoine Meimarachi.jpg,https://commons.wikimedia.org/wiki/File:Antoine_Meimarachi.jpg,public domain,Unknown authorUnknown author,682,932,rejected,other
mena_0391.jpg,mena,People of Alexandria,File:Assad Bassili Pacha.jpg,https://commons.wikimedia.org/wiki/File:Assad_Bassili_Pacha.jpg,public domain,Unknown authorUnknown author,607,802,rejected,other
mena_0392.jpg,mena,People of Alexandria,File:Athanase Pastroudis.jpg,https://commons.wikimedia.org/wiki/File:Athanase_Pastroudis.jpg,public domain,Unknown authorUnknown author,1056,1168,rejected,other
mena_0393.jpg,mena,People of Alexandria,File:Beyond the Sea.jpg,https://commons.wikimedia.org/wiki/File:Beyond_the_Sea.jpg,cc by-sa 4.0,Mohamed Hozyen,3543,2362,kept,
mena_0394.jpg,mena,People of Alexandria,File:Book seller 1.jpg,https://commons.wikimedia.org/wiki/File:Book_seller_1.jpg,cc by-sa 4.0,Wael.kenawey,5624,3749,kept,
mena_0395.jpg,mena,People of Alexandria,File:Arab musician from Alexandria - Bruyn Cornelis De - 1714.jpg,https://commons.wikimedia.org/wiki/File:Arab_musician_from_Alexandria_-_Bruyn_Cornelis_De_-_1714.jpg,public domain,Cornelis de Bruijn,1012,1500,rejected,other
mena_0396.jpg,mena,People of Alexandria,File:Dancing on streets.jpg,https://commons.wikimedia.org/wiki/File:Dancing_on_streets.jpg,cc by-sa 4.0,Abdelrahman Abdelazeem,3884,3245,kept,
mena_0397.jpg,mena,People of Alexandria,File:Dimitri Kokinopoulos.jpg,https://commons.wikimedia.org/wiki/File:Dimitri_Kokinopoulos.jpg,public domain,Unknown authorUnknown author,698,804,rejected,other
mena_0398.jpg,mena,People of Alexandria,File:Dimitri Pappas.jpg,https://commons.wikimedia.org/wiki/File:Dimitri_Pappas.jpg,public domain,Unknown authorUnknown author,792,912,rejected,other
mena_0399.jpg,mena,People of Alexandria,"File:Egypt, Alexandria, The Corniche of Alexandria.jpg","https://commons.wikimedia.org/wiki/File:Egypt,_Alexandria,_The_Corniche_of_Alexandria.jpg",cc by 4.0,Vyacheslav Argenberg,3072,2048,kept,
mena_0400.jpg,mena,People of Alexandria,"File:Egypt, Beggars, Alexandria.jpg","https://commons.wikimedia.org/wiki/File:Egypt,_Beggars,_Alexandria.jpg",no restrictions,Brooklyn Museum,2796,2627,rejected,other
mena_0401.jpg,mena,People of Alexandria,File:Family (5078313407).jpg,https://commons.wikimedia.org/wiki/File:Family_(5078313407).jpg,cc by-sa 2.0,"Matt @ PEK from Taipei, Taiwan",2395,1480,kept,
mena_0402.jpg,mena,People of Alexandria,"File:Februari 2011 demonstrations at Alexandria, Egypt (12) Moe IMG 0030.jpg","https://commons.wikimedia.org/wiki/File:Februari_2011_demonstrations_at_Alexandria,_Egypt_(12)_Moe_IMG_0030.jpg",cc by-sa 2.0,"Mohamed Adel from Alexandria, Egypt",1024,965,kept,
mena_0403.jpg,mena,People of Alexandria,File:Fisherman in Alexandria.jpg,https://commons.wikimedia.org/wiki/File:Fisherman_in_Alexandria.jpg,cc by-sa 4.0,Ahmed Hagrasi,3899,2321,rejected,other
mena_0404.jpg,mena,People of Alexandria,File:Fishermen at the Corniche in Alexandria in winter.jpg,https://commons.wikimedia.org/wiki/File:Fishermen_at_the_Corniche_in_Alexandria_in_winter.jpg,cc by-sa 4.0,Marsupium,3024,4032,rejected,other
mena_0405.jpg,mena,People of Alexandria,"File:Fishing in Alexandria, Egypt.jpg","https://commons.wikimedia.org/wiki/File:Fishing_in_Alexandria,_Egypt.jpg",cc by-sa 2.0,barakat,5068,3379,kept,
mena_0406.jpg,mena,People of Alexandria,"File:Flickr - dlisbona - City Centre mall, Alexandria - at midnight.jpg","https://commons.wikimedia.org/wiki/File:Flickr_-_dlisbona_-_City_Centre_mall,_Alexandria_-_at_midnight.jpg",cc by 2.0,"David Lisbona from Haifa, Israel",800,600,rejected,other
mena_0407.jpg,mena,People of Alexandria,File:Flickr - dlisbona - Montazah.jpg,https://commons.wikimedia.org/wiki/File:Flickr_-_dlisbona_-_Montazah.jpg,cc by 2.0,"David Lisbona from Haifa, Israel",800,600,rejected,other
mena_0408.jpg,mena,People of Alexandria,File:Fruttivendolo - panoramio.jpg,https://commons.wikimedia.org/wiki/File:Fruttivendolo_-_panoramio.jpg,cc by-sa 3.0,renato agostini,1200,804,kept,
mena_0409.jpg,mena,People of Alexandria,File:Gaston Zananiri.jpg,https://commons.wikimedia.org/wiki/File:Gaston_Zananiri.jpg,public domain,Unknown authorUnknown author,764,1034,rejected,other
mena_0410.jpg,mena,People of Alexandria,File:Georges Psacharopoulos.jpg,https://commons.wikimedia.org/wiki/File:Georges_Psacharopoulos.jpg,public domain,Unknown authorUnknown author,786,925,rejected,other
mena_0411.jpg,mena,People of Alexandria,File:Georges Zananiri Pacha.jpg,https://commons.wikimedia.org/wiki/File:Georges_Zananiri_Pacha.jpg,public domain,Unknown authorUnknown author,813,1151,rejected,other
mena_0412.jpg,mena,People of Alexandria,File:Gigi and Rasha.jpg,https://commons.wikimedia.org/wiki/File:Gigi_and_Rasha.jpg,cc by 2.0,"Gigi  Ibrahim from Cairo, Egypt",1024,768,kept,
mena_0413.jpg,mena,People of Alexandria,File:Gigi Ibrahim acting the fool.jpg,https://commons.wikimedia.org/wiki/File:Gigi_Ibrahim_acting_the_fool.jpg,cc by 2.0,"Gigi  Ibrahim from Cairo, Egypt",1024,768,kept,
mena_0414.jpg,mena,People of Alexandria,File:Have a good time (5078273463).jpg,https://commons.wikimedia.org/wiki/File:Have_a_good_time_(5078273463).jpg,cc by-sa 2.0,"Matt @ PEK from Taipei, Taiwan",3072,2048,rejected,other
mena_0415.jpg,mena,People of Alexandria,File:Hesychius OP.jpg,https://commons.wikimedia.org/wiki/File:Hesychius_OP.jpg,public domain,uploaded to Wikipedia by en:User:Dbachmann,959,643,rejected,other
mena_0416.jpg,mena,People of Alexandria,File:I`m Ready.jpg,https://commons.wikimedia.org/wiki/File:I%60m_Ready.jpg,cc by-sa 4.0,Mohamed Hozyen,3543,2362,rejected,other
mena_0417.jpg,mena,People of Alexandria,File:Kids (5078272637).jpg,https://commons.wikimedia.org/wiki/File:Kids_(5078272637).jpg,cc by-sa 2.0,"Matt @ PEK from Taipei, Taiwan",3072,2048,rejected,other
mena_0418.jpg,mena,People of Alexandria,"File:Lady in Exquisite Egyptian Habitat , Alexandria, Egypt.jpg","https://commons.wikimedia.org/wiki/File:Lady_in_Exquisite_Egyptian_Habitat_,_Alexandria,_Egypt.jpg",cc by-sa 4.0,Wael Mohammad Hasan,2816,2112,rejected,other
mena_0419.jpg,mena,People of Alexandria,File:Looking for hope.jpg,https://commons.wikimedia.org/wiki/File:Looking_for_hope.jpg,cc by-sa 4.0,Mohamed Hozyen,3543,2363,rejected,other
mena_0420.jpg,mena,People of Alexandria,File:M. Georges Lutfallah Zalzal.jpg,https://commons.wikimedia.org/wiki/File:M._Georges_Lutfallah_Zalzal.jpg,public domain,Unknown authorUnknown author,604,796,rejected,other
mena_0421.jpg,mena,People of Alexandria,File:M. Stephanopoli de Comnène.jpg,https://commons.wikimedia.org/wiki/File:M._Stephanopoli_de_Comn%C3%A8ne.jpg,public domain,Unknown authorUnknown author,685,805,kept,
mena_0422.jpg,mena,People of Alexandria,File:Manar Habashy Egypt 6.jpg,https://commons.wikimedia.org/wiki/File:Manar_Habashy_Egypt_6.jpg,cc by-sa 4.0,Manar Habashy,6016,4000,kept,
mena_0423.jpg,mena,People of Alexandria,File:Manar Habashy Egypt 7.jpg,https://commons.wikimedia.org/wiki/File:Manar_Habashy_Egypt_7.jpg,cc by-sa 4.0,Manar Habashy,6016,4000,kept,
mena_0424.jpg,mena,People of Alexandria,File:Manar Habashy Egypt 8.jpg,https://commons.wikimedia.org/wiki/File:Manar_Habashy_Egypt_8.jpg,cc by-sa 4.0,Manar Habashy,4000,6016,kept,
mena_0425.jpg,mena,People of Alexandria,File:Marco Nadler.jpg,https://commons.wikimedia.org/wiki/File:Marco_Nadler.jpg,public domain,Unknown authorUnknown author,668,713,rejected,other
mena_0426.jpg,mena,People of Alexandria,File:Mario Lascaris.jpg,https://commons.wikimedia.org/wiki/File:Mario_Lascaris.jpg,public domain,Unknown authorUnknown author,680,920,rejected,other
mena_0427.jpg,mena,People of Alexandria,File:Men going to Imam Al-Busiri Mosque 01.jpg,https://commons.wikimedia.org/wiki/File:Men_going_to_Imam_Al-Busiri_Mosque_01.jpg,cc by-sa 4.0,Saleh Abdelrazeq,3000,4000,kept,
mena_0428.jpg,mena,People of Alexandria,File:Men going to Imam Al-Busiri Mosque 02.jpg,https://commons.wikimedia.org/wiki/File:Men_going_to_Imam_Al-Busiri_Mosque_02.jpg,cc by-sa 4.0,Saleh Abdelrazeq,3000,4000,rejected,other
mena_0429.jpg,mena,People of Alexandria,File:Mike Mavros.jpg,https://commons.wikimedia.org/wiki/File:Mike_Mavros.jpg,public domain,Unknown authorUnknown author,833,999,rejected,other
mena_0430.jpg,mena,People of Alexandria,File:Milto Comanos.jpg,https://commons.wikimedia.org/wiki/File:Milto_Comanos.jpg,public domain,Unknown authorUnknown author,668,764,rejected,other
mena_0431.jpg,mena,People of Alexandria,File:Mohamed El-Sayed Chahine Bey.jpg,https://commons.wikimedia.org/wiki/File:Mohamed_El-Sayed_Chahine_Bey.jpg,public domain,Unknown authorUnknown author,677,812,rejected,other
mena_0432.jpg,mena,People of Alexandria,"File:Nicolas Christofides - Le Mondain Égyptien, 1941.jpg","https://commons.wikimedia.org/wiki/File:Nicolas_Christofides_-_Le_Mondain_%C3%89gyptien,_1941.jpg",cc by-sa 4.0,Unknown authorUnknown author,623,746,rejected,other
mena_0433.jpg,mena,People of Alexandria,"File:Nicolas Christofides, ca. 1930.jpg","https://commons.wikimedia.org/wiki/File:Nicolas_Christofides,_ca._1930.jpg",cc by-sa 4.0,Armide 78,1394,2374,rejected,other
mena_0434.jpg,mena,People of Alexandria,File:Nicolas Christofidis.jpg,https://commons.wikimedia.org/wiki/File:Nicolas_Christofidis.jpg,public domain,Unknown authorUnknown author,948,1138,rejected,other
mena_0435.jpg,mena,People of Alexandria,File:People (5078913038).jpg,https://commons.wikimedia.org/wiki/File:People_(5078913038).jpg,cc by-sa 2.0,"Matt @ PEK from Taipei, Taiwan",2800,1867,kept,
mena_0436.jpg,mena,People of Alexandria,File:People of alexandria.jpg,https://commons.wikimedia.org/wiki/File:People_of_alexandria.jpg,cc by-sa 4.0,Abdelrahman Abdelazeem,4516,3011,kept,
mena_0437.jpg,mena,People of Alexandria,File:School visit to BA.jpg,https://commons.wikimedia.org/wiki/File:School_visit_to_BA.jpg,cc by-sa 3.0,TheEgyptian,1632,1224,rejected,other
mena_0438.jpg,mena,People of Alexandria,"File:Seif, Gigi and 3effat.jpg","https://commons.wikimedia.org/wiki/File:Seif,_Gigi_and_3effat.jpg",cc by 2.0,"Gigi  Ibrahim from Cairo, Egypt",1024,768,rejected,other
mena_0439.jpg,mena,People of Alexandria,"File:Seller, rubber hoops 001.JPG","https://commons.wikimedia.org/wiki/File:Seller,_rubber_hoops_001.JPG",cc by-sa 4.0,لا روسا,3461,3111,rejected,other
mena_0440.jpg,mena,People of Alexandria,"File:Seller, rubber hoops 002.JPG","https://commons.wikimedia.org/wiki/File:Seller,_rubber_hoops_002.JPG",cc by-sa 4.0,لا روسا,3778,3366,kept,
mena_0441.jpg,mena,People of Alexandria,"File:Seller, rubber hoops 003.JPG","https://commons.wikimedia.org/wiki/File:Seller,_rubber_hoops_003.JPG",cc by-sa 4.0,لا روسا,3950,3442,rejected,other
mena_0442.jpg,mena,People of Alexandria,"File:Seller, rubber hoops 004.JPG","https://commons.wikimedia.org/wiki/File:Seller,_rubber_hoops_004.JPG",cc by-sa 4.0,لا روسا,4184,3442,rejected,other
mena_0443.jpg,mena,People of Alexandria,File:Shakib Arslan in Alexandria - 28 October 1946.jpg,https://commons.wikimedia.org/wiki/File:Shakib_Arslan_in_Alexandria_-_28_October_1946.jpg,public domain,Unknown authorUnknown author,2640,1656,rejected,other
mena_0444.jpg,mena,People of Alexandria,File:Shoes cleaner 1.jpg,https://commons.wikimedia.org/wiki/File:Shoes_cleaner_1.jpg,cc by-sa 4.0,Wael.kenawey,4711,3141,kept,
mena_0445.jpg,mena,People of Alexandria,File:Standerdstamp987867989.jpg,https://commons.wikimedia.org/wiki/File:Standerdstamp987867989.jpg,cc by-sa 4.0,Islam90,720,960,rejected,other
mena_0446.jpg,mena,People of Alexandria,File:Street life in alexandria.jpg,https://commons.wikimedia.org/wiki/File:Street_life_in_alexandria.jpg,cc by-sa 4.0,Abdelrahman Abdelazeem,4936,3291,kept,
mena_0447.jpg,mena,People of Alexandria,"File:The story of our Christianity; an account of the struggles, persecutions, wars, and victories of Christians of all times (1893) (14597190050).jpg","https://commons.wikimedia.org/wiki/File:The_story_of_our_Christianity;_an_account_of_the_struggles,_persecutions,_wars,_and_victories_of_Christians_of_all_times_(1893)_(14597190050).jpg",no restrictions,Internet Archive Book Images,2008,2480,rejected,other
mena_0448.jpg,mena,People of Alexandria,File:Theodore Cozzika.jpg,https://commons.wikimedia.org/wiki/File:Theodore_Cozzika.jpg,public domain,Unknown authorUnknown author,673,847,rejected,other
mena_0449.jpg,mena,People of Alexandria,File:Three men.jpg,https://commons.wikimedia.org/wiki/File:Three_men.jpg,cc by-sa 4.0,Abdelrahman Abdelazeem,3437,5157,kept,
mena_0450.jpg,mena,People of Alexandria,File:Tomorrow will come.jpg,https://commons.wikimedia.org/wiki/File:Tomorrow_will_come.jpg,cc by-sa 4.0,HananFarouk67,2048,1362,kept,
mena_0451.jpg,mena,People of Alexandria,"File:Uncle Sayed Arafa works as a makogi and tailor in the Kom al-Dikka area in Alexandria, and he is one of the most elegant men I have met in that area.jpg","https://commons.wikimedia.org/wiki/File:Uncle_Sayed_Arafa_works_as_a_makogi_and_tailor_in_the_Kom_al-Dikka_area_in_Alexandria,_and_he_is_one_of_the_most_elegant_men_I_have_met_in_that_area.jpg",cc by-sa 4.0,Rawan.Ashraf19,1889,4198,kept,
mena_0452.jpg,mena,People of Alexandria,File:Walter Arthur Constant.jpg,https://commons.wikimedia.org/wiki/File:Walter_Arthur_Constant.jpg,public domain,Unknown authorUnknown author,681,812,rejected,other
mena_0453.jpg,mena,People of Alexandria,File:We are KAPCI team in Alexandria.jpg,https://commons.wikimedia.org/wiki/File:We_are_KAPCI_team_in_Alexandria.jpg,cc by-sa 4.0,Whelal,1080,810,rejected,other
mena_0454.jpg,mena,People of Alexandria,File:William Mustaki.jpg,https://commons.wikimedia.org/wiki/File:William_Mustaki.jpg,public domain,Unknown authorUnknown author,790,1022,rejected,other
mena_0455.jpg,mena,People of Alexandria,File:חתונת רחל ומכבי מוצרי אלכסנדריה 1936.jpg,https://commons.wikimedia.org/wiki/File:%D7%97%D7%AA%D7%95%D7%A0%D7%AA_%D7%A8%D7%97%D7%9C_%D7%95%D7%9E%D7%9B%D7%91%D7%99_%D7%9E%D7%95%D7%A6%D7%A8%D7%99_%D7%90%D7%9C%D7%9B%D7%A1%D7%A0%D7%93%D7%A8%D7%99%D7%94_1936.jpg,public domain,איל קרן,1029,754,rejected,other
mena_0456.jpg,mena,People of Alexandria,File:اسكندرية بحرى.jpg,https://commons.wikimedia.org/wiki/File:%D8%A7%D8%B3%D9%83%D9%86%D8%AF%D8%B1%D9%8A%D8%A9_%D8%A8%D8%AD%D8%B1%D9%89.jpg,cc by-sa 4.0,Amal Aglan,6016,4016,kept,
mena_0457.jpg,mena,People of Alexandria,File:بحر الاسكندرية.jpg,https://commons.wikimedia.org/wiki/File:%D8%A8%D8%AD%D8%B1_%D8%A7%D9%84%D8%A7%D8%B3%D9%83%D9%86%D8%AF%D8%B1%D9%8A%D8%A9.jpg,cc by-sa 4.0,Aya yasser,4608,3456,kept,
mena_0458.jpg,mena,People of Alexandria,File:صياد الرزق.jpg,https://commons.wikimedia.org/wiki/File:%D8%B5%D9%8A%D8%A7%D8%AF_%D8%A7%D9%84%D8%B1%D8%B2%D9%82.jpg,cc by-sa 4.0,Mohamedusrii,3651,5477,kept,
mena_0459.jpg,mena,People of Alexandria,File:محمد سعيد في الاسكندرية.jpg,https://commons.wikimedia.org/wiki/File:%D9%85%D8%AD%D9%85%D8%AF_%D8%B3%D8%B9%D9%8A%D8%AF_%D9%81%D9%8A_%D8%A7%D9%84%D8%A7%D8%B3%D9%83%D9%86%D8%AF%D8%B1%D9%8A%D8%A9.jpg,cc by-sa 4.0,Mohhmedsaaed,2976,3968,kept,
mena_0460.jpg,mena,People of Aswan,"File:A man and his donkey on the way back from the field in Aswan, Egypt (edited).jpg","https://commons.wikimedia.org/wiki/File:A_man_and_his_donkey_on_the_way_back_from_the_field_in_Aswan,_Egypt_(edited).jpg",cc by-sa 4.0,"Original:  Mohamed Hozyen
Derivative work:  Aristeas",3543,2363,kept,
mena_0461.jpg,mena,People of Aswan,File:Assouan. Jeune Nubienne. 226.jpg,https://commons.wikimedia.org/wiki/File:Assouan._Jeune_Nubienne._226.jpg,public domain,Joseph-Philibert Girault de Prangey,2115,1826,rejected,other
mena_0462.jpg,mena,People of Aswan,File:Assuan 0009.JPG,https://commons.wikimedia.org/wiki/File:Assuan_0009.JPG,cc by-sa 3.0,Hedwig Storch,2931,2228,kept,
mena_0463.jpg,mena,People of Aswan,"File:Aswan, Aswan Governorate, Egypt - panoramio - youssef alam (1).jpg","https://commons.wikimedia.org/wiki/File:Aswan,_Aswan_Governorate,_Egypt_-_panoramio_-_youssef_alam_(1).jpg",cc by 3.0,youssef_alam,4500,3000,kept,
mena_0464.jpg,mena,People of Aswan,"File:Aswan, Aswan Governorate, Egypt - panoramio - youssef alam (2).jpg","https://commons.wikimedia.org/wiki/File:Aswan,_Aswan_Governorate,_Egypt_-_panoramio_-_youssef_alam_(2).jpg",cc by 3.0,youssef_alam,2012,1575,kept,
mena_0465.jpg,mena,People of Aswan,"File:Aswan, Aswan Governorate, Egypt - panoramio - youssef alam.jpg","https://commons.wikimedia.org/wiki/File:Aswan,_Aswan_Governorate,_Egypt_-_panoramio_-_youssef_alam.jpg",cc by 3.0,youssef_alam,2268,1701,kept,
mena_0466.jpg,mena,People of Aswan,"File:Aswan, Egypt - panoramio (1).jpg","https://commons.wikimedia.org/wiki/File:Aswan,_Egypt_-_panoramio_(1).jpg",cc by 3.0,The Erica Chang,2592,1936,rejected,other
mena_0467.jpg,mena,People of Aswan,"File:Aswan, Egypt - panoramio (3).jpg","https://commons.wikimedia.org/wiki/File:Aswan,_Egypt_-_panoramio_(3).jpg",cc by 3.0,The Erica Chang,3648,2736,kept,
mena_0468.jpg,mena,People of Aswan,File:Auf dem Hauptmarkt von Assuan in Ägypten. 6198 origWI.jpg,https://commons.wikimedia.org/wiki/File:Auf_dem_Hauptmarkt_von_Assuan_in_%C3%84gypten._6198_origWI.jpg,cc by-sa 4.0,Kora27,2314,3746,kept,
mena_0469.jpg,mena,People of Aswan,File:Beautiful People of Aswan.jpg,https://commons.wikimedia.org/wiki/File:Beautiful_People_of_Aswan.jpg,cc by-sa 4.0,Nour Okasha,1242,1540,kept,
mena_0470.jpg,mena,People of Aswan,"File:Boatman in Aswan, Egypt.jpg","https://commons.wikimedia.org/wiki/File:Boatman_in_Aswan,_Egypt.jpg",cc by-sa 4.0,Ibrahim El-Mezayen,3184,2123,kept,
mena_0471.jpg,mena,People of Aswan,File:C'est la vie !! - panoramio.jpg,https://commons.wikimedia.org/wiki/File:C%27est_la_vie_!!_-_panoramio.jpg,cc by 3.0,youssef_alam,3264,2448,kept,
mena_0472.jpg,mena,People of Aswan,File:C'est la vie sur le Nil - panoramio - youssef alam (2).jpg,https://commons.wikimedia.org/wiki/File:C%27est_la_vie_sur_le_Nil_-_panoramio_-_youssef_alam_(2).jpg,cc by 3.0,youssef_alam,2835,2126,kept,
mena_0473.jpg,mena,People of Aswan,File:C'est la vie sur le Nil - panoramio - youssef alam (3).jpg,https://commons.wikimedia.org/wiki/File:C%27est_la_vie_sur_le_Nil_-_panoramio_-_youssef_alam_(3).jpg,cc by 3.0,youssef_alam,3264,2448,rejected,other
mena_0474.jpg,mena,People of Aswan,File:C'est la vie sur le Nil - panoramio - youssef alam.jpg,https://commons.wikimedia.org/wiki/File:C%27est_la_vie_sur_le_Nil_-_panoramio_-_youssef_alam.jpg,cc by 3.0,youssef_alam,2835,2126,rejected,other
mena_0475.jpg,mena,People of Aswan,File:Carnaval d'Aswan - panoramio.jpg,https://commons.wikimedia.org/wiki/File:Carnaval_d%27Aswan_-_panoramio.jpg,cc by 3.0,youssef_alam,1417,1063,kept,
mena_0476.jpg,mena,People of Aswan,File:Coloring the old house.jpg,https://commons.wikimedia.org/wiki/File:Coloring_the_old_house.jpg,cc by-sa 4.0,Amro alashrf,4608,3072,kept,
mena_0477.jpg,mena,People of Aswan,File:Commute.jpg,https://commons.wikimedia.org/wiki/File:Commute.jpg,cc by-sa 4.0,Lina Tawfik,5184,3456,kept,
mena_0478.jpg,mena,People of Aswan,"File:Craftsman in Aswan, Egypt.jpg","https://commons.wikimedia.org/wiki/File:Craftsman_in_Aswan,_Egypt.jpg",cc by-sa 4.0,Mrinal Mohit,6410,5162,kept,
mena_0479.jpg,mena,People of Aswan,File:Cross Nile ferry - panoramio.jpg,https://commons.wikimedia.org/wiki/File:Cross_Nile_ferry_-_panoramio.jpg,cc by 3.0,Raki_Man,1600,1200,kept,
mena_0480.jpg,mena,People of Aswan,File:Donkey-drawn cart in Aswan 2019 with a man and three children.jpg,https://commons.wikimedia.org/wiki/File:Donkey-drawn_cart_in_Aswan_2019_with_a_man_and_three_children.jpg,cc by-sa 4.0,Mohamed Hozyen Ahmed,3543,2362,kept,
mena_0481.jpg,mena,People of Aswan,"File:Egipto, En el río Nilo, cerca de la isla Elefantina - panoramio.jpg","https://commons.wikimedia.org/wiki/File:Egipto,_En_el_r%C3%ADo_Nilo,_cerca_de_la_isla_Elefantina_-_panoramio.jpg",cc by-sa 3.0,LANOEL,1294,882,kept,
mena_0482.jpg,mena,People of Aswan,File:Egypt aswan.jpg,https://commons.wikimedia.org/wiki/File:Egypt_aswan.jpg,cc by-sa 4.0,Mustafaelnooby,1396,2100,kept,
mena_0483.jpg,mena,People of Aswan,"File:Egypt, Bisharin Man, Assuan.jpg","https://commons.wikimedia.org/wiki/File:Egypt,_Bisharin_Man,_Assuan.jpg",no restrictions,Brooklyn Museum,2799,2637,kept,
mena_0484.jpg,mena,People of Aswan,File:Egypt-aswan.jpg,https://commons.wikimedia.org/wiki/File:Egypt-aswan.jpg,cc by-sa 4.0,Mustafaelnooby,1396,2100,kept,
mena_0485.jpg,mena,People of Aswan,File:Flickr - schmuela - IMG 6628.jpg,https://commons.wikimedia.org/wiki/File:Flickr_-_schmuela_-_IMG_6628.jpg,cc by-sa 2.0,Karen Green,1600,1200,rejected,other
mena_0486.jpg,mena,People of Aswan,"File:Frauen in Assuan, Ägypten 0907 -1-origWI.jpg","https://commons.wikimedia.org/wiki/File:Frauen_in_Assuan,_%C3%84gypten_0907_-1-origWI.jpg",cc by-sa 4.0,Kora27,3206,2121,rejected,other
mena_0487.jpg,mena,People of Aswan,"File:Girls playing in Aswan, Upper Egypt.jpg","https://commons.wikimedia.org/wiki/File:Girls_playing_in_Aswan,_Upper_Egypt.jpg",cc by-sa 4.0,Husseingallery,5058,3264,kept,
mena_0488.jpg,mena,People of Aswan,File:I'll be there.jpg,https://commons.wikimedia.org/wiki/File:I%27ll_be_there.jpg,cc by-sa 4.0,HananFarouk67,2048,2048,rejected,other
mena_0489.jpg,mena,People of Aswan,File:Images from Aswan No 116..JPG,https://commons.wikimedia.org/wiki/File:Images_from_Aswan_No_116..JPG,cc by-sa 3.0,Badics,3859,2564,kept,
mena_0490.jpg,mena,People of Aswan,File:Images from Wiki Loves Africa 2017 (6) Handmade carpet manufacturer in Aswan.jpg,https://commons.wikimedia.org/wiki/File:Images_from_Wiki_Loves_Africa_2017_(6)_Handmade_carpet_manufacturer_in_Aswan.jpg,cc by-sa 4.0,Khaled basyouny,1991,2693,kept,
mena_0491.jpg,mena,People of Aswan,File:IMG-20190822-WA0063.jpg,https://commons.wikimedia.org/wiki/File:IMG-20190822-WA0063.jpg,cc by-sa 4.0,Nesma morshedi,960,1280,rejected,other
mena_0492.jpg,mena,People of Aswan,File:Junge Frauen auf dem Basar in Assuan...907 -1-orig.jpg,https://commons.wikimedia.org/wiki/File:Junge_Frauen_auf_dem_Basar_in_Assuan...907_-1-orig.jpg,cc by-sa 4.0,Kora27,3382,2198,kept,
mena_0493.jpg,mena,People of Aswan,File:Malaria Outbreak Investigation - Egypt (17104242300).jpg,https://commons.wikimedia.org/wiki/File:Malaria_Outbreak_Investigation_-_Egypt_(17104242300).jpg,cc by 2.0,CDC Global,1114,742,rejected,other
mena_0494.jpg,mena,People of Aswan,"File:Market, People, Aswan, Egypt.jpg","https://commons.wikimedia.org/wiki/File:Market,_People,_Aswan,_Egypt.jpg",cc by 4.0,Vyacheslav Argenberg,3072,2048,rejected,other
mena_0495.jpg,mena,People of Aswan,"File:Market, Shopping street, Aswan, Egypt.jpg","https://commons.wikimedia.org/wiki/File:Market,_Shopping_street,_Aswan,_Egypt.jpg",cc by 4.0,Vyacheslav Argenberg,3072,2048,kept,
mena_0496.jpeg,mena,People of Aswan,File:Musician While Working In Aswan (124041151).jpeg,https://commons.wikimedia.org/wiki/File:Musician_While_Working_In_Aswan_(124041151).jpeg,cc by 3.0,Mohamed El Naggar,1920,1674,kept,
mena_0497.jpg,mena,People of Aswan,File:Noba again.jpg,https://commons.wikimedia.org/wiki/File:Noba_again.jpg,cc by-sa 4.0,HananFarouk67,1536,2048,rejected,other
mena_0498.jpg,mena,People of Aswan,File:Noba.jpg,https://commons.wikimedia.org/wiki/File:Noba.jpg,cc by-sa 4.0,HananFarouk67,1536,2048,rejected,other
mena_0499.jpg,mena,People of Aswan,"File:Nubian boatsman in Aswan, Egypt.jpg","https://commons.wikimedia.org/wiki/File:Nubian_boatsman_in_Aswan,_Egypt.jpg",cc by-sa 4.0,Mrinal Mohit,7602,5091,kept,
mena_0500.jpg,mena,People of Aswan,File:Nubian Flute player عازف الناي.jpg,https://commons.wikimedia.org/wiki/File:Nubian_Flute_player_%D8%B9%D8%A7%D8%B2%D9%81_%D8%A7%D9%84%D9%86%D8%A7%D9%8A.jpg,cc by-sa 4.0,Ahmed Emad H,3632,4847,kept,
